time_s,controller,relative_demand,target_flow_L_min,MAP_mmHg,Pump_flow_L_min,Pump_speed_krpm
0.0,Proposed CNN-Transformer,1.1750631474976552e-38,4.2,80.03543706915056,4.2,8.2
0.5,Proposed CNN-Transformer,2.430686531144583e-38,4.2,79.97183157883751,4.218639803833411,8.199108433097638
1.0,Proposed CNN-Transformer,5.012521954904135e-38,4.2,80.15618516663253,4.215239934169548,8.1969806698207
1.5,Proposed CNN-Transformer,1.0304886343248124e-37,4.2,80.06842335445285,4.259601904486421,8.193517953209914
2.0,Proposed CNN-Transformer,2.111979553307528e-37,4.2,80.2307006137305,4.290663940791299,8.210066271384122
2.5,Proposed CNN-Transformer,4.3151490120458e-37,4.2,80.1998769181001,4.27130331155351,8.228486283998116
3.0,Proposed CNN-Transformer,8.789445358187936e-37,4.2,80.26090188571025,4.2732076766418725,8.245824408717569
3.5,Proposed CNN-Transformer,1.7847883751484113e-36,4.2,80.12081918562076,4.254789080746406,8.278412556120818
4.0,Proposed CNN-Transformer,3.6130300323853646e-36,4.2,80.3645820977267,4.232339707653437,8.295072389656825
4.5,Proposed CNN-Transformer,7.291485213576366e-36,4.2,80.416583356517,4.226462257635696,8.286729911656309
5.0,Proposed CNN-Transformer,1.4669658782553827e-35,4.2,80.46102465139272,4.206243303588279,8.295559930600602
5.5,Proposed CNN-Transformer,2.9422773598041807e-35,4.2,80.48626697668335,4.1953300371279925,8.276372687604914
6.0,Proposed CNN-Transformer,5.883107614922186e-35,4.2,80.45817749997856,4.160581030663852,8.257359238693118
6.5,Proposed CNN-Transformer,1.1727071154673626e-34,4.2,80.27349421475633,4.165706624096868,8.261370667078639
7.0,Proposed CNN-Transformer,2.3304077333497262e-34,4.2,80.17009880417649,4.160059778259565,8.259145726965782
7.5,Proposed CNN-Transformer,4.616723343363617e-34,4.2,80.12508558432583,4.165224963510961,8.27972284333531
8.0,Proposed CNN-Transformer,9.117911502900016e-34,4.2,80.06424174617547,4.159592277730471,8.28114527178115
8.5,Proposed CNN-Transformer,1.7952150482346015e-33,4.2,80.097161389383,4.147924682647446,8.29708793898394
9.0,Proposed CNN-Transformer,3.523685767548875e-33,4.2,80.06887074324013,4.120431786351504,8.308930487229487
9.5,Proposed CNN-Transformer,6.895050470861781e-33,4.2,80.14034500465401,4.154218099324982,8.290855492014954
10.0,Proposed CNN-Transformer,1.3450465400052846e-32,4.2,80.17716337323161,4.150614871864157,8.263181425985227
10.5,Proposed CNN-Transformer,2.6157531603528343e-32,4.2,79.9954824121046,4.178613007863055,8.250438440862405
11.0,Proposed CNN-Transformer,5.071258991223678e-32,4.2,79.83659404588747,4.170394144947047,8.271266757159713
11.5,Proposed CNN-Transformer,9.801542054526966e-32,4.2,79.95141822748376,4.188147315104269,8.27465071846286
12.0,Proposed CNN-Transformer,1.8885679252166216e-31,4.2,79.78629970668159,4.2104672493574515,8.248276579137674
12.5,Proposed CNN-Transformer,3.627691908311167e-31,4.2,79.70884866253394,4.2266220233732135,8.264882092710403
13.0,Proposed CNN-Transformer,6.9468475457927755e-31,4.2,79.53570464022395,4.228837373571363,8.25071906727341
13.5,Proposed CNN-Transformer,1.326186872627722e-30,4.2,79.64651709245658,4.248650961729606,8.254313046668337
14.0,Proposed CNN-Transformer,2.5239530168261687e-30,4.2,79.80972206622391,4.257658886913941,8.225826147128968
14.5,Proposed CNN-Transformer,4.78869737991787e-30,4.2,79.84761309385499,4.232015368017856,8.21652083900699
15.0,Proposed CNN-Transformer,9.057599306310713e-30,4.2,79.8014406156021,4.2508900385065616,8.201028491311568
15.5,Proposed CNN-Transformer,1.7079234467860292e-29,4.2,79.68211985095643,4.244038577011189,8.188088155976425
16.0,Proposed CNN-Transformer,3.210578418169003e-29,4.2,79.7526223607843,4.204942654314002,8.184578974914539
16.5,Proposed CNN-Transformer,6.016691558435325e-29,4.2,79.82298080052873,4.208205157153803,8.180893294392778
17.0,Proposed CNN-Transformer,1.1240659681163615e-28,4.2,79.98336422271858,4.210585811550652,8.179259168452475
17.5,Proposed CNN-Transformer,2.093560113651594e-28,4.2,79.96207083388141,4.183877098787384,8.158623716022328
18.0,Proposed CNN-Transformer,3.887215847662516e-28,4.2,79.79843678764774,4.196177141743521,8.151615148678857
18.5,Proposed CNN-Transformer,7.195342356220017e-28,4.2,79.93771030275171,4.1898704934124495,8.161597145398726
19.0,Proposed CNN-Transformer,1.3277730624197738e-27,4.2,79.89682784179766,4.166925480783212,8.150403595837384
19.5,Proposed CNN-Transformer,2.4426195535774756e-27,4.2,80.01274229895986,4.1482236490582896,8.137439225000403
20.0,Proposed CNN-Transformer,4.479684108455565e-27,4.2,80.04809512729058,4.156980818472033,8.154721583345303
20.5,Proposed CNN-Transformer,8.190275977336858e-27,4.2,80.16271370873876,4.162217002826004,8.142454114699493
21.0,Proposed CNN-Transformer,1.4928262616195027e-26,4.2,80.15845725397918,4.178304729954767,8.126369518362527
21.5,Proposed CNN-Transformer,2.7125614293287284e-26,4.2,80.20566721819064,4.184527962646404,8.149119479299387
22.0,Proposed CNN-Transformer,4.913709560409186e-26,4.2,80.10576309170362,4.2074450411394295,8.166730109444664
22.5,Proposed CNN-Transformer,8.873582023108572e-26,4.2,80.40851118087488,4.240615534734773,8.15564173548944
23.0,Proposed CNN-Transformer,1.5975263801376018e-25,4.2,80.4368987717957,4.276565875453898,8.154717907902905
23.5,Proposed CNN-Transformer,2.86719145556399e-25,4.2,80.44059169604216,4.247533603696852,8.165023168639266
24.0,Proposed CNN-Transformer,5.130089406446606e-25,4.2,80.04156515247671,4.236677517136772,8.141731722545064
24.5,Proposed CNN-Transformer,9.150667165501178e-25,4.2,80.15914221522914,4.254724867830693,8.13049226984605
25.0,Proposed CNN-Transformer,1.6271971288669636e-24,4.2,80.09200607429352,4.269212869545985,8.129941788598046
25.5,Proposed CNN-Transformer,2.8846103957668404e-24,4.2,80.10420770155254,4.2647408583243145,8.14027434515197
26.0,Proposed CNN-Transformer,5.0979285496671616e-24,4.2,80.17413981654566,4.225229365085031,8.13793667015603
26.5,Proposed CNN-Transformer,8.981728213427777e-24,4.2,80.28760283943046,4.205089453807012,8.108174694025436
27.0,Proposed CNN-Transformer,1.5775591758050424e-23,4.2,80.25591853997948,4.17266858845364,8.110582615252275
27.5,Proposed CNN-Transformer,2.762300956524203e-23,4.2,80.34598636643729,4.160861599931064,8.12114754508558
28.0,Proposed CNN-Transformer,4.8218746199097946e-23,4.2,80.54323561837394,4.173287436130461,8.138605688480327
28.5,Proposed CNN-Transformer,8.391129394700477e-23,4.2,80.58860325368781,4.17659638587089,8.125209162810249
29.0,Proposed CNN-Transformer,1.4557423203843056e-22,4.2,80.61990919411278,4.184689218298589,8.139435304904858
29.5,Proposed CNN-Transformer,2.517724361833868e-22,4.2,80.6492887147327,4.15172656567082,8.166282098135053
30.0,Proposed CNN-Transformer,1.0,5.2,78.46198383853238,5.057776438328417,8.285396344950337
30.5,Proposed CNN-Transformer,1.0,5.2,78.792788406663,5.068643389459827,8.390240098901378
31.0,Proposed CNN-Transformer,1.0,5.2,79.1032491705747,5.088551326151847,8.475142115577416
31.5,Proposed CNN-Transformer,1.0,5.2,79.18611602036437,5.084360858498612,8.573397614673622
32.0,Proposed CNN-Transformer,1.0,5.2,79.4607784334121,5.098722523151187,8.665027704211234
32.5,Proposed CNN-Transformer,1.0,5.2,79.65212269993802,5.104663137795102,8.710166282411707
33.0,Proposed CNN-Transformer,1.0,5.2,79.57992353107173,5.150257962439122,8.776844390979235
33.5,Proposed CNN-Transformer,1.0,5.2,79.83283227669828,5.127112669490811,8.842142265642648
34.0,Proposed CNN-Transformer,1.0,5.2,79.80075454555089,5.150460563598986,8.896285578103127
34.5,Proposed CNN-Transformer,1.0,5.2,80.08239535851673,5.155936967891366,8.936413774444857
35.0,Proposed CNN-Transformer,1.0,5.2,80.26418884500035,5.17753307248437,8.994302618116835
35.5,Proposed CNN-Transformer,1.0,5.2,80.44153751935778,5.153799551268869,9.048690039308154
36.0,Proposed CNN-Transformer,1.0,5.2,80.60054347357011,5.167508127422329,9.084236904313604
36.5,Proposed CNN-Transformer,1.0,5.2,80.67104901280402,5.191789180144074,9.114206450279413
37.0,Proposed CNN-Transformer,1.0,5.2,80.57759983858315,5.185837900590151,9.138647940257988
37.5,Proposed CNN-Transformer,1.0,5.2,80.57946957951366,5.158283247062421,9.174583655216441
38.0,Proposed CNN-Transformer,1.0,5.2,80.43076045958986,5.192804809502016,9.183649338320711
38.5,Proposed CNN-Transformer,1.0,5.2,80.41825121045021,5.1940128841648985,9.209819645982835
39.0,Proposed CNN-Transformer,1.0,5.2,80.342188794398,5.183278114924188,9.240148008008015
39.5,Proposed CNN-Transformer,1.0,5.2,80.31620126490427,5.176744360929583,9.276206614626526
40.0,Proposed CNN-Transformer,1.0,5.2,80.29824577804806,5.163282856545223,9.305127187577746
40.5,Proposed CNN-Transformer,1.0,5.2,80.22427069921628,5.140542318519508,9.308945039683994
41.0,Proposed CNN-Transformer,1.0,5.2,80.35924083917229,5.1570686379789885,9.308391456505063
41.5,Proposed CNN-Transformer,1.0,5.2,80.30430720541828,5.157370664693426,9.318675141267905
42.0,Proposed CNN-Transformer,1.0,5.2,80.04869518643306,5.1386204012268815,9.297313363836745
42.5,Proposed CNN-Transformer,1.0000000000000002,5.2,80.10969377020295,5.125530361735825,9.311701112001163
43.0,Proposed CNN-Transformer,1.0000000000000002,5.2,80.04065041473142,5.1506332834515405,9.323566850503578
43.5,Proposed CNN-Transformer,1.0000000000000002,5.2,80.18969782833662,5.1735851145229255,9.316965025333307
44.0,Proposed CNN-Transformer,1.0000000000000004,5.2,80.29154770500618,5.1836742225112316,9.306285810603626
44.5,Proposed CNN-Transformer,1.0000000000000009,5.2,80.15583018653741,5.172754888291633,9.346965040457128
45.0,Proposed CNN-Transformer,1.0000000000000013,5.2,79.93134546241298,5.189603865550785,9.354637169805454
45.5,Proposed CNN-Transformer,1.000000000000002,5.2,79.7937764958625,5.192957610511607,9.366918381352201
46.0,Proposed CNN-Transformer,1.000000000000003,5.2,79.85672392489748,5.2188431063810095,9.361642787606673
46.5,Proposed CNN-Transformer,1.0000000000000049,5.2,79.66800767975562,5.210038439157158,9.350007136933687
47.0,Proposed CNN-Transformer,1.0000000000000075,5.2,79.81276892238412,5.218890784013736,9.35282294157811
47.5,Proposed CNN-Transformer,1.0000000000000118,5.2,79.74271844952156,5.22770319092913,9.354054654148719
48.0,Proposed CNN-Transformer,1.0000000000000182,5.2,79.85559364204899,5.22183469092833,9.348117539292893
48.5,Proposed CNN-Transformer,1.0000000000000282,5.2,79.9783120681605,5.2216073427183884,9.348715831583233
49.0,Proposed CNN-Transformer,1.000000000000043,5.2,79.9206716953903,5.21242110417105,9.33811965700221
49.5,Proposed CNN-Transformer,1.000000000000066,5.2,79.67693964073834,5.173801268923768,9.31889703468919
50.0,Proposed CNN-Transformer,1.0000000000001004,5.2,79.55859829784502,5.167790644621971,9.30321634214478
50.5,Proposed CNN-Transformer,1.0000000000001525,5.2,79.73128947699493,5.169823216576276,9.307902630267897
51.0,Proposed CNN-Transformer,1.0000000000002311,5.2,79.76602924262122,5.149275324115887,9.278887622342292
51.5,Proposed CNN-Transformer,1.0000000000003488,5.2,79.96159032738258,5.173548217758893,9.289053180835678
52.0,Proposed CNN-Transformer,1.0000000000005251,5.2,79.90278070301756,5.1609139935668225,9.301314869703777
52.5,Proposed CNN-Transformer,1.000000000000788,5.2,79.95540623414266,5.1835148289971835,9.32111808295549
53.0,Proposed CNN-Transformer,1.0000000000011788,5.2,79.96928881492623,5.191628780639294,9.296889719973503
53.5,Proposed CNN-Transformer,1.000000000001758,5.2,79.93204552840307,5.180350115789434,9.28558189650064
54.0,Proposed CNN-Transformer,1.0000000000026137,5.2,79.87055549404074,5.187794625160451,9.287994666389654
54.5,Proposed CNN-Transformer,1.000000000003874,5.2,79.99246076454283,5.174210424222311,9.302408767836368
55.0,Proposed CNN-Transformer,1.0000000000057243,5.2,80.1226057727004,5.195143448393714,9.292785372173938
55.5,Proposed CNN-Transformer,1.0000000000084324,5.2,80.11528683595058,5.211920238705845,9.28449440805636
56.0,Proposed CNN-Transformer,1.000000000012383,5.2,80.38670766732923,5.213642761075625,9.282084494455061
56.5,Proposed CNN-Transformer,1.0000000000181288,5.2,80.40423012571574,5.217424378719096,9.285240035270935
57.0,Proposed CNN-Transformer,1.0000000000264588,5.2,80.29189401006904,5.218279964806181,9.292510727289924
57.5,Proposed CNN-Transformer,1.0000000000384974,5.2,80.2744931252623,5.20329207845806,9.28346190273905
58.0,Proposed CNN-Transformer,1.0000000000558409,5.2,80.2151678211208,5.216892599873988,9.294216395364607
58.5,Proposed CNN-Transformer,1.0000000000807479,5.2,80.2169926722747,5.228656896685225,9.289160998781757
59.0,Proposed CNN-Transformer,1.0000000001164047,5.2,80.13344942013612,5.195740359913307,9.297251924308906
59.5,Proposed CNN-Transformer,1.0000000001672897,5.2,80.14413697643343,5.173929652813994,9.308915239189815
60.0,Proposed CNN-Transformer,1.0000000002396776,5.2,80.17539661075986,5.151357655824688,9.316297817416897
60.5,Proposed CNN-Transformer,1.0000000003423304,5.2,80.26723511635836,5.165242286791739,9.297345311956859
61.0,Proposed CNN-Transformer,1.0000000004874419,5.2,80.04667858694519,5.16016895220239,9.310582939970097
61.5,Proposed CNN-Transformer,1.0000000006919265,5.2,79.99755257209833,5.1413030031947695,9.328736033383294
62.0,Proposed CNN-Transformer,1.0000000009791667,5.2,80.0495515129184,5.146342889522404,9.35484021339487
62.5,Proposed CNN-Transformer,1.0000000013813795,5.2,80.03932224436856,5.127755750936766,9.356544678935016
63.0,Proposed CNN-Transformer,1.0000000019428035,5.2,80.15745551211273,5.132875982848597,9.362082366207732
63.5,Proposed CNN-Transformer,1.0000000027239824,5.2,79.96864397110447,5.122673786875067,9.376306301468377
64.0,Proposed CNN-Transformer,1.000000003807495,5.2,79.93482234208608,5.116373384591042,9.388351093079907
64.5,Proposed CNN-Transformer,1.0000000053055933,5.2,79.94172105304595,5.118944722469107,9.401303945283427
65.0,Proposed CNN-Transformer,1.0000000073703508,5.2,80.00707356111029,5.1125070028650015,9.39020637422425
65.5,Proposed CNN-Transformer,1.00000001020709,5.2,80.00957069130993,5.124279340979769,9.37630502907226
66.0,Proposed CNN-Transformer,1.0000000140920873,5.2,79.93505817605686,5.127757846049303,9.368921549242216
66.5,Proposed CNN-Transformer,1.000000019395826,5.2,79.83967036207822,5.184470041191599,9.36115182373566
67.0,Proposed CNN-Transformer,1.0000000266134286,5.2,79.83042161923777,5.212961844609532,9.362885290489317
67.5,Proposed CNN-Transformer,1.0000000364043227,5.2,79.68727622643192,5.219041420942182,9.380415936515654
68.0,Proposed CNN-Transformer,1.0000000496437604,5.2,79.75428758888607,5.21841543576044,9.39346936407233
68.5,Proposed CNN-Transformer,1.0000000674894627,5.2,79.62694082871752,5.206143161417504,9.415786685566523
69.0,Proposed CNN-Transformer,1.0000000914675096,5.2,79.52474211053755,5.217837268760911,9.413430691001876
69.5,Proposed CNN-Transformer,1.0000001235825986,5.2,79.67097820451424,5.20785466835676,9.419239760615834
70.0,Proposed CNN-Transformer,1.0000001664590368,5.2,79.74721554330503,5.190743558899304,9.417835602046832
70.5,Proposed CNN-Transformer,1.000000223520323,5.2,79.96353247668686,5.188256154121185,9.40839952973061
71.0,Proposed CNN-Transformer,1.0000002992169832,5.2,80.05447484520901,5.136241513531339,9.447782417290698
71.5,Proposed CNN-Transformer,1.0000003993144706,5.2,80.14405160981767,5.148264347588823,9.453413601322797
72.0,Proposed CNN-Transformer,1.000000531255504,5.2,80.11524706382913,5.151198094763172,9.460067909137756
72.5,Proposed CNN-Transformer,1.0000007046142487,5.2,80.21131939438766,5.155330709416476,9.45552729448203
73.0,Proposed CNN-Transformer,1.000000931663293,5.2,80.03675724875316,5.176023247262471,9.45658229866391
73.5,Proposed CNN-Transformer,1.0000012280785147,5.2,80.11128198292677,5.1824385721305,9.42878849516782
74.0,Proposed CNN-Transformer,1.0000016138117267,5.2,80.09314744848257,5.193000433820663,9.431733901927384
74.5,Proposed CNN-Transformer,1.000002114166492,5.2,80.2332898392599,5.186092407231329,9.424671919195525
75.0,Proposed CNN-Transformer,1.0000027611187725,5.2,79.98488359799386,5.173398675124463,9.406109695353912
75.5,Proposed CNN-Transformer,1.0000035949311479,5.2,80.0947062579714,5.196100116175599,9.392548448211985
76.0,Proposed CNN-Transformer,1.0000046661172783,5.2,80.12143109956703,5.2298332567865495,9.378109808633253
76.5,Proposed CNN-Transformer,1.000006037822039,5.2,80.19678912040413,5.249971911360502,9.386598676235074
77.0,Proposed CNN-Transformer,1.0000077886923797,5.2,80.27212479121211,5.24789248241294,9.372067625532843
77.5,Proposed CNN-Transformer,1.0000100163243482,5.2,80.31724339086917,5.273955701320767,9.37262163815525
78.0,Proposed CNN-Transformer,1.0000128413827973,5.2,80.29668042482719,5.239627145144364,9.360238125893252
78.5,Proposed CNN-Transformer,1.000016412501932,5.2,80.28581170619314,5.231502077781067,9.363931506835186
79.0,Proposed CNN-Transformer,1.0000209120868073,5.2,80.45301921291572,5.245657842005947,9.353777460815822
79.5,Proposed CNN-Transformer,1.000026563147924,5.2,80.13129258373363,5.241924223233238,9.332814499122762
80.0,Proposed CNN-Transformer,1.00003363731277,5.2,80.0452156181386,5.226567775504146,9.327549711851168
80.5,Proposed CNN-Transformer,1.0000424641691403,5.2,79.98821580575138,5.245121623847073,9.335122047065408
81.0,Proposed CNN-Transformer,1.0000534421047045,5.2,79.94648416546586,5.233923946681821,9.3304009011784
81.5,Proposed CNN-Transformer,1.000067050814999,5.2,79.66936900972438,5.218064282490486,9.334054166529144
82.0,Proposed CNN-Transformer,1.0000838656569757,5.2,79.4842587602818,5.243210503291286,9.329668028967381
82.5,Proposed CNN-Transformer,1.000104574026606,5.2,79.49446367473479,5.211377047293932,9.31822774996256
83.0,Proposed CNN-Transformer,1.000129993935814,5.2,79.51344912526176,5.179021271119726,9.33070575272581
83.5,Proposed CNN-Transformer,1.000161094955142,5.2,79.83011510119701,5.183585648087115,9.318050943262895
84.0,Proposed CNN-Transformer,1.000199021672874,5.2,79.59176941829811,5.198868514403086,9.298267130650125
84.5,Proposed CNN-Transformer,1.000245119797651,5.2,79.61176923319233,5.17415044650394,9.276028712986935
85.0,Proposed CNN-Transformer,1.0003009649987071,5.2,79.6065649766293,5.157040139553034,9.301783815850209
85.5,Proposed CNN-Transformer,1.0003683945344832,5.2,79.61697423170826,5.125017334963975,9.289655625253758
86.0,Proposed CNN-Transformer,1.000449541665462,5.2,79.58437910361104,5.149830110200862,9.296851606766952
86.5,Proposed CNN-Transformer,1.0005468727795457,5.2,79.54287875034032,5.166368678986572,9.278784332635215
87.0,Proposed CNN-Transformer,1.0006632270774112,5.2,79.68841985170693,5.146999065492548,9.270956042857438
87.5,Proposed CNN-Transformer,1.000801858570437,5.2,79.79287967887409,5.152148197316131,9.309839632102761
88.0,Proposed CNN-Transformer,1.000966480034868,5.2,79.52597977013042,5.187474972605375,9.287267596625663
88.5,Proposed CNN-Transformer,1.0011613084430833,5.2,79.31585141855061,5.219536196588506,9.2983702126963
89.0,Proposed CNN-Transformer,1.0013911112569485,5.2,79.313404852878,5.2306537571325,9.297736108725234
89.5,Proposed CNN-Transformer,1.0016612528206854,5.2,79.34692228092068,5.235695575571277,9.290976973672675
90.0,Proposed CNN-Transformer,0.3519777399334825,4.65,80.78952883617882,4.765846324161561,9.229853156379445
90.5,Proposed CNN-Transformer,0.35234726551810247,4.65,80.78906950402401,4.783751369030689,9.160188689800204
91.0,Proposed CNN-Transformer,0.35277724913456054,4.65,80.63342395693849,4.799322800000691,9.11916921772489
91.5,Proposed CNN-Transformer,0.35327587292204,4.65,80.57028223233434,4.778655674942515,9.076887691640952
92.0,Proposed CNN-Transformer,0.35385211139279715,4.65,80.56369223734993,4.780663747297237,9.038571412178165
92.5,Proposed CNN-Transformer,0.3545157533549453,4.65,80.62667851174261,4.756476936740834,8.990444909525209
93.0,Proposed CNN-Transformer,0.35527741411341773,4.65,80.38835908614311,4.731586966549881,8.972268616219443
93.5,Proposed CNN-Transformer,0.3561485359974309,4.65,80.24826377168027,4.710648252161051,8.95194094356511
94.0,Proposed CNN-Transformer,0.3571413751961376,4.65,80.1493562283056,4.6902860905908375,8.920397205521231
94.5,Proposed CNN-Transformer,0.35826897285984916,4.65,79.99491153319919,4.679027133214078,8.87388411000728
95.0,Proposed CNN-Transformer,0.35954510845013393,4.65,79.98606006409216,4.657199169149978,8.836306650385882
95.5,Proposed CNN-Transformer,0.36098423340585184,4.65,79.9643990142142,4.668001431758955,8.839739007049358
96.0,Proposed CNN-Transformer,0.36260138334068837,4.65,79.87746170023472,4.654572471927473,8.827964614170067
96.5,Proposed CNN-Transformer,0.3644120672068869,4.65,79.94176896367283,4.657131249186184,8.818167898820075
97.0,Proposed CNN-Transformer,0.3664321321541326,4.65,80.05625649469856,4.613096735136427,8.81138680926561
97.5,Proposed CNN-Transformer,0.36867760318460613,4.65,80.08982866724216,4.61900254305389,8.799114225154476
98.0,Proposed CNN-Transformer,0.3711644971556325,4.65,80.08974834582517,4.645890661563642,8.788855620259165
98.5,Proposed CNN-Transformer,0.3739086112081346,4.65,80.05554969101574,4.640217617480981,8.802391279919895
99.0,Proposed CNN-Transformer,0.376925286297508,4.65,79.99633141295821,4.640218245525541,8.810316995152236
99.5,Proposed CNN-Transformer,0.380229147165786,4.65,80.13889416715931,4.660765208567395,8.78628262732301
100.0,Proposed CNN-Transformer,0.3838338208091532,4.65,80.01700351402071,4.653501797432123,8.776927268115008
100.5,Proposed CNN-Transformer,0.38775163624887726,4.65,80.09549460806198,4.701104442021711,8.787005410458061
101.0,Proposed CNN-Transformer,0.39199330918938335,4.65,79.94709228011143,4.682108437692422,8.788252073471234
101.5,Proposed CNN-Transformer,0.39656761592442524,4.65,79.93665260252347,4.694536116920337,8.77751513543694
102.0,Proposed CNN-Transformer,0.4014810616085497,4.65,79.60547831959697,4.7089662166256545,8.766214374759338
102.5,Proposed CNN-Transformer,0.4067375487217398,4.65,79.52905544693857,4.724858431582284,8.77337422649248
103.0,Proposed CNN-Transformer,0.412338052194324,4.65,79.51576923762904,4.695416066239596,8.798390793623762
103.5,Proposed CNN-Transformer,0.4182803082004446,4.65,79.36646879732899,4.702457220799735,8.784610552081421
104.0,Proposed CNN-Transformer,0.4245585240453554,4.65,79.47997271388735,4.684683108186237,8.800966406216117
104.5,Proposed CNN-Transformer,0.4311631168395874,4.65,79.68787976762856,4.653644077736861,8.781074242044369
105.0,Proposed CNN-Transformer,0.43808048874887423,4.65,79.97437289244868,4.626861408135233,8.77031598399721
105.5,Proposed CNN-Transformer,0.4452928465132481,4.65,80.06865499588807,4.582727163982181,8.751976079171301
106.0,Proposed CNN-Transformer,0.4527780726267968,4.65,80.03690637827948,4.599891716203629,8.773668012742798
106.5,Proposed CNN-Transformer,0.4605096550513309,4.65,80.00826481989765,4.622061914403937,8.775284437364029
107.0,Proposed CNN-Transformer,0.46845668159884096,4.65,80.10674318188875,4.6071947072411765,8.780346613093275
107.5,Proposed CNN-Transformer,0.4765839041620251,4.65,80.13083139050843,4.617644486599612,8.77113849699003
108.0,Proposed CNN-Transformer,0.4848518768094066,4.65,80.14480732255824,4.634956774238072,8.785495434229365
108.5,Proposed CNN-Transformer,0.4932171704091233,4.65,79.96054767137073,4.6270755289438235,8.76615706549503
109.0,Proposed CNN-Transformer,0.5016326649281584,4.65,79.93265828393457,4.646594082757878,8.776591164363673
109.5,Proposed CNN-Transformer,0.5100479189034482,4.65,79.8259532376014,4.6658468489188145,8.787408787270044
110.0,Proposed CNN-Transformer,0.5184096138361817,4.65,79.98264716308334,4.657022253618589,8.78993642462515
110.5,Proposed CNN-Transformer,0.5266620694644291,4.65,79.9010997250716,4.648535563571214,8.774589237366776
111.0,Proposed CNN-Transformer,0.5347478240700771,4.65,79.9551929183311,4.669802364899587,8.745923455249061
111.5,Proposed CNN-Transformer,0.542608272224844,4.65,79.9982499125477,4.6796145978875945,8.75482680599058
112.0,Proposed CNN-Transformer,0.550184350729202,4.65,80.19502633128508,4.690464446754502,8.751490876246228
112.5,Proposed CNN-Transformer,0.5574172619991782,4.65,80.17605258120275,4.666809576890915,8.77740481856238
113.0,Proposed CNN-Transformer,0.5642492228588197,4.65,80.3810339560516,4.698586519719626,8.777648633540716
113.5,Proposed CNN-Transformer,0.5706242256461489,4.65,80.26840171065548,4.714120708018468,8.774537413108
114.0,Proposed CNN-Transformer,0.5764887977773774,4.65,80.1854234705869,4.7158824877639125,8.782239933560096
114.5,Proposed CNN-Transformer,0.5817927454703087,4.65,80.00308380322396,4.7075722687383745,8.791165361800212
115.0,Proposed CNN-Transformer,0.5864898672266914,4.65,80.00674323988947,4.687883710581086,8.787855110761424
115.5,Proposed CNN-Transformer,0.5905386229283645,4.65,79.90408149015293,4.6625077027978215,8.779758158737545
116.0,Proposed CNN-Transformer,0.5939027450162114,4.65,79.97193886691959,4.643539744258152,8.760010793987341
116.5,Proposed CNN-Transformer,0.596551779185979,4.65,79.92073791102705,4.661608829908314,8.755012074392928
117.0,Proposed CNN-Transformer,0.5984615433316103,4.65,79.69898225707114,4.644590336890396,8.783067673412278
117.5,Proposed CNN-Transformer,0.5996144950648824,4.65,79.6938266551801,4.6052685579497865,8.783640210158685
118.0,Proposed CNN-Transformer,0.6,4.65,79.70889613098956,4.601870907162126,8.785130334908203
118.5,Proposed CNN-Transformer,0.5996144950648824,4.65,79.55217835943677,4.622660983106507,8.768797575139004
119.0,Proposed CNN-Transformer,0.5984615433316103,4.65,79.66075154153296,4.600785332201788,8.753641211666384
119.5,Proposed CNN-Transformer,0.596551779185979,4.65,79.42541498101642,4.629861040223173,8.760970609891496
120.0,Proposed CNN-Transformer,0.5939027450162114,4.65,79.61017870354908,4.619977463258616,8.76062440939303
120.5,Proposed CNN-Transformer,0.5905386229283645,4.65,79.74561229532422,4.618761779300367,8.774075788149743
121.0,Proposed CNN-Transformer,0.5864898672266914,4.65,79.8749454243147,4.611331913651718,8.768201628286757
121.5,Proposed CNN-Transformer,0.5817927454703087,4.65,79.76203544068663,4.633141393639705,8.787387177705462
122.0,Proposed CNN-Transformer,0.5764887977773774,4.65,79.86501410591976,4.661113853242874,8.797867995880146
122.5,Proposed CNN-Transformer,0.5706242256461489,4.65,79.83211309809845,4.65688305371232,8.780200509688449
123.0,Proposed CNN-Transformer,0.5642492228588197,4.65,79.68723762418139,4.647949360052875,8.767011190757643
123.5,Proposed CNN-Transformer,0.5574172619991782,4.65,79.6164234335379,4.6469060394324355,8.781135339334478
124.0,Proposed CNN-Transformer,0.550184350729202,4.65,79.80212505123735,4.672891304262651,8.775403238262783
124.5,Proposed CNN-Transformer,0.542608272224844,4.65,79.69111362398515,4.691542392748931,8.783652657315393
125.0,Proposed CNN-Transformer,0.5347478240700771,4.65,79.69833099752864,4.687446099419117,8.796462943094395
125.5,Proposed CNN-Transformer,0.5266620694644291,4.65,79.82109096998173,4.6653197867153375,8.803023336019773
126.0,Proposed CNN-Transformer,0.5184096138361817,4.65,80.00545417584593,4.660548875523195,8.802785483924739
126.5,Proposed CNN-Transformer,0.5100479189034482,4.65,80.1155064267872,4.64197289387197,8.820819548236495
127.0,Proposed CNN-Transformer,0.5016326649281584,4.65,80.33953640107755,4.626968940230621,8.817334711506632
127.5,Proposed CNN-Transformer,0.4932171704091233,4.65,80.31532910233446,4.623239462668233,8.824066601450177
128.0,Proposed CNN-Transformer,0.4848518768094066,4.65,80.36268690583385,4.610462650440523,8.823040700994525
128.5,Proposed CNN-Transformer,0.4765839041620251,4.65,80.38315279137774,4.608495255473799,8.821509211234096
129.0,Proposed CNN-Transformer,0.46845668159884096,4.65,80.40602491425248,4.607243340536736,8.81503681361903
129.5,Proposed CNN-Transformer,0.4605096550513309,4.65,80.60904745920278,4.648872679103213,8.834969537805476
130.0,Proposed CNN-Transformer,0.4527780726267968,4.65,80.51022510965615,4.654894092454806,8.835025313860909
130.5,Proposed CNN-Transformer,0.4452928465132481,4.65,80.4187205262478,4.662845699662857,8.854192885209585
131.0,Proposed CNN-Transformer,0.43808048874887423,4.65,80.50957514171235,4.708240719576871,8.836140989365187
131.5,Proposed CNN-Transformer,0.4311631168395874,4.65,80.52831102370627,4.754218056210294,8.830318491039007
132.0,Proposed CNN-Transformer,0.4245585240453554,4.65,80.56413503482764,4.7303201874530645,8.833395193108634
132.5,Proposed CNN-Transformer,0.4182803082004446,4.65,80.66934639180715,4.739206400970817,8.821741578139502
133.0,Proposed CNN-Transformer,0.412338052194324,4.65,80.52556758903826,4.739711505323774,8.845953586587084
133.5,Proposed CNN-Transformer,0.4067375487217398,4.65,80.43460571123755,4.731885201264218,8.831938876024564
134.0,Proposed CNN-Transformer,0.4014810616085497,4.65,80.48579801576281,4.731518610704869,8.817132139923224
134.5,Proposed CNN-Transformer,0.39656761592442524,4.65,80.44149848462952,4.766109752899573,8.785918559550765
135.0,Proposed CNN-Transformer,0.39199330918938335,4.65,80.30153747529842,4.730831717970408,8.7900051722973
135.5,Proposed CNN-Transformer,0.38775163624887726,4.65,80.1601576512899,4.736248873547699,8.787991627005312
136.0,Proposed CNN-Transformer,0.3838338208091532,4.65,79.94317728802093,4.729287177821704,8.79107019204208
136.5,Proposed CNN-Transformer,0.380229147165786,4.65,79.8464931503851,4.721225306529946,8.777796435079555
137.0,Proposed CNN-Transformer,0.376925286297508,4.65,80.01302073029694,4.710481157908096,8.78818785011786
137.5,Proposed CNN-Transformer,0.3739086112081346,4.65,79.76857184301907,4.692061497722364,8.78341382328392
138.0,Proposed CNN-Transformer,0.3711644971556325,4.65,79.54346639777631,4.66555673079826,8.765849080592467
138.5,Proposed CNN-Transformer,0.36867760318460613,4.65,79.57412004168772,4.675586266173576,8.764442029522343
139.0,Proposed CNN-Transformer,0.3664321321541326,4.65,79.65739563220116,4.627318261128896,8.759480995447747
139.5,Proposed CNN-Transformer,0.3644120672068869,4.65,79.73113932358528,4.6357429256236955,8.74873832283537
140.0,Proposed CNN-Transformer,0.36260138334068837,4.65,79.75073332377991,4.612965986772066,8.729615694701492
0.0,MLP Actor-Critic,1.1750631474976552e-38,4.2,80.06133338891405,4.2,8.2
0.5,MLP Actor-Critic,2.430686531144583e-38,4.2,80.28430659695837,4.22612147938102,8.190175722104138
1.0,MLP Actor-Critic,5.012521954904135e-38,4.2,80.30493616060065,4.237201495653415,8.209903946558713
1.5,MLP Actor-Critic,1.0304886343248124e-37,4.2,80.31361122289601,4.233620376564591,8.239580341789825
2.0,MLP Actor-Critic,2.111979553307528e-37,4.2,80.30722122604877,4.247944545657145,8.242922687464802
2.5,MLP Actor-Critic,4.3151490120458e-37,4.2,80.3874791096545,4.251032827787603,8.2530593116298
3.0,MLP Actor-Critic,8.789445358187936e-37,4.2,80.6842594059756,4.244776029518496,8.256500910851404
3.5,MLP Actor-Critic,1.7847883751484113e-36,4.2,80.69269544603405,4.2239538025472285,8.253882347372304
4.0,MLP Actor-Critic,3.6130300323853646e-36,4.2,80.42910726242097,4.206393463497718,8.260273324961888
4.5,MLP Actor-Critic,7.291485213576366e-36,4.2,80.35839949600917,4.212694788044211,8.249367214243216
5.0,MLP Actor-Critic,1.4669658782553827e-35,4.2,79.85019578735978,4.205072883954687,8.24199252581781
5.5,MLP Actor-Critic,2.9422773598041807e-35,4.2,80.10614205153439,4.220300838235132,8.265800517542486
6.0,MLP Actor-Critic,5.883107614922186e-35,4.2,80.08532849385202,4.213496572999667,8.263518165898393
6.5,MLP Actor-Critic,1.1727071154673626e-34,4.2,80.11489994777064,4.175072585816476,8.26660398297284
7.0,MLP Actor-Critic,2.3304077333497262e-34,4.2,80.26922725406429,4.226123261581181,8.267852529116945
7.5,MLP Actor-Critic,4.616723343363617e-34,4.2,80.50622698350524,4.195122175485624,8.26915068924061
8.0,MLP Actor-Critic,9.117911502900016e-34,4.2,80.67286817544904,4.136808677234913,8.253399774498108
8.5,MLP Actor-Critic,1.7952150482346015e-33,4.2,80.39802795920023,4.124101441999271,8.249536366015837
9.0,MLP Actor-Critic,3.523685767548875e-33,4.2,80.29661262035032,4.148625357411589,8.253101558796045
9.5,MLP Actor-Critic,6.895050470861781e-33,4.2,79.9724502965261,4.159991135042088,8.241469419707652
10.0,MLP Actor-Critic,1.3450465400052846e-32,4.2,79.85293689892104,4.155463072404379,8.244816433653817
10.5,MLP Actor-Critic,2.6157531603528343e-32,4.2,80.08835287160818,4.167087849989328,8.22428514636895
11.0,MLP Actor-Critic,5.071258991223678e-32,4.2,79.69549214577518,4.141465298131496,8.245961508459938
11.5,MLP Actor-Critic,9.801542054526966e-32,4.2,79.72673334384763,4.147210021359818,8.248195121924319
12.0,MLP Actor-Critic,1.8885679252166216e-31,4.2,79.82571086364955,4.201303667001268,8.239212039328445
12.5,MLP Actor-Critic,3.627691908311167e-31,4.2,79.48026264223466,4.221672508295359,8.234154460479393
13.0,MLP Actor-Critic,6.9468475457927755e-31,4.2,79.39938752531407,4.196853655773717,8.249581077075339
13.5,MLP Actor-Critic,1.326186872627722e-30,4.2,79.48073045896356,4.236722900327305,8.25884122585845
14.0,MLP Actor-Critic,2.5239530168261687e-30,4.2,79.75564502896522,4.246335602713046,8.259533680265717
14.5,MLP Actor-Critic,4.78869737991787e-30,4.2,79.81728534951304,4.243705788850856,8.242192392439277
15.0,MLP Actor-Critic,9.057599306310713e-30,4.2,79.98514002298548,4.262767230069631,8.226498055840915
15.5,MLP Actor-Critic,1.7079234467860292e-29,4.2,79.76271976624408,4.245781234995774,8.204501158212414
16.0,MLP Actor-Critic,3.210578418169003e-29,4.2,79.86107255133881,4.2479785102973615,8.209881431568366
16.5,MLP Actor-Critic,6.016691558435325e-29,4.2,79.74483965169699,4.221930149708231,8.204365124518748
17.0,MLP Actor-Critic,1.1240659681163615e-28,4.2,79.62258792044473,4.186934981189566,8.186150460112643
17.5,MLP Actor-Critic,2.093560113651594e-28,4.2,79.81822321097562,4.172158104979337,8.187346497804173
18.0,MLP Actor-Critic,3.887215847662516e-28,4.2,79.756902572531,4.168743081474396,8.161651375296282
18.5,MLP Actor-Critic,7.195342356220017e-28,4.2,79.63983776182572,4.1655977860502365,8.153594023632014
19.0,MLP Actor-Critic,1.3277730624197738e-27,4.2,79.8575486832167,4.163991564471043,8.137291580088668
19.5,MLP Actor-Critic,2.4426195535774756e-27,4.2,79.6925283700154,4.167257858814842,8.134120180234078
20.0,MLP Actor-Critic,4.479684108455565e-27,4.2,80.04615784728003,4.15524652860678,8.140457917144934
20.5,MLP Actor-Critic,8.190275977336858e-27,4.2,80.34010467635572,4.132467669078686,8.151479091548028
21.0,MLP Actor-Critic,1.4928262616195027e-26,4.2,80.52090254443007,4.14984617239806,8.14074965567165
21.5,MLP Actor-Critic,2.7125614293287284e-26,4.2,80.31996176849336,4.164820041732636,8.115654753147984
22.0,MLP Actor-Critic,4.913709560409186e-26,4.2,80.34299440066528,4.199988019107075,8.106799269862707
22.5,MLP Actor-Critic,8.873582023108572e-26,4.2,80.37603230894116,4.198761467337068,8.110426442207386
23.0,MLP Actor-Critic,1.5975263801376018e-25,4.2,80.33082183422077,4.252857549363802,8.120084150878755
23.5,MLP Actor-Critic,2.86719145556399e-25,4.2,80.17786449802539,4.21681114372325,8.121438772356026
24.0,MLP Actor-Critic,5.130089406446606e-25,4.2,80.19453095832479,4.23371416197652,8.146472764319919
24.5,MLP Actor-Critic,9.150667165501178e-25,4.2,80.299485448574,4.227261921338308,8.13422578030301
25.0,MLP Actor-Critic,1.6271971288669636e-24,4.2,80.28844202294665,4.2446833565570605,8.125585175236136
25.5,MLP Actor-Critic,2.8846103957668404e-24,4.2,80.13136062695057,4.244143171790788,8.129799292088231
26.0,MLP Actor-Critic,5.0979285496671616e-24,4.2,80.28924101578117,4.23723546165709,8.11763902888606
26.5,MLP Actor-Critic,8.981728213427777e-24,4.2,80.51896049327911,4.228650778931416,8.09678747390941
27.0,MLP Actor-Critic,1.5775591758050424e-23,4.2,80.27340784526173,4.232684555086543,8.083654778329938
27.5,MLP Actor-Critic,2.762300956524203e-23,4.2,80.48200713920096,4.214189146534454,8.082506912628318
28.0,MLP Actor-Critic,4.8218746199097946e-23,4.2,80.49829324495417,4.1805712152412084,8.092597299813677
28.5,MLP Actor-Critic,8.391129394700477e-23,4.2,80.65918727799823,4.185319416125316,8.093744016425177
29.0,MLP Actor-Critic,1.4557423203843056e-22,4.2,80.64268011015454,4.170589986896905,8.126258525188057
29.5,MLP Actor-Critic,2.517724361833868e-22,4.2,80.28684695181833,4.158034873489935,8.1583831059318
30.0,MLP Actor-Critic,1.0,5.2,74.09483256023752,4.544043138101097,8.190963340372086
30.5,MLP Actor-Critic,1.0,5.2,74.35228305643855,4.56333829535092,8.224412778399264
31.0,MLP Actor-Critic,1.0,5.2,74.845727396971,4.566707958576192,8.243216372670785
31.5,MLP Actor-Critic,1.0,5.2,74.99549525556436,4.602329629251423,8.272029457858524
32.0,MLP Actor-Critic,1.0,5.2,75.07292692722817,4.654835299952082,8.280276787253449
32.5,MLP Actor-Critic,1.0,5.2,75.3983379811881,4.687620389372406,8.323146262939341
33.0,MLP Actor-Critic,1.0,5.2,75.72205795274428,4.697474643237762,8.357181851067132
33.5,MLP Actor-Critic,1.0,5.2,75.96491430534905,4.700889735490199,8.400414892179306
34.0,MLP Actor-Critic,1.0,5.2,76.31248474995341,4.744037627422347,8.411726260881654
34.5,MLP Actor-Critic,1.0,5.2,76.68798085945318,4.784773117388255,8.454560924805195
35.0,MLP Actor-Critic,1.0,5.2,76.71606309346097,4.822531694338785,8.45901307867673
35.5,MLP Actor-Critic,1.0,5.2,77.00381530568252,4.816141822516838,8.492152010209546
36.0,MLP Actor-Critic,1.0,5.2,77.15480248722098,4.832072392842821,8.500523882584677
36.5,MLP Actor-Critic,1.0,5.2,77.38293786213718,4.8688187122425814,8.510309553783475
37.0,MLP Actor-Critic,1.0,5.2,77.4544218098185,4.895017696365121,8.536868585389517
37.5,MLP Actor-Critic,1.0,5.2,77.46830033411476,4.888339173369314,8.563036793627981
38.0,MLP Actor-Critic,1.0,5.2,77.66320390669382,4.9048686358260065,8.594633100205451
38.5,MLP Actor-Critic,1.0,5.2,77.57516342639734,4.90784234969728,8.597320073739617
39.0,MLP Actor-Critic,1.0,5.2,77.82466662314704,4.8954313319575045,8.626277412745731
39.5,MLP Actor-Critic,1.0,5.2,77.98967663074093,4.884765645037023,8.655103418010537
40.0,MLP Actor-Critic,1.0,5.2,77.8871693562464,4.898937134483457,8.674473072898683
40.5,MLP Actor-Critic,1.0,5.2,77.78498778392303,4.899333601737352,8.682488780465393
41.0,MLP Actor-Critic,1.0,5.2,77.84798069555175,4.941442467395615,8.680670119276355
41.5,MLP Actor-Critic,1.0,5.2,77.80772755316463,4.894414064140756,8.695732141317375
42.0,MLP Actor-Critic,1.0,5.2,78.20437259661982,4.907568117073193,8.678198268626478
42.5,MLP Actor-Critic,1.0000000000000002,5.2,77.91069639600552,4.939407859224685,8.700531497039627
43.0,MLP Actor-Critic,1.0000000000000002,5.2,78.09381859714769,4.944740958513784,8.703655116866416
43.5,MLP Actor-Critic,1.0000000000000002,5.2,77.99829545429333,4.960695094980142,8.713073514427402
44.0,MLP Actor-Critic,1.0000000000000004,5.2,77.99437230889004,4.96759644118329,8.701325945649126
44.5,MLP Actor-Critic,1.0000000000000009,5.2,78.11750526103302,5.005908609198334,8.712738517361958
45.0,MLP Actor-Critic,1.0000000000000013,5.2,77.87125518806548,5.048802010667415,8.725669827652986
45.5,MLP Actor-Critic,1.000000000000002,5.2,77.88056181055278,5.022370807811237,8.742998422639419
46.0,MLP Actor-Critic,1.000000000000003,5.2,77.38693007146836,5.024706104246533,8.747102488627279
46.5,MLP Actor-Critic,1.0000000000000049,5.2,77.13758215678723,5.049114553314206,8.750058155775793
47.0,MLP Actor-Critic,1.0000000000000075,5.2,77.32077455883335,5.060243258540933,8.75764305742947
47.5,MLP Actor-Critic,1.0000000000000118,5.2,77.28180702975591,5.029148894233564,8.754507497750884
48.0,MLP Actor-Critic,1.0000000000000182,5.2,77.57735021320383,5.0346234435361685,8.745504280590612
48.5,MLP Actor-Critic,1.0000000000000282,5.2,77.50123156232576,5.025797592935211,8.730885876773172
49.0,MLP Actor-Critic,1.000000000000043,5.2,77.69557923254817,5.027520494399104,8.73366282167119
49.5,MLP Actor-Critic,1.000000000000066,5.2,77.8091941802174,5.064034940513263,8.730821753864282
50.0,MLP Actor-Critic,1.0000000000001004,5.2,77.97225689694285,5.0439796166965225,8.738264236942024
50.5,MLP Actor-Critic,1.0000000000001525,5.2,78.01062956316066,5.00961292400515,8.739499178620507
51.0,MLP Actor-Critic,1.0000000000002311,5.2,77.97646907663254,4.993594506507511,8.732181372132924
51.5,MLP Actor-Critic,1.0000000000003488,5.2,78.04509415301594,4.991222909554499,8.708710607119938
52.0,MLP Actor-Critic,1.0000000000005251,5.2,78.14707194691485,4.979404344090448,8.729398712949585
52.5,MLP Actor-Critic,1.000000000000788,5.2,78.41058202547428,5.003985568771983,8.72687192267947
53.0,MLP Actor-Critic,1.0000000000011788,5.2,78.2542725458394,5.027491385003859,8.704332514004982
53.5,MLP Actor-Critic,1.000000000001758,5.2,78.27665732416078,5.049324422117897,8.716615272548275
54.0,MLP Actor-Critic,1.0000000000026137,5.2,78.75051512471917,5.078920795730239,8.727458498804866
54.5,MLP Actor-Critic,1.000000000003874,5.2,79.05187208777525,5.069570621484802,8.738114148386238
55.0,MLP Actor-Critic,1.0000000000057243,5.2,79.24599329720475,5.062031910147451,8.720889094964328
55.5,MLP Actor-Critic,1.0000000000084324,5.2,79.30678997002359,5.083385272842531,8.697527266114438
56.0,MLP Actor-Critic,1.000000000012383,5.2,79.29298652092481,5.104493017625732,8.728715703686158
56.5,MLP Actor-Critic,1.0000000000181288,5.2,79.28743582074114,5.096344384701354,8.740033919961057
57.0,MLP Actor-Critic,1.0000000000264588,5.2,79.6099586416015,5.123818187869519,8.737234501555827
57.5,MLP Actor-Critic,1.0000000000384974,5.2,79.73968395018368,5.1303646346753355,8.74670502788074
58.0,MLP Actor-Critic,1.0000000000558409,5.2,79.85471524180419,5.159149308794187,8.74269440052971
58.5,MLP Actor-Critic,1.0000000000807479,5.2,79.8146639191016,5.183650980720012,8.740893756270388
59.0,MLP Actor-Critic,1.0000000001164047,5.2,79.67436332458651,5.136722726765757,8.778063738022972
59.5,MLP Actor-Critic,1.0000000001672897,5.2,79.91205456185398,5.133221590260261,8.795508985097316
60.0,MLP Actor-Critic,1.0000000002396776,5.2,79.83171940741262,5.101550610644227,8.794884310665191
60.5,MLP Actor-Critic,1.0000000003423304,5.2,79.75216967231995,5.103582845228706,8.80677190331014
61.0,MLP Actor-Critic,1.0000000004874419,5.2,79.71325111721373,5.078266228355419,8.805626977690752
61.5,MLP Actor-Critic,1.0000000006919265,5.2,79.48059973134859,5.043438736809329,8.801253128592418
62.0,MLP Actor-Critic,1.0000000009791667,5.2,79.6735074751041,5.086201156964915,8.803811572735464
62.5,MLP Actor-Critic,1.0000000013813795,5.2,79.52860099380592,5.095771571463696,8.823263458765913
63.0,MLP Actor-Critic,1.0000000019428035,5.2,79.48843650090856,5.1120137994839645,8.856299204848405
63.5,MLP Actor-Critic,1.0000000027239824,5.2,79.66231303196379,5.110270896985976,8.879996070354057
64.0,MLP Actor-Critic,1.000000003807495,5.2,79.40281957977916,5.135843468864389,8.886085454536229
64.5,MLP Actor-Critic,1.0000000053055933,5.2,79.4197632451355,5.13717800319754,8.902802175017575
65.0,MLP Actor-Critic,1.0000000073703508,5.2,79.15797732790232,5.1411555918831855,8.907648072526586
65.5,MLP Actor-Critic,1.00000001020709,5.2,79.02546776677508,5.087130829586192,8.940162014481233
66.0,MLP Actor-Critic,1.0000000140920873,5.2,78.8339347222713,5.130356808568402,8.957676458626606
66.5,MLP Actor-Critic,1.000000019395826,5.2,78.41032720998804,5.127915748514558,8.974726381530369
67.0,MLP Actor-Critic,1.0000000266134286,5.2,78.33488065020012,5.152128348187068,8.959479522213703
67.5,MLP Actor-Critic,1.0000000364043227,5.2,78.57833063203417,5.211849412217039,8.95614295790912
68.0,MLP Actor-Critic,1.0000000496437604,5.2,78.6579952011087,5.20480005800434,8.962771762360118
68.5,MLP Actor-Critic,1.0000000674894627,5.2,78.81564835799233,5.1998682000454615,8.954562583844215
69.0,MLP Actor-Critic,1.0000000914675096,5.2,79.0300128311943,5.19566324801833,8.983368858663155
69.5,MLP Actor-Critic,1.0000001235825986,5.2,79.33261775617538,5.2031000746640625,9.003503000615861
70.0,MLP Actor-Critic,1.0000001664590368,5.2,79.72634470817256,5.208852527470473,9.006252922972195
70.5,MLP Actor-Critic,1.000000223520323,5.2,79.57703557963823,5.222105735212706,9.011756245965158
71.0,MLP Actor-Critic,1.0000002992169832,5.2,79.65142496236713,5.186756472957771,9.011264351544094
71.5,MLP Actor-Critic,1.0000003993144706,5.2,79.87524930073792,5.152704774484061,8.995001845810082
72.0,MLP Actor-Critic,1.000000531255504,5.2,79.90083905169038,5.157686338117055,8.990010135025381
72.5,MLP Actor-Critic,1.0000007046142487,5.2,79.85728110470316,5.151734956735305,8.998431063316453
73.0,MLP Actor-Critic,1.000000931663293,5.2,79.93950999226172,5.18258513714391,8.986814757869857
73.5,MLP Actor-Critic,1.0000012280785147,5.2,80.01505604945729,5.145225201360091,9.009780975887145
74.0,MLP Actor-Critic,1.0000016138117267,5.2,79.6026660085638,5.116199688207461,8.996902342405209
74.5,MLP Actor-Critic,1.000002114166492,5.2,79.76756354330718,5.112420323239444,8.975971436301446
75.0,MLP Actor-Critic,1.0000027611187725,5.2,79.90218119333477,5.100446468319827,8.994197523404587
75.5,MLP Actor-Critic,1.0000035949311479,5.2,80.02719653032588,5.14821680850568,8.963500403742131
76.0,MLP Actor-Critic,1.0000046661172783,5.2,79.95059451589205,5.134003701584035,8.958512792612437
76.5,MLP Actor-Critic,1.000006037822039,5.2,80.20983897229712,5.151194319934603,8.943175634858141
77.0,MLP Actor-Critic,1.0000077886923797,5.2,80.37786469412583,5.200226480290647,8.956507140964954
77.5,MLP Actor-Critic,1.0000100163243482,5.2,80.46594502434604,5.176009950952223,8.950592741563845
78.0,MLP Actor-Critic,1.0000128413827973,5.2,80.25534527263622,5.146987911980189,8.96849265262968
78.5,MLP Actor-Critic,1.000016412501932,5.2,80.48156767790174,5.158684650726616,8.962682467054318
79.0,MLP Actor-Critic,1.0000209120868073,5.2,80.23131614991462,5.137751290677528,9.003509848721558
79.5,MLP Actor-Critic,1.000026563147924,5.2,80.27565438853861,5.157772251288101,8.969760199250869
80.0,MLP Actor-Critic,1.00003363731277,5.2,80.02282071012702,5.1740245097652195,8.97974475659207
80.5,MLP Actor-Critic,1.0000424641691403,5.2,80.12427022309251,5.163983024260015,8.96411226391987
81.0,MLP Actor-Critic,1.0000534421047045,5.2,80.07719295978019,5.176985304880753,8.95910480349498
81.5,MLP Actor-Critic,1.000067050814999,5.2,79.95226860093857,5.15628229287098,8.966183964647218
82.0,MLP Actor-Critic,1.0000838656569757,5.2,79.90913747710809,5.0999964804395965,8.940423706214794
82.5,MLP Actor-Critic,1.000104574026606,5.2,79.47593259134133,5.10242085062869,8.922933539448355
83.0,MLP Actor-Critic,1.000129993935814,5.2,79.47529017265587,5.076644911884396,8.904719484328844
83.5,MLP Actor-Critic,1.000161094955142,5.2,79.1116644526791,5.097122919087639,8.871281355000418
84.0,MLP Actor-Critic,1.000199021672874,5.2,79.13584653432203,5.102790654453622,8.862367566984426
84.5,MLP Actor-Critic,1.000245119797651,5.2,79.11997605160067,5.091822309184655,8.85595525155013
85.0,MLP Actor-Critic,1.0003009649987071,5.2,79.14683665342436,5.080580304521703,8.862272814810662
85.5,MLP Actor-Critic,1.0003683945344832,5.2,78.76474766016872,5.100448752394613,8.856204285543159
86.0,MLP Actor-Critic,1.000449541665462,5.2,78.84708435303577,5.1158580955999575,8.871951177585078
86.5,MLP Actor-Critic,1.0005468727795457,5.2,79.0901559571594,5.120558748251643,8.873512816048377
87.0,MLP Actor-Critic,1.0006632270774112,5.2,78.98408759273863,5.111100018724911,8.89193374767238
87.5,MLP Actor-Critic,1.000801858570437,5.2,79.01271904755167,5.157623096211271,8.8630046638096
88.0,MLP Actor-Critic,1.000966480034868,5.2,79.22078748371526,5.154034047285891,8.887025301409551
88.5,MLP Actor-Critic,1.0011613084430833,5.2,79.03991469348357,5.170636926673068,8.863391530740465
89.0,MLP Actor-Critic,1.0013911112569485,5.2,78.92721416306783,5.191365654692745,8.859691096359619
89.5,MLP Actor-Critic,1.0016612528206854,5.2,79.03579493073288,5.239016544979784,8.879330700502814
90.0,MLP Actor-Critic,0.3519777399334825,4.65,83.12451560363765,5.085700773151955,8.89233229227997
90.5,MLP Actor-Critic,0.35234726551810247,4.65,83.14926525192452,5.0687409213048085,8.86959232999387
91.0,MLP Actor-Critic,0.35277724913456054,4.65,82.97429459934399,5.041944807700431,8.854164788405097
91.5,MLP Actor-Critic,0.35327587292204,4.65,83.06986858291518,5.03691230259717,8.84385030755766
92.0,MLP Actor-Critic,0.35385211139279715,4.65,83.10619531775863,4.997007004059542,8.847963131571209
92.5,MLP Actor-Critic,0.3545157533549453,4.65,83.07660385648464,4.962256899935024,8.841341445282927
93.0,MLP Actor-Critic,0.35527741411341773,4.65,82.80880975493514,4.935836762862428,8.800440102828933
93.5,MLP Actor-Critic,0.3561485359974309,4.65,82.7012019714692,4.964068937777328,8.804256504734944
94.0,MLP Actor-Critic,0.3571413751961376,4.65,82.69000650265771,4.932140003087401,8.802482186154782
94.5,MLP Actor-Critic,0.35826897285984916,4.65,82.6217589385599,4.930661534239268,8.797669185000242
95.0,MLP Actor-Critic,0.35954510845013393,4.65,82.58192185043043,4.9164307398430145,8.803882330527115
95.5,MLP Actor-Critic,0.36098423340585184,4.65,82.48902721719365,4.858571466154183,8.79472230096214
96.0,MLP Actor-Critic,0.36260138334068837,4.65,82.54148205113788,4.855746302329699,8.807159626629355
96.5,MLP Actor-Critic,0.3644120672068869,4.65,82.5135961084108,4.834507865709498,8.796785126987434
97.0,MLP Actor-Critic,0.3664321321541326,4.65,82.12449800806083,4.814836134049356,8.78616806267912
97.5,MLP Actor-Critic,0.36867760318460613,4.65,81.90936161912207,4.7955016449726,8.796415990045654
98.0,MLP Actor-Critic,0.3711644971556325,4.65,81.49588981911475,4.830917203008271,8.76681382981499
98.5,MLP Actor-Critic,0.3739086112081346,4.65,81.41679080060854,4.816946204542637,8.762876512815115
99.0,MLP Actor-Critic,0.376925286297508,4.65,81.25410539663123,4.8424233207548415,8.748681605031777
99.5,MLP Actor-Critic,0.380229147165786,4.65,81.22680546627898,4.861498160326064,8.760448366827585
100.0,MLP Actor-Critic,0.3838338208091532,4.65,81.58815417686876,4.88473416364543,8.78274443424851
100.5,MLP Actor-Critic,0.38775163624887726,4.65,81.2339944448174,4.851795452972869,8.774406850762078
101.0,MLP Actor-Critic,0.39199330918938335,4.65,80.936364941407,4.825152677286673,8.749335695996894
101.5,MLP Actor-Critic,0.39656761592442524,4.65,80.7632879063725,4.857152989306716,8.764347477169093
102.0,MLP Actor-Critic,0.4014810616085497,4.65,80.50633259150776,4.863092464455748,8.782519089365966
102.5,MLP Actor-Critic,0.4067375487217398,4.65,80.29351294484908,4.844299102507794,8.767383305648787
103.0,MLP Actor-Critic,0.412338052194324,4.65,80.42802321038766,4.816911845831568,8.771282998141121
103.5,MLP Actor-Critic,0.4182803082004446,4.65,80.42394875242385,4.804378085995368,8.754347273442049
104.0,MLP Actor-Critic,0.4245585240453554,4.65,80.50866829871836,4.7619258623292975,8.749014739289763
104.5,MLP Actor-Critic,0.4311631168395874,4.65,80.77032828477307,4.736320021095758,8.727927377812469
105.0,MLP Actor-Critic,0.43808048874887423,4.65,80.73020964138101,4.721632799651795,8.711597661261457
105.5,MLP Actor-Critic,0.4452928465132481,4.65,80.96014956938464,4.66904241335466,8.716417155429776
106.0,MLP Actor-Critic,0.4527780726267968,4.65,81.0494437145648,4.700007636513279,8.718554372731667
106.5,MLP Actor-Critic,0.4605096550513309,4.65,80.97360015113262,4.6919477420071525,8.69925933940832
107.0,MLP Actor-Critic,0.46845668159884096,4.65,81.01301376427689,4.699201959670344,8.709277201710103
107.5,MLP Actor-Critic,0.4765839041620251,4.65,80.72412289466098,4.680025554380465,8.704133254494426
108.0,MLP Actor-Critic,0.4848518768094066,4.65,80.50724505621125,4.625263046197048,8.715583669717956
108.5,MLP Actor-Critic,0.4932171704091233,4.65,80.3896608683909,4.671615091380889,8.714938379539651
109.0,MLP Actor-Critic,0.5016326649281584,4.65,80.26468161027998,4.709911122824187,8.695317823500774
109.5,MLP Actor-Critic,0.5100479189034482,4.65,80.30425714202946,4.70827106374591,8.671703341952622
110.0,MLP Actor-Critic,0.5184096138361817,4.65,80.55948144597981,4.725434243850024,8.661802821292364
110.5,MLP Actor-Critic,0.5266620694644291,4.65,80.69106277848695,4.696930384270215,8.65174570866533
111.0,MLP Actor-Critic,0.5347478240700771,4.65,80.58314479162875,4.695573938563948,8.640470554418837
111.5,MLP Actor-Critic,0.542608272224844,4.65,80.66020877799382,4.710795381227884,8.630266106042098
112.0,MLP Actor-Critic,0.550184350729202,4.65,80.6627878195785,4.690322225675423,8.63035040682083
112.5,MLP Actor-Critic,0.5574172619991782,4.65,80.67630226140906,4.678023997460912,8.634551299583741
113.0,MLP Actor-Critic,0.5642492228588197,4.65,80.54857316598869,4.698175182554455,8.64106901495258
113.5,MLP Actor-Critic,0.5706242256461489,4.65,80.29592106008303,4.717982175573635,8.606594043802742
114.0,MLP Actor-Critic,0.5764887977773774,4.65,80.27102152333423,4.698619257752237,8.578511891272377
114.5,MLP Actor-Critic,0.5817927454703087,4.65,80.11760384800311,4.6932122959618034,8.549158729442643
115.0,MLP Actor-Critic,0.5864898672266914,4.65,79.7342553521226,4.642951492834558,8.543936280755975
115.5,MLP Actor-Critic,0.5905386229283645,4.65,79.44592701740581,4.647267047236919,8.548435395185864
116.0,MLP Actor-Critic,0.5939027450162114,4.65,79.81727735658879,4.63075108831772,8.53796493344371
116.5,MLP Actor-Critic,0.596551779185979,4.65,79.87677276563568,4.591541208272284,8.546363043046526
117.0,MLP Actor-Critic,0.5984615433316103,4.65,79.44749715485541,4.594859005324224,8.541200090741562
117.5,MLP Actor-Critic,0.5996144950648824,4.65,79.46805710708762,4.553330222222841,8.529815020308748
118.0,MLP Actor-Critic,0.6,4.65,79.18187953331663,4.581750239781692,8.539174916838514
118.5,MLP Actor-Critic,0.5996144950648824,4.65,79.30929223069948,4.5814519318133415,8.56484269077993
119.0,MLP Actor-Critic,0.5984615433316103,4.65,79.3963151237324,4.601563348874748,8.573497191746792
119.5,MLP Actor-Critic,0.596551779185979,4.65,79.7314889851627,4.590881912969094,8.549117876367426
120.0,MLP Actor-Critic,0.5939027450162114,4.65,79.39046510959611,4.64414192687803,8.54261748206494
120.5,MLP Actor-Critic,0.5905386229283645,4.65,79.49239109077705,4.662469699455748,8.552086398675343
121.0,MLP Actor-Critic,0.5864898672266914,4.65,79.39436963234016,4.6772052979059575,8.567929149942787
121.5,MLP Actor-Critic,0.5817927454703087,4.65,79.24011860130528,4.656988666719146,8.566122757519983
122.0,MLP Actor-Critic,0.5764887977773774,4.65,79.2480899559336,4.6808541022000085,8.561234326116391
122.5,MLP Actor-Critic,0.5706242256461489,4.65,79.01158045007993,4.6614249669155745,8.55771471886062
123.0,MLP Actor-Critic,0.5642492228588197,4.65,79.28509837083311,4.649417116246505,8.557955232702982
123.5,MLP Actor-Critic,0.5574172619991782,4.65,79.16101906460227,4.65817610966567,8.550769193746998
124.0,MLP Actor-Critic,0.550184350729202,4.65,79.53708590487459,4.706292425352062,8.56451271901531
124.5,MLP Actor-Critic,0.542608272224844,4.65,79.59902811339187,4.719632984381063,8.577239639955344
125.0,MLP Actor-Critic,0.5347478240700771,4.65,80.19910458400479,4.746107500225474,8.573317534253977
125.5,MLP Actor-Critic,0.5266620694644291,4.65,80.30566480355424,4.725313810898409,8.580624796434371
126.0,MLP Actor-Critic,0.5184096138361817,4.65,80.49711720193376,4.688348931490792,8.603677417801633
126.5,MLP Actor-Critic,0.5100479189034482,4.65,80.81786520996552,4.698346603467297,8.620455154409333
127.0,MLP Actor-Critic,0.5016326649281584,4.65,80.88472508496974,4.711399111468333,8.631727363774178
127.5,MLP Actor-Critic,0.4932171704091233,4.65,80.9820391369128,4.675205667516446,8.606562464518856
128.0,MLP Actor-Critic,0.4848518768094066,4.65,81.06429152435763,4.675775060617429,8.643875744581582
128.5,MLP Actor-Critic,0.4765839041620251,4.65,81.15441517918478,4.652175068126516,8.645203425668313
129.0,MLP Actor-Critic,0.46845668159884096,4.65,81.12467939658815,4.6489421297832845,8.65618365449458
129.5,MLP Actor-Critic,0.4605096550513309,4.65,81.26035007121118,4.665822633042275,8.656868760351465
130.0,MLP Actor-Critic,0.4527780726267968,4.65,80.9135622425597,4.652065389368932,8.6598074428581
130.5,MLP Actor-Critic,0.4452928465132481,4.65,81.05894791668364,4.68625012667131,8.651126653908864
131.0,MLP Actor-Critic,0.43808048874887423,4.65,80.88828464140072,4.70791533849219,8.630587032178179
131.5,MLP Actor-Critic,0.4311631168395874,4.65,80.78713346191451,4.7373364854440885,8.635063139977715
132.0,MLP Actor-Critic,0.4245585240453554,4.65,81.17832535395914,4.745220409591825,8.635912317697757
132.5,MLP Actor-Critic,0.4182803082004446,4.65,81.09357406064095,4.7138852717961495,8.65527954748478
133.0,MLP Actor-Critic,0.412338052194324,4.65,81.01354168442894,4.7294128541702065,8.668650724125378
133.5,MLP Actor-Critic,0.4067375487217398,4.65,80.81678771614226,4.724482526300263,8.652858003313288
134.0,MLP Actor-Critic,0.4014810616085497,4.65,80.95425380687347,4.763702016803432,8.643166067906478
134.5,MLP Actor-Critic,0.39656761592442524,4.65,81.32983835238494,4.767404873039473,8.645781829496984
135.0,MLP Actor-Critic,0.39199330918938335,4.65,81.1323022908219,4.773888054864983,8.650193284771676
135.5,MLP Actor-Critic,0.38775163624887726,4.65,81.12395687227051,4.745377087647899,8.670362920543372
136.0,MLP Actor-Critic,0.3838338208091532,4.65,80.95706582374578,4.7568829686871785,8.66454090806455
136.5,MLP Actor-Critic,0.380229147165786,4.65,80.7454562735084,4.752707887287509,8.666143765128709
137.0,MLP Actor-Critic,0.376925286297508,4.65,80.51649262085985,4.7121647225775245,8.657575070156202
137.5,MLP Actor-Critic,0.3739086112081346,4.65,80.17595734075685,4.7064807510728714,8.657296144121307
138.0,MLP Actor-Critic,0.3711644971556325,4.65,80.2556378523809,4.691537633294873,8.656711223626576
138.5,MLP Actor-Critic,0.36867760318460613,4.65,80.68828129223749,4.663073725379105,8.654772991326192
139.0,MLP Actor-Critic,0.3664321321541326,4.65,80.66194265476004,4.6174019599271,8.635485069401412
139.5,MLP Actor-Critic,0.3644120672068869,4.65,80.42135689580039,4.63512252408432,8.622729290173794
140.0,MLP Actor-Critic,0.36260138334068837,4.65,80.29034037812785,4.668302878348108,8.616863903883583
0.0,Transformer-only Actor-Critic,1.1750631474976552e-38,4.2,80.05997042471611,4.2,8.2
0.5,Transformer-only Actor-Critic,2.430686531144583e-38,4.2,80.38762332988203,4.215735834758211,8.199471103267328
1.0,Transformer-only Actor-Critic,5.012521954904135e-38,4.2,80.53478150238638,4.2303847157054335,8.200091713334889
1.5,Transformer-only Actor-Critic,1.0304886343248124e-37,4.2,80.44577167165933,4.2553354482009516,8.224112470326869
2.0,Transformer-only Actor-Critic,2.111979553307528e-37,4.2,80.54477870277024,4.2063135335311985,8.21685254295312
2.5,Transformer-only Actor-Critic,4.3151490120458e-37,4.2,80.49261759566326,4.209376763974673,8.2093477592591
3.0,Transformer-only Actor-Critic,8.789445358187936e-37,4.2,80.34658564330392,4.226064944972328,8.209423915685017
3.5,Transformer-only Actor-Critic,1.7847883751484113e-36,4.2,80.08156724070187,4.235243279673703,8.210056357802369
4.0,Transformer-only Actor-Critic,3.6130300323853646e-36,4.2,80.11450124274035,4.230402219216428,8.204616695954359
4.5,Transformer-only Actor-Critic,7.291485213576366e-36,4.2,79.9951110340424,4.227991226958698,8.231832065127582
5.0,Transformer-only Actor-Critic,1.4669658782553827e-35,4.2,79.77538148691688,4.212045350041694,8.222375700400026
5.5,Transformer-only Actor-Critic,2.9422773598041807e-35,4.2,79.9914698862806,4.189501999254094,8.254155816232116
6.0,Transformer-only Actor-Critic,5.883107614922186e-35,4.2,79.93468077984042,4.195250578847419,8.24406138095345
6.5,Transformer-only Actor-Critic,1.1727071154673626e-34,4.2,80.15098937696777,4.16978832548882,8.267294597803572
7.0,Transformer-only Actor-Critic,2.3304077333497262e-34,4.2,80.3029813312284,4.15723364012428,8.288995657365158
7.5,Transformer-only Actor-Critic,4.616723343363617e-34,4.2,80.33845788485999,4.157853911757708,8.291772537762421
8.0,Transformer-only Actor-Critic,9.117911502900016e-34,4.2,80.37237456644638,4.125029040264258,8.281270901317837
8.5,Transformer-only Actor-Critic,1.7952150482346015e-33,4.2,80.45189455673686,4.187140812208694,8.278120128099356
9.0,Transformer-only Actor-Critic,3.523685767548875e-33,4.2,80.25990772067641,4.169211903049859,8.264038943619273
9.5,Transformer-only Actor-Critic,6.895050470861781e-33,4.2,80.15330484017241,4.157890974400289,8.257915733152286
10.0,Transformer-only Actor-Critic,1.3450465400052846e-32,4.2,80.00066903178679,4.178351980753059,8.258996338343083
10.5,Transformer-only Actor-Critic,2.6157531603528343e-32,4.2,79.90137930247474,4.206895665506336,8.290859523340494
11.0,Transformer-only Actor-Critic,5.071258991223678e-32,4.2,79.90310181432527,4.204860172612021,8.288249655244545
11.5,Transformer-only Actor-Critic,9.801542054526966e-32,4.2,79.87521168305554,4.196474646177624,8.2907640333754
12.0,Transformer-only Actor-Critic,1.8885679252166216e-31,4.2,79.80412024907415,4.178057972995849,8.270117818858145
12.5,Transformer-only Actor-Critic,3.627691908311167e-31,4.2,79.46193559594637,4.19325567643104,8.247972826187826
13.0,Transformer-only Actor-Critic,6.9468475457927755e-31,4.2,79.31018405843227,4.209893630082875,8.24775902070715
13.5,Transformer-only Actor-Critic,1.326186872627722e-30,4.2,79.47746060411362,4.182296659713813,8.239297095897333
14.0,Transformer-only Actor-Critic,2.5239530168261687e-30,4.2,79.76397961433317,4.186503840372554,8.249750022600967
14.5,Transformer-only Actor-Critic,4.78869737991787e-30,4.2,79.83853223782288,4.17732433706805,8.249174677448588
15.0,Transformer-only Actor-Critic,9.057599306310713e-30,4.2,79.89285868395643,4.140274842670479,8.253228379794644
15.5,Transformer-only Actor-Critic,1.7079234467860292e-29,4.2,80.12001414603847,4.187525027496121,8.215906827103057
16.0,Transformer-only Actor-Critic,3.210578418169003e-29,4.2,79.87454955404779,4.157967960547706,8.20457898713
16.5,Transformer-only Actor-Critic,6.016691558435325e-29,4.2,79.86532542873204,4.163074236810805,8.202340217745727
17.0,Transformer-only Actor-Critic,1.1240659681163615e-28,4.2,79.72500930034008,4.156811705513422,8.17622950449678
17.5,Transformer-only Actor-Critic,2.093560113651594e-28,4.2,79.69451971604731,4.149551615632896,8.167427684857525
18.0,Transformer-only Actor-Critic,3.887215847662516e-28,4.2,79.64624399462303,4.140149427256963,8.16826559618148
18.5,Transformer-only Actor-Critic,7.195342356220017e-28,4.2,79.71626010160944,4.115322680424524,8.146859875794597
19.0,Transformer-only Actor-Critic,1.3277730624197738e-27,4.2,79.94123413038636,4.117389432297468,8.155792598969537
19.5,Transformer-only Actor-Critic,2.4426195535774756e-27,4.2,80.08503335650573,4.140246003017944,8.15151202460738
20.0,Transformer-only Actor-Critic,4.479684108455565e-27,4.2,80.20204757277213,4.18391680134549,8.123667068156905
20.5,Transformer-only Actor-Critic,8.190275977336858e-27,4.2,80.17416892715657,4.213264311757998,8.127677136571046
21.0,Transformer-only Actor-Critic,1.4928262616195027e-26,4.2,80.28104339395236,4.2139388003757805,8.11756799528455
21.5,Transformer-only Actor-Critic,2.7125614293287284e-26,4.2,80.34427430447325,4.254371218951662,8.113882780598326
22.0,Transformer-only Actor-Critic,4.913709560409186e-26,4.2,80.36784635986933,4.248834368512793,8.08850301890245
22.5,Transformer-only Actor-Critic,8.873582023108572e-26,4.2,80.63546951168631,4.240818909537167,8.080311244240978
23.0,Transformer-only Actor-Critic,1.5975263801376018e-25,4.2,80.58191892455451,4.266227150295273,8.073626886175994
23.5,Transformer-only Actor-Critic,2.86719145556399e-25,4.2,80.65382883349545,4.267881747292179,8.1035049230798
24.0,Transformer-only Actor-Critic,5.130089406446606e-25,4.2,80.53761556406266,4.241846988954927,8.09576923644696
24.5,Transformer-only Actor-Critic,9.150667165501178e-25,4.2,80.56292802424471,4.283632077689717,8.101953068711198
25.0,Transformer-only Actor-Critic,1.6271971288669636e-24,4.2,80.46943368736575,4.279830381629869,8.12284568345708
25.5,Transformer-only Actor-Critic,2.8846103957668404e-24,4.2,80.32419431112183,4.284030566825003,8.092961824150642
26.0,Transformer-only Actor-Critic,5.0979285496671616e-24,4.2,80.44439724464635,4.2686439125434195,8.103505734359912
26.5,Transformer-only Actor-Critic,8.981728213427777e-24,4.2,80.29037590609747,4.247737169478208,8.130617664485438
27.0,Transformer-only Actor-Critic,1.5775591758050424e-23,4.2,80.55650526922469,4.237549167550212,8.147245900765276
27.5,Transformer-only Actor-Critic,2.762300956524203e-23,4.2,80.68775838270425,4.2248768693015295,8.14915128985279
28.0,Transformer-only Actor-Critic,4.8218746199097946e-23,4.2,80.45833598259436,4.2081134119048595,8.1491289629146
28.5,Transformer-only Actor-Critic,8.391129394700477e-23,4.2,80.48633233312408,4.199546906864047,8.15152900844457
29.0,Transformer-only Actor-Critic,1.4557423203843056e-22,4.2,80.61700005469368,4.1964702346613665,8.154115985588215
29.5,Transformer-only Actor-Critic,2.517724361833868e-22,4.2,80.46077961943512,4.143623180942106,8.1872888901747
30.0,Transformer-only Actor-Critic,1.0,5.2,76.25046962222565,4.846896546286525,8.241753086325385
30.5,Transformer-only Actor-Critic,1.0,5.2,76.6752676402649,4.849801668788607,8.27033921001331
31.0,Transformer-only Actor-Critic,1.0,5.2,77.0538878803284,4.875855941147697,8.344122500549712
31.5,Transformer-only Actor-Critic,1.0,5.2,77.37522739254332,4.916151991468505,8.402602796172646
32.0,Transformer-only Actor-Critic,1.0,5.2,77.34463629818306,4.9355567756137315,8.45321268300937
32.5,Transformer-only Actor-Critic,1.0,5.2,77.34124432416206,4.980267989481508,8.524313263689743
33.0,Transformer-only Actor-Critic,1.0,5.2,77.69488823808281,5.01500309790739,8.568240473716962
33.5,Transformer-only Actor-Critic,1.0,5.2,78.13466628757783,5.027672086213568,8.600026464904632
34.0,Transformer-only Actor-Critic,1.0,5.2,78.43730738700539,5.061298005327418,8.646455335775102
34.5,Transformer-only Actor-Critic,1.0,5.2,78.47305513530999,5.081795601257587,8.694241885762189
35.0,Transformer-only Actor-Critic,1.0,5.2,78.90816314968413,5.081415261368853,8.71639575487189
35.5,Transformer-only Actor-Critic,1.0,5.2,79.23039258689495,5.114168345149048,8.759372809714558
36.0,Transformer-only Actor-Critic,1.0,5.2,79.65160309019868,5.114086163189414,8.796917292455413
36.5,Transformer-only Actor-Critic,1.0,5.2,79.61809316320334,5.10057828683978,8.828250940291326
37.0,Transformer-only Actor-Critic,1.0,5.2,79.62317132065913,5.077339148548853,8.860376030237457
37.5,Transformer-only Actor-Critic,1.0,5.2,79.68705118261076,5.080331783105426,8.918945827356945
38.0,Transformer-only Actor-Critic,1.0,5.2,79.75751909820218,5.079037508706024,8.933293161837062
38.5,Transformer-only Actor-Critic,1.0,5.2,79.77149266120139,5.0486952001512035,8.949259122547243
39.0,Transformer-only Actor-Critic,1.0,5.2,79.54772718954321,5.019887061482533,8.966389508831115
39.5,Transformer-only Actor-Critic,1.0,5.2,79.49647339603163,5.029921351118524,8.964930213066664
40.0,Transformer-only Actor-Critic,1.0,5.2,79.41717176250312,5.0614230671009395,8.986233937529033
40.5,Transformer-only Actor-Critic,1.0,5.2,79.40722875869707,5.062824335849201,9.003706582925757
41.0,Transformer-only Actor-Critic,1.0,5.2,79.37660473399785,5.069791443546455,9.00690669814888
41.5,Transformer-only Actor-Critic,1.0,5.2,79.32841194711281,5.073169954315429,9.027781541207968
42.0,Transformer-only Actor-Critic,1.0,5.2,79.42273109107785,5.122290276406864,9.040808660926793
42.5,Transformer-only Actor-Critic,1.0000000000000002,5.2,79.8526315859301,5.119489003970606,9.066097525554163
43.0,Transformer-only Actor-Critic,1.0000000000000002,5.2,79.78058672539042,5.118217593566788,9.0834670251234
43.5,Transformer-only Actor-Critic,1.0000000000000002,5.2,79.64499214760988,5.1478764753485144,9.095622989015872
44.0,Transformer-only Actor-Critic,1.0000000000000004,5.2,79.60988995749535,5.156758115512936,9.094372465049705
44.5,Transformer-only Actor-Critic,1.0000000000000009,5.2,79.44583051582691,5.177853586250932,9.108230890072518
45.0,Transformer-only Actor-Critic,1.0000000000000013,5.2,79.02343770564502,5.176669551231181,9.112471890980801
45.5,Transformer-only Actor-Critic,1.000000000000002,5.2,78.8140805503223,5.159116893547081,9.128128370184726
46.0,Transformer-only Actor-Critic,1.000000000000003,5.2,78.7473774598874,5.166916390422261,9.109791523857458
46.5,Transformer-only Actor-Critic,1.0000000000000049,5.2,78.74518478082612,5.212562234190217,9.105272799340216
47.0,Transformer-only Actor-Critic,1.0000000000000075,5.2,78.95264180057332,5.184597732876594,9.101658190174987
47.5,Transformer-only Actor-Critic,1.0000000000000118,5.2,78.91878028794395,5.169283979768343,9.118849657521237
48.0,Transformer-only Actor-Critic,1.0000000000000182,5.2,79.03737998301129,5.184456360514019,9.107831201347615
48.5,Transformer-only Actor-Critic,1.0000000000000282,5.2,78.98509814706141,5.191508330273012,9.115986928053404
49.0,Transformer-only Actor-Critic,1.000000000000043,5.2,79.11734400147952,5.175877142727717,9.119558855162358
49.5,Transformer-only Actor-Critic,1.000000000000066,5.2,79.1116829879786,5.192618151263101,9.108268224765405
50.0,Transformer-only Actor-Critic,1.0000000000001004,5.2,79.11163125147645,5.21025573153057,9.097151407452298
50.5,Transformer-only Actor-Critic,1.0000000000001525,5.2,79.18764042452987,5.16909045330495,9.09194942353362
51.0,Transformer-only Actor-Critic,1.0000000000002311,5.2,79.0489118563272,5.15513594921942,9.091119990294077
51.5,Transformer-only Actor-Critic,1.0000000000003488,5.2,79.09928870547692,5.15825074333704,9.119672382454532
52.0,Transformer-only Actor-Critic,1.0000000000005251,5.2,79.30775452862875,5.117849333494922,9.125678686643639
52.5,Transformer-only Actor-Critic,1.000000000000788,5.2,79.26706694718273,5.134098360944651,9.106642687287556
53.0,Transformer-only Actor-Critic,1.0000000000011788,5.2,79.23678611890026,5.128077556539047,9.084036958810316
53.5,Transformer-only Actor-Critic,1.000000000001758,5.2,79.25628862862405,5.148219067912984,9.060456301831309
54.0,Transformer-only Actor-Critic,1.0000000000026137,5.2,79.43215108526485,5.173215653124393,9.067492386295713
54.5,Transformer-only Actor-Critic,1.000000000003874,5.2,79.60914166640309,5.142877660170127,9.072594185188173
55.0,Transformer-only Actor-Critic,1.0000000000057243,5.2,79.71388873860218,5.1698630980792455,9.056777029719832
55.5,Transformer-only Actor-Critic,1.0000000000084324,5.2,79.65790151530821,5.1723773291519635,9.066328330695008
56.0,Transformer-only Actor-Critic,1.000000000012383,5.2,79.86363917291555,5.150391138546494,9.068712594278256
56.5,Transformer-only Actor-Critic,1.0000000000181288,5.2,80.2020659220977,5.149509699353116,9.092012462749711
57.0,Transformer-only Actor-Critic,1.0000000000264588,5.2,80.47322157254266,5.243718267117103,9.094974326104902
57.5,Transformer-only Actor-Critic,1.0000000000384974,5.2,80.32527495475293,5.219188444707027,9.091376489569852
58.0,Transformer-only Actor-Critic,1.0000000000558409,5.2,80.35579389397036,5.206199547480379,9.07736583143467
58.5,Transformer-only Actor-Critic,1.0000000000807479,5.2,80.24660025642346,5.269137799739638,9.078351052136668
59.0,Transformer-only Actor-Critic,1.0000000001164047,5.2,80.37700403012181,5.300851368413489,9.097604099050454
59.5,Transformer-only Actor-Critic,1.0000000001672897,5.2,80.404561111179,5.267221025017431,9.090270690360166
60.0,Transformer-only Actor-Critic,1.0000000002396776,5.2,80.427229325889,5.255199246831686,9.108487501903166
60.5,Transformer-only Actor-Critic,1.0000000003423304,5.2,80.39356178750431,5.205826454078986,9.131828482494026
61.0,Transformer-only Actor-Critic,1.0000000004874419,5.2,80.20852099967229,5.156487064897969,9.142338276518535
61.5,Transformer-only Actor-Critic,1.0000000006919265,5.2,80.02469372681941,5.152324879404982,9.151873061245519
62.0,Transformer-only Actor-Critic,1.0000000009791667,5.2,79.84042745968573,5.1481759238321905,9.167516916639485
62.5,Transformer-only Actor-Critic,1.0000000013813795,5.2,79.77759150056198,5.1395081393736985,9.164148923298033
63.0,Transformer-only Actor-Critic,1.0000000019428035,5.2,79.87746402225079,5.129740445298835,9.176793813117841
63.5,Transformer-only Actor-Critic,1.0000000027239824,5.2,79.92158412571983,5.126505810577318,9.185612603235063
64.0,Transformer-only Actor-Critic,1.000000003807495,5.2,79.94019653050826,5.148195823820839,9.193941000702356
64.5,Transformer-only Actor-Critic,1.0000000053055933,5.2,80.10464050353592,5.133408638480087,9.196649733037727
65.0,Transformer-only Actor-Critic,1.0000000073703508,5.2,80.06787156871307,5.170669542729043,9.212208967258148
65.5,Transformer-only Actor-Critic,1.00000001020709,5.2,79.85582507047721,5.194171997034667,9.227679930950687
66.0,Transformer-only Actor-Critic,1.0000000140920873,5.2,79.68213458968224,5.174659869321837,9.203034323377937
66.5,Transformer-only Actor-Critic,1.000000019395826,5.2,79.45756129231664,5.164328235502278,9.232531567042523
67.0,Transformer-only Actor-Critic,1.0000000266134286,5.2,79.57265175315338,5.141870693095088,9.227475563545093
67.5,Transformer-only Actor-Critic,1.0000000364043227,5.2,79.27871038950519,5.210064947750865,9.240277662075485
68.0,Transformer-only Actor-Critic,1.0000000496437604,5.2,79.2059976509427,5.200437538047,9.245415116383086
68.5,Transformer-only Actor-Critic,1.0000000674894627,5.2,79.25124239266039,5.232875959821195,9.268190478194047
69.0,Transformer-only Actor-Critic,1.0000000914675096,5.2,79.50320170675754,5.227479938208965,9.26674070672365
69.5,Transformer-only Actor-Critic,1.0000001235825986,5.2,79.77332518289943,5.253197797352869,9.267075731559997
70.0,Transformer-only Actor-Critic,1.0000001664590368,5.2,79.94955063103122,5.2352623338632505,9.276501751986375
70.5,Transformer-only Actor-Critic,1.000000223520323,5.2,79.847212313681,5.246538131318032,9.260518287801565
71.0,Transformer-only Actor-Critic,1.0000002992169832,5.2,79.8681265475682,5.242822694495362,9.271967532405425
71.5,Transformer-only Actor-Critic,1.0000003993144706,5.2,79.58401787528024,5.215003371749997,9.250878571517795
72.0,Transformer-only Actor-Critic,1.000000531255504,5.2,80.04746346117835,5.198753510809474,9.259087503552333
72.5,Transformer-only Actor-Critic,1.0000007046142487,5.2,79.96954670807169,5.1438249518451,9.267544049391125
73.0,Transformer-only Actor-Critic,1.000000931663293,5.2,80.21019963125472,5.146792501476076,9.273933141699082
73.5,Transformer-only Actor-Critic,1.0000012280785147,5.2,80.18603835564782,5.116556126107063,9.276297901369139
74.0,Transformer-only Actor-Critic,1.0000016138117267,5.2,80.11906196668293,5.10843683886889,9.272551554212466
74.5,Transformer-only Actor-Critic,1.000002114166492,5.2,80.06712413612867,5.101669647788842,9.29248764218296
75.0,Transformer-only Actor-Critic,1.0000027611187725,5.2,80.2302849768746,5.144235465880818,9.281340140222584
75.5,Transformer-only Actor-Critic,1.0000035949311479,5.2,80.34437331412694,5.1421510022793955,9.271503459816183
76.0,Transformer-only Actor-Critic,1.0000046661172783,5.2,80.53675340038083,5.140203234779488,9.257383087139536
76.5,Transformer-only Actor-Critic,1.000006037822039,5.2,80.51390859653692,5.182682036137219,9.28276108993245
77.0,Transformer-only Actor-Critic,1.0000077886923797,5.2,80.55124208128248,5.195323584139618,9.279679005652284
77.5,Transformer-only Actor-Critic,1.0000100163243482,5.2,80.5683717683992,5.198352943813246,9.270603141205148
78.0,Transformer-only Actor-Critic,1.0000128413827973,5.2,80.60539665260798,5.226963095468571,9.285395466687216
78.5,Transformer-only Actor-Critic,1.000016412501932,5.2,80.521042060024,5.2355661589765905,9.259984233550275
79.0,Transformer-only Actor-Critic,1.0000209120868073,5.2,80.33556642603548,5.266596302105635,9.263155447919315
79.5,Transformer-only Actor-Critic,1.000026563147924,5.2,80.22403068191525,5.243006307562176,9.238039668126849
80.0,Transformer-only Actor-Critic,1.00003363731277,5.2,80.03970326887955,5.259348899691154,9.228012798514914
80.5,Transformer-only Actor-Critic,1.0000424641691403,5.2,80.12483240961639,5.238834971599666,9.199144769881734
81.0,Transformer-only Actor-Critic,1.0000534421047045,5.2,79.79244884381157,5.244557630225611,9.190181635756282
81.5,Transformer-only Actor-Critic,1.000067050814999,5.2,79.70304447857481,5.255858512069288,9.186592182800828
82.0,Transformer-only Actor-Critic,1.0000838656569757,5.2,79.53951925183944,5.241707061134182,9.178636442338771
82.5,Transformer-only Actor-Critic,1.000104574026606,5.2,79.50981340044542,5.237007373172905,9.191534463851315
83.0,Transformer-only Actor-Critic,1.000129993935814,5.2,79.17493471254555,5.201912771257429,9.186205951834882
83.5,Transformer-only Actor-Critic,1.000161094955142,5.2,79.21915035543034,5.154903553626332,9.193918678099315
84.0,Transformer-only Actor-Critic,1.000199021672874,5.2,79.43656781981353,5.159774375304555,9.193800816653845
84.5,Transformer-only Actor-Critic,1.000245119797651,5.2,79.38144051138882,5.172994413842242,9.176050970882846
85.0,Transformer-only Actor-Critic,1.0003009649987071,5.2,79.4837424551881,5.178569238325514,9.183076597235276
85.5,Transformer-only Actor-Critic,1.0003683945344832,5.2,79.65009896079076,5.177185600639431,9.172419528071163
86.0,Transformer-only Actor-Critic,1.000449541665462,5.2,79.6871761823142,5.1702695938735115,9.165914550548715
86.5,Transformer-only Actor-Critic,1.0005468727795457,5.2,79.87816899378178,5.155843593478193,9.176831778584559
87.0,Transformer-only Actor-Critic,1.0006632270774112,5.2,79.56476658858136,5.1138336575599865,9.161531245359514
87.5,Transformer-only Actor-Critic,1.000801858570437,5.2,79.62237552870273,5.1342749156270395,9.155994364680414
88.0,Transformer-only Actor-Critic,1.000966480034868,5.2,79.58424917231441,5.140860855919467,9.151291460760406
88.5,Transformer-only Actor-Critic,1.0011613084430833,5.2,79.29869609182687,5.171829586010086,9.143205888583736
89.0,Transformer-only Actor-Critic,1.0013911112569485,5.2,79.07134205532802,5.197937757068154,9.132670506836213
89.5,Transformer-only Actor-Critic,1.0016612528206854,5.2,79.32881973469094,5.230780582033717,9.146256173312148
90.0,Transformer-only Actor-Critic,0.3519777399334825,4.65,81.83361198156275,4.906538052689477,9.109384826316452
90.5,Transformer-only Actor-Critic,0.35234726551810247,4.65,81.80989046224747,4.896691566760109,9.087465109961988
91.0,Transformer-only Actor-Critic,0.35277724913456054,4.65,81.5342290272951,4.885967670020134,9.058279840585234
91.5,Transformer-only Actor-Critic,0.35327587292204,4.65,81.47652659228936,4.890672443839534,9.027019476593265
92.0,Transformer-only Actor-Critic,0.35385211139279715,4.65,81.48926586360938,4.877397867282793,9.004879274847731
92.5,Transformer-only Actor-Critic,0.3545157533549453,4.65,81.43776414863305,4.8406434152353315,8.999409594078529
93.0,Transformer-only Actor-Critic,0.35527741411341773,4.65,81.48310200344311,4.801419985586197,8.971718782126434
93.5,Transformer-only Actor-Critic,0.3561485359974309,4.65,81.22936753436252,4.829331983321898,8.952270793527877
94.0,Transformer-only Actor-Critic,0.3571413751961376,4.65,81.38357844939644,4.779229477932706,8.915589677823043
94.5,Transformer-only Actor-Critic,0.35826897285984916,4.65,81.15923234754743,4.754447982915352,8.904581666160933
95.0,Transformer-only Actor-Critic,0.35954510845013393,4.65,81.13531867875247,4.738070881120412,8.8844114167402
95.5,Transformer-only Actor-Critic,0.36098423340585184,4.65,80.91214974033919,4.719064035241261,8.873727427221711
96.0,Transformer-only Actor-Critic,0.36260138334068837,4.65,80.56615703976371,4.738910959773474,8.87157258629317
96.5,Transformer-only Actor-Critic,0.3644120672068869,4.65,80.49182159241175,4.702079874753022,8.8719437216494
97.0,Transformer-only Actor-Critic,0.3664321321541326,4.65,80.37261232460968,4.674692231685199,8.87986032844515
97.5,Transformer-only Actor-Critic,0.36867760318460613,4.65,80.36635902151994,4.7126170115385175,8.850835123952711
98.0,Transformer-only Actor-Critic,0.3711644971556325,4.65,80.5569574778192,4.730135176430632,8.840933441184706
98.5,Transformer-only Actor-Critic,0.3739086112081346,4.65,80.36135191878172,4.736498366365648,8.839616072247166
99.0,Transformer-only Actor-Critic,0.376925286297508,4.65,80.54065559424615,4.768356953283363,8.803358958325996
99.5,Transformer-only Actor-Critic,0.380229147165786,4.65,80.18286898427574,4.751211157886417,8.807111082566108
100.0,Transformer-only Actor-Critic,0.3838338208091532,4.65,80.42737314068583,4.770568768399948,8.80796350241736
100.5,Transformer-only Actor-Critic,0.38775163624887726,4.65,80.17955705715931,4.777564159413195,8.804211319126455
101.0,Transformer-only Actor-Critic,0.39199330918938335,4.65,80.29144006661656,4.800013756665221,8.809561829003371
101.5,Transformer-only Actor-Critic,0.39656761592442524,4.65,80.04585651125686,4.79470687142781,8.788308955997604
102.0,Transformer-only Actor-Critic,0.4014810616085497,4.65,80.28118930417857,4.769936845973716,8.773399223106976
102.5,Transformer-only Actor-Critic,0.4067375487217398,4.65,79.9310057296124,4.708522580261786,8.753252455384708
103.0,Transformer-only Actor-Critic,0.412338052194324,4.65,79.61014412735089,4.679891662935516,8.747899826882911
103.5,Transformer-only Actor-Critic,0.4182803082004446,4.65,79.53120248028999,4.686870607863242,8.756494376112425
104.0,Transformer-only Actor-Critic,0.4245585240453554,4.65,79.37357326236507,4.655905521733513,8.764992489853944
104.5,Transformer-only Actor-Critic,0.4311631168395874,4.65,79.59222412061122,4.653956033464476,8.762974272585575
105.0,Transformer-only Actor-Critic,0.43808048874887423,4.65,79.7261260994809,4.648791201829847,8.791433772159605
105.5,Transformer-only Actor-Critic,0.4452928465132481,4.65,79.98078535532956,4.6104326871033985,8.802761081312847
106.0,Transformer-only Actor-Critic,0.4527780726267968,4.65,80.35144141737796,4.611494479430786,8.779451249464634
106.5,Transformer-only Actor-Critic,0.4605096550513309,4.65,80.39661755148589,4.599341874714328,8.762431540359618
107.0,Transformer-only Actor-Critic,0.46845668159884096,4.65,80.26697002376244,4.600154667088686,8.75523510677574
107.5,Transformer-only Actor-Critic,0.4765839041620251,4.65,80.40706332286166,4.603452499273968,8.749816079263994
108.0,Transformer-only Actor-Critic,0.4848518768094066,4.65,80.15611362556946,4.593710685445606,8.742088459042073
108.5,Transformer-only Actor-Critic,0.4932171704091233,4.65,80.00753716909817,4.6474962776077255,8.745434545148566
109.0,Transformer-only Actor-Critic,0.5016326649281584,4.65,80.04359940270454,4.641427512736732,8.745303492626931
109.5,Transformer-only Actor-Critic,0.5100479189034482,4.65,79.89831225621285,4.624862477987942,8.749017584123337
110.0,Transformer-only Actor-Critic,0.5184096138361817,4.65,79.96218690404925,4.64682303627888,8.758635241768582
110.5,Transformer-only Actor-Critic,0.5266620694644291,4.65,79.85148753414819,4.661855041318212,8.767483121602668
111.0,Transformer-only Actor-Critic,0.5347478240700771,4.65,80.12713624949473,4.647941174895312,8.75108552622344
111.5,Transformer-only Actor-Critic,0.542608272224844,4.65,80.11807029900987,4.689651942161607,8.750788062238506
112.0,Transformer-only Actor-Critic,0.550184350729202,4.65,80.24031656458845,4.688441502016364,8.76550287930504
112.5,Transformer-only Actor-Critic,0.5574172619991782,4.65,80.16286153243098,4.685681003462179,8.744954307250286
113.0,Transformer-only Actor-Critic,0.5642492228588197,4.65,80.39146754700475,4.677254027282305,8.756537411018323
113.5,Transformer-only Actor-Critic,0.5706242256461489,4.65,80.43865896640546,4.66012166021015,8.7483976695319
114.0,Transformer-only Actor-Critic,0.5764887977773774,4.65,80.19177624736577,4.633904140087907,8.716874333182782
114.5,Transformer-only Actor-Critic,0.5817927454703087,4.65,79.94825829018811,4.6336047140125025,8.711219022124222
115.0,Transformer-only Actor-Critic,0.5864898672266914,4.65,80.00190562914665,4.601034543340214,8.704761675031348
115.5,Transformer-only Actor-Critic,0.5905386229283645,4.65,79.95682898870608,4.558240808070876,8.708837402019752
116.0,Transformer-only Actor-Critic,0.5939027450162114,4.65,79.67909179839548,4.579905888702517,8.680249517353124
116.5,Transformer-only Actor-Critic,0.596551779185979,4.65,79.72841217570198,4.569467165235034,8.68155271089459
117.0,Transformer-only Actor-Critic,0.5984615433316103,4.65,79.48371872997996,4.552110529196271,8.661946667731298
117.5,Transformer-only Actor-Critic,0.5996144950648824,4.65,79.52718017048409,4.550162416102806,8.662595963450736
118.0,Transformer-only Actor-Critic,0.6,4.65,79.43684928278921,4.568399791041637,8.654038434084255
118.5,Transformer-only Actor-Critic,0.5996144950648824,4.65,79.44804830070738,4.5603964762320786,8.655347788513003
119.0,Transformer-only Actor-Critic,0.5984615433316103,4.65,79.65268420284531,4.593416194637687,8.667454159550367
119.5,Transformer-only Actor-Critic,0.596551779185979,4.65,79.60260877249499,4.579947925054581,8.65590812795607
120.0,Transformer-only Actor-Critic,0.5939027450162114,4.65,79.5182397987168,4.590828558395682,8.670216069379268
120.5,Transformer-only Actor-Critic,0.5905386229283645,4.65,79.51878320479467,4.630980270106399,8.680756166472197
121.0,Transformer-only Actor-Critic,0.5864898672266914,4.65,79.19001950576198,4.66833980310976,8.692166792200215
121.5,Transformer-only Actor-Critic,0.5817927454703087,4.65,79.4860183609694,4.684094058330647,8.685692879796358
122.0,Transformer-only Actor-Critic,0.5764887977773774,4.65,79.57502453072671,4.671154387002443,8.671411048648723
122.5,Transformer-only Actor-Critic,0.5706242256461489,4.65,79.71081625368994,4.687622226381609,8.64943656898079
123.0,Transformer-only Actor-Critic,0.5642492228588197,4.65,79.6690579367972,4.706760932580213,8.66550231997876
123.5,Transformer-only Actor-Critic,0.5574172619991782,4.65,79.61459889403449,4.699642616208672,8.690949376600864
124.0,Transformer-only Actor-Critic,0.550184350729202,4.65,79.66546311507992,4.672738952962251,8.727162425472342
124.5,Transformer-only Actor-Critic,0.542608272224844,4.65,79.70553525519804,4.672890640814391,8.726440763850224
125.0,Transformer-only Actor-Critic,0.5347478240700771,4.65,79.60134541942804,4.673779650543125,8.697830637737482
125.5,Transformer-only Actor-Critic,0.5266620694644291,4.65,79.95271721109691,4.651867645956674,8.72871152635835
126.0,Transformer-only Actor-Critic,0.5184096138361817,4.65,80.04322189270727,4.648038862641389,8.729741906452976
126.5,Transformer-only Actor-Critic,0.5100479189034482,4.65,80.25815176143584,4.658336255520655,8.734733221063996
127.0,Transformer-only Actor-Critic,0.5016326649281584,4.65,80.53007165008198,4.619395799398376,8.72693805909378
127.5,Transformer-only Actor-Critic,0.4932171704091233,4.65,80.45970685957158,4.626654086574291,8.72536239532568
128.0,Transformer-only Actor-Critic,0.4848518768094066,4.65,80.6914107246391,4.622350422628018,8.757918138129789
128.5,Transformer-only Actor-Critic,0.4765839041620251,4.65,80.80779537691082,4.608936116114603,8.75927802200507
129.0,Transformer-only Actor-Critic,0.46845668159884096,4.65,80.77518841568313,4.6264237394052845,8.74202231620899
129.5,Transformer-only Actor-Critic,0.4605096550513309,4.65,80.91710950393455,4.5971756831744,8.744197969040183
130.0,Transformer-only Actor-Critic,0.4527780726267968,4.65,80.90376926690492,4.59654446399569,8.757522040874669
130.5,Transformer-only Actor-Critic,0.4452928465132481,4.65,80.7958657643904,4.603125860123241,8.769773802729944
131.0,Transformer-only Actor-Critic,0.43808048874887423,4.65,80.34740077521757,4.661347072458122,8.783284296726473
131.5,Transformer-only Actor-Critic,0.4311631168395874,4.65,80.49610919451666,4.6670559635419995,8.790728880288585
132.0,Transformer-only Actor-Critic,0.4245585240453554,4.65,80.71350279558115,4.663482955842585,8.788978837465345
132.5,Transformer-only Actor-Critic,0.4182803082004446,4.65,80.7572602664269,4.692766980154755,8.791741263943877
133.0,Transformer-only Actor-Critic,0.412338052194324,4.65,80.97809746564118,4.697609876695348,8.791508646137416
133.5,Transformer-only Actor-Critic,0.4067375487217398,4.65,80.77186121213023,4.713638553318172,8.789837364971046
134.0,Transformer-only Actor-Critic,0.4014810616085497,4.65,80.64770065271313,4.695326849045833,8.765614119762496
134.5,Transformer-only Actor-Critic,0.39656761592442524,4.65,80.36859440803762,4.700725304444557,8.736903263306575
135.0,Transformer-only Actor-Critic,0.39199330918938335,4.65,80.46620613481933,4.705900115071644,8.727015034833183
135.5,Transformer-only Actor-Critic,0.38775163624887726,4.65,80.59599447422845,4.708142889270971,8.70399875243959
136.0,Transformer-only Actor-Critic,0.3838338208091532,4.65,80.46139014683327,4.663952201566137,8.716035061144368
136.5,Transformer-only Actor-Critic,0.380229147165786,4.65,80.3095643959657,4.679160121403992,8.710680178003102
137.0,Transformer-only Actor-Critic,0.376925286297508,4.65,80.19722672697655,4.668274938788653,8.72773503990202
137.5,Transformer-only Actor-Critic,0.3739086112081346,4.65,79.90819486709816,4.664809841818813,8.736476980115086
138.0,Transformer-only Actor-Critic,0.3711644971556325,4.65,79.92239403821544,4.668667871047334,8.729549704162396
138.5,Transformer-only Actor-Critic,0.36867760318460613,4.65,79.96466082179374,4.665029647849943,8.731140016272482
139.0,Transformer-only Actor-Critic,0.3664321321541326,4.65,80.00180670842417,4.655700606434018,8.727373278981467
139.5,Transformer-only Actor-Critic,0.3644120672068869,4.65,80.02247969463427,4.619960032102955,8.705853412136614
140.0,Transformer-only Actor-Critic,0.36260138334068837,4.65,79.7877950417995,4.641625210231709,8.710646901049024
0.0,CNN-only Actor-Critic,1.1750631474976552e-38,4.2,80.0436148543389,4.2,8.2
0.5,CNN-only Actor-Critic,2.430686531144583e-38,4.2,80.16302068602694,4.208984963730461,8.20311351270226
1.0,CNN-only Actor-Critic,5.012521954904135e-38,4.2,80.17427979176536,4.173773635700515,8.201059989983165
1.5,CNN-only Actor-Critic,1.0304886343248124e-37,4.2,80.26852020858546,4.197938833777186,8.214362406417004
2.0,CNN-only Actor-Critic,2.111979553307528e-37,4.2,80.31530384504518,4.217680713487343,8.234269971447363
2.5,CNN-only Actor-Critic,4.3151490120458e-37,4.2,80.41317897354456,4.251059760307633,8.23777698645468
3.0,CNN-only Actor-Critic,8.789445358187936e-37,4.2,80.34921450385177,4.250128909413754,8.238880200301214
3.5,CNN-only Actor-Critic,1.7847883751484113e-36,4.2,80.20310788642651,4.240768067127204,8.247849204754967
4.0,CNN-only Actor-Critic,3.6130300323853646e-36,4.2,80.11614814028174,4.241623595331604,8.263485015675608
4.5,CNN-only Actor-Critic,7.291485213576366e-36,4.2,80.1643772282217,4.222155547871882,8.255312474712714
5.0,CNN-only Actor-Critic,1.4669658782553827e-35,4.2,80.19725883888482,4.220051529963964,8.262305229269163
5.5,CNN-only Actor-Critic,2.9422773598041807e-35,4.2,79.97935109445703,4.237301153810788,8.28325212699536
6.0,CNN-only Actor-Critic,5.883107614922186e-35,4.2,79.96088897032006,4.204684123307749,8.27302393810394
6.5,CNN-only Actor-Critic,1.1727071154673626e-34,4.2,80.14114747755079,4.19859833215293,8.279652430778382
7.0,CNN-only Actor-Critic,2.3304077333497262e-34,4.2,80.37098182065907,4.193076694746547,8.284399523640289
7.5,CNN-only Actor-Critic,4.616723343363617e-34,4.2,80.38168096470226,4.190800784460096,8.278738616342292
8.0,CNN-only Actor-Critic,9.117911502900016e-34,4.2,80.48722721153918,4.189508909711145,8.284156806236824
8.5,CNN-only Actor-Critic,1.7952150482346015e-33,4.2,80.3222176296333,4.181059847370592,8.273454974935303
9.0,CNN-only Actor-Critic,3.523685767548875e-33,4.2,80.04776544603001,4.186991280233057,8.283156807464685
9.5,CNN-only Actor-Critic,6.895050470861781e-33,4.2,79.9267232544962,4.155969941913463,8.288044136153372
10.0,CNN-only Actor-Critic,1.3450465400052846e-32,4.2,79.98531548790649,4.160014438703859,8.287448459413183
10.5,CNN-only Actor-Critic,2.6157531603528343e-32,4.2,79.83500000386213,4.173389389754329,8.28390540407401
11.0,CNN-only Actor-Critic,5.071258991223678e-32,4.2,79.84572911836922,4.188545848677045,8.29051100013126
11.5,CNN-only Actor-Critic,9.801542054526966e-32,4.2,79.78274388129572,4.189280411638429,8.277224455517306
12.0,CNN-only Actor-Critic,1.8885679252166216e-31,4.2,79.87487261630633,4.230777165181661,8.271097392849121
12.5,CNN-only Actor-Critic,3.627691908311167e-31,4.2,79.72952640785067,4.21802831945719,8.248009907526413
13.0,CNN-only Actor-Critic,6.9468475457927755e-31,4.2,79.68523354584963,4.220824575780803,8.257004513607088
13.5,CNN-only Actor-Critic,1.326186872627722e-30,4.2,80.04192905080173,4.217918587898487,8.23571668970788
14.0,CNN-only Actor-Critic,2.5239530168261687e-30,4.2,80.08727427290114,4.212679381732163,8.227682572589961
14.5,CNN-only Actor-Critic,4.78869737991787e-30,4.2,80.0945222553345,4.2481359244313595,8.215180238953003
15.0,CNN-only Actor-Critic,9.057599306310713e-30,4.2,80.01790536390152,4.247933211287922,8.211299662896163
15.5,CNN-only Actor-Critic,1.7079234467860292e-29,4.2,80.05501641631527,4.245925305489736,8.203169026531965
16.0,CNN-only Actor-Critic,3.210578418169003e-29,4.2,80.05042636079546,4.227008069809059,8.186412796799464
16.5,CNN-only Actor-Critic,6.016691558435325e-29,4.2,80.22550367411687,4.161588954367754,8.183740719628563
17.0,CNN-only Actor-Critic,1.1240659681163615e-28,4.2,80.10717022260887,4.1365699900906385,8.205119338240394
17.5,CNN-only Actor-Critic,2.093560113651594e-28,4.2,79.91284778902732,4.120330564408208,8.199089023105598
18.0,CNN-only Actor-Critic,3.887215847662516e-28,4.2,79.81479382351729,4.1568719906913625,8.184054710272441
18.5,CNN-only Actor-Critic,7.195342356220017e-28,4.2,79.86932974265814,4.14703054867124,8.191271022189824
19.0,CNN-only Actor-Critic,1.3277730624197738e-27,4.2,79.93333482075192,4.165428863547658,8.183361656636173
19.5,CNN-only Actor-Critic,2.4426195535774756e-27,4.2,79.75833104663525,4.185794257689353,8.186604106002106
20.0,CNN-only Actor-Critic,4.479684108455565e-27,4.2,80.04910461056708,4.202122498170657,8.184143404284727
20.5,CNN-only Actor-Critic,8.190275977336858e-27,4.2,80.24309189701685,4.214942559895448,8.171485208055556
21.0,CNN-only Actor-Critic,1.4928262616195027e-26,4.2,80.24149187735755,4.217414333469322,8.165585629007614
21.5,CNN-only Actor-Critic,2.7125614293287284e-26,4.2,80.40344392246358,4.250743869095703,8.143945702403762
22.0,CNN-only Actor-Critic,4.913709560409186e-26,4.2,80.2995966987165,4.237361355267622,8.157332061533767
22.5,CNN-only Actor-Critic,8.873582023108572e-26,4.2,80.51909022293654,4.251653825945834,8.15745578141221
23.0,CNN-only Actor-Critic,1.5975263801376018e-25,4.2,80.54400549742537,4.252677832762149,8.145985282194149
23.5,CNN-only Actor-Critic,2.86719145556399e-25,4.2,80.57427551452709,4.255097009091623,8.137238526382594
24.0,CNN-only Actor-Critic,5.130089406446606e-25,4.2,80.53352842827434,4.276529703865061,8.150045530216955
24.5,CNN-only Actor-Critic,9.150667165501178e-25,4.2,80.39489199699089,4.270503785766571,8.144966687945901
25.0,CNN-only Actor-Critic,1.6271971288669636e-24,4.2,80.42723982378273,4.26255965073829,8.162370415968216
25.5,CNN-only Actor-Critic,2.8846103957668404e-24,4.2,80.5340403446989,4.2496534639143,8.154284521712547
26.0,CNN-only Actor-Critic,5.0979285496671616e-24,4.2,80.39717274050136,4.220002058825447,8.15567261810798
26.5,CNN-only Actor-Critic,8.981728213427777e-24,4.2,80.21417157282123,4.223995524452312,8.153796827426378
27.0,CNN-only Actor-Critic,1.5775591758050424e-23,4.2,80.17625821792028,4.18352666216413,8.179346041136407
27.5,CNN-only Actor-Critic,2.762300956524203e-23,4.2,80.49243624250497,4.164656631341612,8.205263650599141
28.0,CNN-only Actor-Critic,4.8218746199097946e-23,4.2,80.11911779054452,4.140468458223099,8.192997469260579
28.5,CNN-only Actor-Critic,8.391129394700477e-23,4.2,80.21052009395063,4.150034465389802,8.174353856124325
29.0,CNN-only Actor-Critic,1.4557423203843056e-22,4.2,80.30701998179666,4.151004210305004,8.191380960822585
29.5,CNN-only Actor-Critic,2.517724361833868e-22,4.2,80.59999830332437,4.14145443643072,8.192146421415016
30.0,CNN-only Actor-Critic,1.0,5.2,75.69584047890784,4.712601519301811,8.234351550297099
30.5,CNN-only Actor-Critic,1.0,5.2,75.65695286643452,4.736938351153455,8.281453134963302
31.0,CNN-only Actor-Critic,1.0,5.2,75.86343970666526,4.743279797477153,8.311162833091394
31.5,CNN-only Actor-Critic,1.0,5.2,76.07308018854626,4.741127304702476,8.336704839007226
32.0,CNN-only Actor-Critic,1.0,5.2,75.97308557775737,4.773207047993431,8.376137856166777
32.5,CNN-only Actor-Critic,1.0,5.2,76.27672413227802,4.823274326148262,8.40387291705352
33.0,CNN-only Actor-Critic,1.0,5.2,76.39707140771169,4.860333649030014,8.446206788227526
33.5,CNN-only Actor-Critic,1.0,5.2,76.74634469572378,4.901262506032571,8.462860819889263
34.0,CNN-only Actor-Critic,1.0,5.2,77.08753067012182,4.887565714852561,8.496348464368237
34.5,CNN-only Actor-Critic,1.0,5.2,77.33212454445466,4.901789628450741,8.506978292512123
35.0,CNN-only Actor-Critic,1.0,5.2,77.55263450117234,4.9090992933023125,8.552235184570788
35.5,CNN-only Actor-Critic,1.0,5.2,77.83296927937401,4.956713718482947,8.558088098564538
36.0,CNN-only Actor-Critic,1.0,5.2,78.14059089903864,4.9347160339850324,8.593498390429518
36.5,CNN-only Actor-Critic,1.0,5.2,78.06846944560652,4.960293917608218,8.618305601424927
37.0,CNN-only Actor-Critic,1.0,5.2,78.12651798202002,4.960648474851926,8.658896513467587
37.5,CNN-only Actor-Critic,1.0,5.2,78.15463347207364,4.975079254813199,8.67618494055454
38.0,CNN-only Actor-Critic,1.0,5.2,78.31078637314073,4.963310698769819,8.705586233714286
38.5,CNN-only Actor-Critic,1.0,5.2,78.27424262734873,4.969102540068302,8.727803512038545
39.0,CNN-only Actor-Critic,1.0,5.2,78.46964024957069,4.954258641734194,8.742491509918015
39.5,CNN-only Actor-Critic,1.0,5.2,78.34041660929799,4.977309213491797,8.7736084924414
40.0,CNN-only Actor-Critic,1.0,5.2,78.36359093826668,4.96387622573445,8.799839593577142
40.5,CNN-only Actor-Critic,1.0,5.2,78.19778981152588,4.9494287945973,8.797982404547495
41.0,CNN-only Actor-Critic,1.0,5.2,78.46547017237164,4.917314740967012,8.827066452797181
41.5,CNN-only Actor-Critic,1.0,5.2,78.5803139002399,4.942486397292406,8.836822836036925
42.0,CNN-only Actor-Critic,1.0,5.2,78.74649760781989,4.9450012035204525,8.854086015895241
42.5,CNN-only Actor-Critic,1.0000000000000002,5.2,78.72126258365692,5.000786383899241,8.835443575739419
43.0,CNN-only Actor-Critic,1.0000000000000002,5.2,78.65088331863575,5.0087154228954205,8.838498392473856
43.5,CNN-only Actor-Critic,1.0000000000000002,5.2,78.58773686332974,5.034214666963967,8.863754975203117
44.0,CNN-only Actor-Critic,1.0000000000000004,5.2,78.44678745862365,5.03575209059135,8.878660211430436
44.5,CNN-only Actor-Critic,1.0000000000000009,5.2,78.51675266592262,5.058368592166504,8.888061836057776
45.0,CNN-only Actor-Critic,1.0000000000000013,5.2,78.29201807993711,5.067331056661016,8.881459447446021
45.5,CNN-only Actor-Critic,1.000000000000002,5.2,78.28396602849386,5.096972044561092,8.872589059552542
46.0,CNN-only Actor-Critic,1.000000000000003,5.2,78.40547211713874,5.07776885587579,8.886761706913015
46.5,CNN-only Actor-Critic,1.0000000000000049,5.2,78.45742585224112,5.112457139347635,8.884688637437831
47.0,CNN-only Actor-Critic,1.0000000000000075,5.2,78.50361500593552,5.142973827637252,8.887597591921866
47.5,CNN-only Actor-Critic,1.0000000000000118,5.2,78.67411994943006,5.149280391667704,8.864616022183638
48.0,CNN-only Actor-Critic,1.0000000000000182,5.2,78.68618984119647,5.134494582872427,8.877389168635553
48.5,CNN-only Actor-Critic,1.0000000000000282,5.2,78.73140383835897,5.11605958108532,8.861506505795049
49.0,CNN-only Actor-Critic,1.000000000000043,5.2,78.89187991506671,5.1356217516885705,8.870824755283842
49.5,CNN-only Actor-Critic,1.000000000000066,5.2,78.95206146135196,5.151328920620914,8.880084326582145
50.0,CNN-only Actor-Critic,1.0000000000001004,5.2,79.04989900757376,5.119162341276979,8.874035609694252
50.5,CNN-only Actor-Critic,1.0000000000001525,5.2,79.0063284727512,5.112545474315431,8.899998422027544
51.0,CNN-only Actor-Critic,1.0000000000002311,5.2,79.0579581510876,5.097627314787362,8.892593757803514
51.5,CNN-only Actor-Critic,1.0000000000003488,5.2,79.01064821740053,5.1062599811856275,8.873994627577506
52.0,CNN-only Actor-Critic,1.0000000000005251,5.2,78.96999544170434,5.089604040906911,8.861818426478758
52.5,CNN-only Actor-Critic,1.000000000000788,5.2,79.1439034655452,5.087803863496464,8.866894491559885
53.0,CNN-only Actor-Critic,1.0000000000011788,5.2,79.25764374014626,5.076285929341361,8.873958992314193
53.5,CNN-only Actor-Critic,1.000000000001758,5.2,79.57490693914524,5.093020423697341,8.880008237542667
54.0,CNN-only Actor-Critic,1.0000000000026137,5.2,79.24687625995259,5.121772283632387,8.88020904366779
54.5,CNN-only Actor-Critic,1.000000000003874,5.2,79.25171609619156,5.126938449551467,8.893827970239927
55.0,CNN-only Actor-Critic,1.0000000000057243,5.2,79.25378343680958,5.1852812331707705,8.90237903610433
55.5,CNN-only Actor-Critic,1.0000000000084324,5.2,79.29593695055748,5.178473357163245,8.902623603371037
56.0,CNN-only Actor-Critic,1.000000000012383,5.2,79.42281753275628,5.180940642511201,8.903303138557085
56.5,CNN-only Actor-Critic,1.0000000000181288,5.2,79.47057264778825,5.189452907840854,8.900846642992803
57.0,CNN-only Actor-Critic,1.0000000000264588,5.2,79.62406220276277,5.192269272605106,8.90332669914856
57.5,CNN-only Actor-Critic,1.0000000000384974,5.2,79.94894786635938,5.21983957453774,8.912550466493585
58.0,CNN-only Actor-Critic,1.0000000000558409,5.2,80.0702275734009,5.212352646252661,8.930936600602797
58.5,CNN-only Actor-Critic,1.0000000000807479,5.2,79.98076643240076,5.202611132523299,8.915524949018078
59.0,CNN-only Actor-Critic,1.0000000001164047,5.2,79.69512149171777,5.239668168532263,8.91255713597482
59.5,CNN-only Actor-Critic,1.0000000001672897,5.2,79.89481922472964,5.2126999003333125,8.934011661968915
60.0,CNN-only Actor-Critic,1.0000000002396776,5.2,79.93824682069742,5.203656455730987,8.947415479547836
60.5,CNN-only Actor-Critic,1.0000000003423304,5.2,79.77290584089867,5.189754363659144,8.943952795150416
61.0,CNN-only Actor-Critic,1.0000000004874419,5.2,79.6514114273623,5.169781994971223,8.945310659930092
61.5,CNN-only Actor-Critic,1.0000000006919265,5.2,79.66631082616537,5.122334413370898,8.961465843710757
62.0,CNN-only Actor-Critic,1.0000000009791667,5.2,79.97780569002566,5.137530532490885,8.973119141361886
62.5,CNN-only Actor-Critic,1.0000000013813795,5.2,79.83057795825987,5.117853867765392,8.968155825095126
63.0,CNN-only Actor-Critic,1.0000000019428035,5.2,79.6812558830978,5.112690208949892,8.981306936452512
63.5,CNN-only Actor-Critic,1.0000000027239824,5.2,79.55774368571336,5.1271023208342,9.008955486335656
64.0,CNN-only Actor-Critic,1.000000003807495,5.2,79.54129836822165,5.134702919616935,9.019233275207217
64.5,CNN-only Actor-Critic,1.0000000053055933,5.2,79.5761585982085,5.16254237603319,9.03053299287013
65.0,CNN-only Actor-Critic,1.0000000073703508,5.2,79.48229195293356,5.164268298872909,9.049914168006895
65.5,CNN-only Actor-Critic,1.00000001020709,5.2,79.3659977584671,5.149415342393762,9.057703457369046
66.0,CNN-only Actor-Critic,1.0000000140920873,5.2,79.61432482924107,5.151922560393366,9.07627193836723
66.5,CNN-only Actor-Critic,1.000000019395826,5.2,79.74227476631998,5.12750235471678,9.058512077745153
67.0,CNN-only Actor-Critic,1.0000000266134286,5.2,79.53806529865828,5.156488873490681,9.079766564658156
67.5,CNN-only Actor-Critic,1.0000000364043227,5.2,79.4972136949937,5.183007366924573,9.054676299558661
68.0,CNN-only Actor-Critic,1.0000000496437604,5.2,79.62399633188625,5.191540438494464,9.058157554043705
68.5,CNN-only Actor-Critic,1.0000000674894627,5.2,79.48735927637296,5.225568364766775,9.076160802519171
69.0,CNN-only Actor-Critic,1.0000000914675096,5.2,79.55083529982167,5.200361251744418,9.092187731833144
69.5,CNN-only Actor-Critic,1.0000001235825986,5.2,79.68531185633937,5.199928293685073,9.11195876557452
70.0,CNN-only Actor-Critic,1.0000001664590368,5.2,79.96910044380239,5.197354457978061,9.133630612356965
70.5,CNN-only Actor-Critic,1.000000223520323,5.2,80.02583022511392,5.226890304133465,9.13091378587587
71.0,CNN-only Actor-Critic,1.0000002992169832,5.2,79.99837869734387,5.1861246849896405,9.130776885972017
71.5,CNN-only Actor-Critic,1.0000003993144706,5.2,79.92333762481259,5.171141863843032,9.109079375643125
72.0,CNN-only Actor-Critic,1.000000531255504,5.2,79.9452024488488,5.130288502087929,9.116239759440079
72.5,CNN-only Actor-Critic,1.0000007046142487,5.2,80.03591631073627,5.1044265742153065,9.114640934392423
73.0,CNN-only Actor-Critic,1.000000931663293,5.2,80.01972391705395,5.114331761278157,9.1444923788745
73.5,CNN-only Actor-Critic,1.0000012280785147,5.2,80.04277905000434,5.125543113339022,9.134796556236333
74.0,CNN-only Actor-Critic,1.0000016138117267,5.2,80.24460889507581,5.165932429776213,9.13282035385897
74.5,CNN-only Actor-Critic,1.000002114166492,5.2,80.31039952708375,5.14999484506181,9.132744550060155
75.0,CNN-only Actor-Critic,1.0000027611187725,5.2,80.49608083768513,5.155156908976307,9.116306777410257
75.5,CNN-only Actor-Critic,1.0000035949311479,5.2,80.44199795816303,5.18095187347584,9.093005197684285
76.0,CNN-only Actor-Critic,1.0000046661172783,5.2,80.44058929409567,5.193347724522366,9.09127224251833
76.5,CNN-only Actor-Critic,1.000006037822039,5.2,80.49955473555899,5.193210365486221,9.087661910065854
77.0,CNN-only Actor-Critic,1.0000077886923797,5.2,80.48983351189176,5.1451122271870116,9.093891754655582
77.5,CNN-only Actor-Critic,1.0000100163243482,5.2,80.24294500665327,5.175713793162266,9.097372417077338
78.0,CNN-only Actor-Critic,1.0000128413827973,5.2,80.21983488713616,5.212845607204825,9.0834404562963
78.5,CNN-only Actor-Critic,1.000016412501932,5.2,80.24114593572993,5.213293844665995,9.08895625472764
79.0,CNN-only Actor-Critic,1.0000209120868073,5.2,80.34940179568551,5.244127472394767,9.061338337194853
79.5,CNN-only Actor-Critic,1.000026563147924,5.2,80.30414165641962,5.259954142630078,9.055904500930662
80.0,CNN-only Actor-Critic,1.00003363731277,5.2,80.02649134335462,5.249536347580646,9.054592705207043
80.5,CNN-only Actor-Critic,1.0000424641691403,5.2,80.0077240729485,5.2510593540215345,9.037014650165398
81.0,CNN-only Actor-Critic,1.0000534421047045,5.2,79.90583173378805,5.2478419661553986,9.041066360942859
81.5,CNN-only Actor-Critic,1.000067050814999,5.2,79.72587840607244,5.218273206408253,9.04414220345959
82.0,CNN-only Actor-Critic,1.0000838656569757,5.2,79.58087464300147,5.195685938146059,9.026447966042122
82.5,CNN-only Actor-Critic,1.000104574026606,5.2,79.51773031614424,5.167843554237706,9.011712937739311
83.0,CNN-only Actor-Critic,1.000129993935814,5.2,79.52903227835054,5.1602864694454205,9.001257426569353
83.5,CNN-only Actor-Critic,1.000161094955142,5.2,79.52716574253334,5.138873878555018,9.008401885124565
84.0,CNN-only Actor-Critic,1.000199021672874,5.2,79.58299199397601,5.138831455486649,8.98985176868696
84.5,CNN-only Actor-Critic,1.000245119797651,5.2,79.5379165655894,5.168686471837882,8.999260711632589
85.0,CNN-only Actor-Critic,1.0003009649987071,5.2,79.49019230100339,5.17347996862924,9.002499003833524
85.5,CNN-only Actor-Critic,1.0003683945344832,5.2,79.709835734656,5.1540343479660535,9.007107052251282
86.0,CNN-only Actor-Critic,1.000449541665462,5.2,79.635006091279,5.158543086051487,8.993137088449348
86.5,CNN-only Actor-Critic,1.0005468727795457,5.2,79.57505293162846,5.202692155378986,8.991986612838868
87.0,CNN-only Actor-Critic,1.0006632270774112,5.2,79.40808790638901,5.185590159282415,8.98008642024755
87.5,CNN-only Actor-Critic,1.000801858570437,5.2,79.18915043394068,5.192573817968425,8.976520374386192
88.0,CNN-only Actor-Critic,1.000966480034868,5.2,79.26692968758609,5.179474555889005,8.957965369592158
88.5,CNN-only Actor-Critic,1.0011613084430833,5.2,79.429311746103,5.133255012900233,8.96985352757068
89.0,CNN-only Actor-Critic,1.0013911112569485,5.2,79.45386196957097,5.144754080129819,8.980215685366108
89.5,CNN-only Actor-Critic,1.0016612528206854,5.2,79.56937640329858,5.1881226917035255,8.981900283895603
90.0,CNN-only Actor-Critic,0.3519777399334825,4.65,82.85409820304143,4.931257410867513,8.978816306223836
90.5,CNN-only Actor-Critic,0.35234726551810247,4.65,82.72532004585682,4.922615753922982,8.948271296959032
91.0,CNN-only Actor-Critic,0.35277724913456054,4.65,82.64883076370971,4.933582149069785,8.924546197259001
91.5,CNN-only Actor-Critic,0.35327587292204,4.65,82.5557258026465,4.933748286808375,8.920506363193798
92.0,CNN-only Actor-Critic,0.35385211139279715,4.65,82.39102480041211,4.901793139068291,8.92582792575771
92.5,CNN-only Actor-Critic,0.3545157533549453,4.65,82.32084630255402,4.875316314959846,8.892790588062908
93.0,CNN-only Actor-Critic,0.35527741411341773,4.65,82.16240618160492,4.8760244132438615,8.873162462913553
93.5,CNN-only Actor-Critic,0.3561485359974309,4.65,81.99976056551453,4.872683285953352,8.84539593228719
94.0,CNN-only Actor-Critic,0.3571413751961376,4.65,81.83209359549576,4.889786442720139,8.861155175018538
94.5,CNN-only Actor-Critic,0.35826897285984916,4.65,81.9269815847985,4.8507107396862175,8.859319356109227
95.0,CNN-only Actor-Critic,0.35954510845013393,4.65,81.86945214667342,4.83755976011305,8.845530147886283
95.5,CNN-only Actor-Critic,0.36098423340585184,4.65,81.56009594874482,4.808304582811993,8.844031558657814
96.0,CNN-only Actor-Critic,0.36260138334068837,4.65,81.5332247323527,4.816495336340053,8.857712176925428
96.5,CNN-only Actor-Critic,0.3644120672068869,4.65,81.45053838622407,4.805038993854572,8.858565128432602
97.0,CNN-only Actor-Critic,0.3664321321541326,4.65,81.55238134774795,4.7705741876581635,8.857956075128014
97.5,CNN-only Actor-Critic,0.36867760318460613,4.65,81.42627444685927,4.762601763288114,8.839565248768317
98.0,CNN-only Actor-Critic,0.3711644971556325,4.65,81.3985331361812,4.7692843348236,8.829691997222254
98.5,CNN-only Actor-Critic,0.3739086112081346,4.65,81.00027636191585,4.779506132390607,8.853451119054549
99.0,CNN-only Actor-Critic,0.376925286297508,4.65,81.05845876824077,4.803964105730127,8.841131555124853
99.5,CNN-only Actor-Critic,0.380229147165786,4.65,81.11401388301095,4.7847403672350275,8.821360203252086
100.0,CNN-only Actor-Critic,0.3838338208091532,4.65,81.2107019992278,4.799751609770384,8.798432024591218
100.5,CNN-only Actor-Critic,0.38775163624887726,4.65,80.94327473400978,4.800250089244402,8.795115665754057
101.0,CNN-only Actor-Critic,0.39199330918938335,4.65,80.60406879301668,4.746925011409538,8.77630885256915
101.5,CNN-only Actor-Critic,0.39656761592442524,4.65,80.44390105442716,4.761559661328942,8.78038004111309
102.0,CNN-only Actor-Critic,0.4014810616085497,4.65,80.30294822109852,4.779860958406359,8.78767447989838
102.5,CNN-only Actor-Critic,0.4067375487217398,4.65,80.2049844637185,4.812461944363459,8.789996874017248
103.0,CNN-only Actor-Critic,0.412338052194324,4.65,80.20537703354418,4.820461648183944,8.795123371644683
103.5,CNN-only Actor-Critic,0.4182803082004446,4.65,80.32269573752012,4.777272699256402,8.81050003782561
104.0,CNN-only Actor-Critic,0.4245585240453554,4.65,80.28420750039555,4.734206374630375,8.804273931071688
104.5,CNN-only Actor-Critic,0.4311631168395874,4.65,80.2912305497424,4.709128545495228,8.784762527695477
105.0,CNN-only Actor-Critic,0.43808048874887423,4.65,80.58845189600956,4.668503949708217,8.7797823224599
105.5,CNN-only Actor-Critic,0.4452928465132481,4.65,80.54618936513535,4.658558633644377,8.774469785484277
106.0,CNN-only Actor-Critic,0.4527780726267968,4.65,80.67205692996767,4.667908725951165,8.79337891984483
106.5,CNN-only Actor-Critic,0.4605096550513309,4.65,80.77046771510747,4.6494666846660895,8.768486006871672
107.0,CNN-only Actor-Critic,0.46845668159884096,4.65,80.82973138982615,4.619143268027182,8.74300777750108
107.5,CNN-only Actor-Critic,0.4765839041620251,4.65,80.69953595675042,4.61903989669349,8.73054437136773
108.0,CNN-only Actor-Critic,0.4848518768094066,4.65,80.39175567124977,4.624255293186374,8.731167618083099
108.5,CNN-only Actor-Critic,0.4932171704091233,4.65,80.46774033755153,4.621665159648917,8.714326949723391
109.0,CNN-only Actor-Critic,0.5016326649281584,4.65,80.25878416625915,4.622789962340375,8.709392545381789
109.5,CNN-only Actor-Critic,0.5100479189034482,4.65,80.24670523374557,4.637314648708167,8.71331578982179
110.0,CNN-only Actor-Critic,0.5184096138361817,4.65,80.17130058134602,4.624130033404988,8.696326622595832
110.5,CNN-only Actor-Critic,0.5266620694644291,4.65,80.28854954110008,4.657159576776886,8.68963204635079
111.0,CNN-only Actor-Critic,0.5347478240700771,4.65,80.21491488434893,4.684148094963592,8.685465296229191
111.5,CNN-only Actor-Critic,0.542608272224844,4.65,80.18328004838934,4.6903508453853995,8.666841573487304
112.0,CNN-only Actor-Critic,0.550184350729202,4.65,80.16910218276563,4.669942881837277,8.695456359226096
112.5,CNN-only Actor-Critic,0.5574172619991782,4.65,80.27544376096826,4.661478115063951,8.688236977159587
113.0,CNN-only Actor-Critic,0.5642492228588197,4.65,80.07919365603098,4.679361790492787,8.685463831775845
113.5,CNN-only Actor-Critic,0.5706242256461489,4.65,80.04434029373127,4.661628130941225,8.685271618620792
114.0,CNN-only Actor-Critic,0.5764887977773774,4.65,79.89817685338826,4.626697337225546,8.65044544283769
114.5,CNN-only Actor-Critic,0.5817927454703087,4.65,79.85962290962884,4.618049940647888,8.636137789907965
115.0,CNN-only Actor-Critic,0.5864898672266914,4.65,79.97478762944415,4.658224861686812,8.633166242277582
115.5,CNN-only Actor-Critic,0.5905386229283645,4.65,80.04259581476785,4.642740329805766,8.631390381167757
116.0,CNN-only Actor-Critic,0.5939027450162114,4.65,80.00720879195582,4.645409987555185,8.629876189011405
116.5,CNN-only Actor-Critic,0.596551779185979,4.65,79.88468530985702,4.634730098715452,8.642563002012166
117.0,CNN-only Actor-Critic,0.5984615433316103,4.65,79.7591398551975,4.605604664199978,8.63425110135943
117.5,CNN-only Actor-Critic,0.5996144950648824,4.65,79.64755239078589,4.578941274719689,8.637413234953593
118.0,CNN-only Actor-Critic,0.6,4.65,79.4451340891925,4.589300474169052,8.632424638790276
118.5,CNN-only Actor-Critic,0.5996144950648824,4.65,79.54245420128314,4.56235224216912,8.641942566336937
119.0,CNN-only Actor-Critic,0.5984615433316103,4.65,79.72032145868249,4.58741010382624,8.628835873592182
119.5,CNN-only Actor-Critic,0.596551779185979,4.65,79.71730274157018,4.6283994811304785,8.626369303558008
120.0,CNN-only Actor-Critic,0.5939027450162114,4.65,79.4875385905261,4.64480371685409,8.617140990734491
120.5,CNN-only Actor-Critic,0.5905386229283645,4.65,79.6645436326658,4.632375411821834,8.619441728368729
121.0,CNN-only Actor-Critic,0.5864898672266914,4.65,79.61144484980521,4.648746674175058,8.63681070257787
121.5,CNN-only Actor-Critic,0.5817927454703087,4.65,79.38126439386261,4.657472471271768,8.637988816151813
122.0,CNN-only Actor-Critic,0.5764887977773774,4.65,79.32774099941273,4.657967091330277,8.66138445531828
122.5,CNN-only Actor-Critic,0.5706242256461489,4.65,79.51392568434522,4.707022998498391,8.659367244396948
123.0,CNN-only Actor-Critic,0.5642492228588197,4.65,79.54011546107078,4.744680045671338,8.683398852375232
123.5,CNN-only Actor-Critic,0.5574172619991782,4.65,79.68664728023478,4.752565077674769,8.661333707197349
124.0,CNN-only Actor-Critic,0.550184350729202,4.65,79.76592908273277,4.719634003004671,8.65597421039628
124.5,CNN-only Actor-Critic,0.542608272224844,4.65,79.763692032115,4.730362953906959,8.681829882473323
125.0,CNN-only Actor-Critic,0.5347478240700771,4.65,79.70102151396168,4.720520908641363,8.681408845062917
125.5,CNN-only Actor-Critic,0.5266620694644291,4.65,79.77602769570728,4.6912280912788065,8.66195518531201
126.0,CNN-only Actor-Critic,0.5184096138361817,4.65,80.07351490031195,4.690419155986113,8.648799321719714
126.5,CNN-only Actor-Critic,0.5100479189034482,4.65,80.44570209349166,4.698178566034135,8.64165797140091
127.0,CNN-only Actor-Critic,0.5016326649281584,4.65,80.53574384956455,4.681250501740725,8.65632803537649
127.5,CNN-only Actor-Critic,0.4932171704091233,4.65,80.62627968768336,4.657485271418895,8.646393427834568
128.0,CNN-only Actor-Critic,0.4848518768094066,4.65,80.58131444501056,4.678103263177572,8.672034623986454
128.5,CNN-only Actor-Critic,0.4765839041620251,4.65,80.49936999879135,4.63903982790452,8.67594137102063
129.0,CNN-only Actor-Critic,0.46845668159884096,4.65,80.59683128866978,4.618863780145165,8.681730757895012
129.5,CNN-only Actor-Critic,0.4605096550513309,4.65,80.44608131185888,4.63356149500992,8.689201730762559
130.0,CNN-only Actor-Critic,0.4527780726267968,4.65,80.57599027439186,4.649811593182569,8.682876345586987
130.5,CNN-only Actor-Critic,0.4452928465132481,4.65,80.68673314791292,4.656741637645763,8.70084674683647
131.0,CNN-only Actor-Critic,0.43808048874887423,4.65,80.76408201201792,4.696188142960687,8.716127959771013
131.5,CNN-only Actor-Critic,0.4311631168395874,4.65,80.74538262385435,4.718045561009452,8.727759225559977
132.0,CNN-only Actor-Critic,0.4245585240453554,4.65,80.76777845295801,4.724147963987893,8.722137868400656
132.5,CNN-only Actor-Critic,0.4182803082004446,4.65,80.68805217626205,4.738776784284227,8.725351974142338
133.0,CNN-only Actor-Critic,0.412338052194324,4.65,80.61744788703024,4.741925660080315,8.726315747293453
133.5,CNN-only Actor-Critic,0.4067375487217398,4.65,80.66109813024791,4.72423904368759,8.738125331434825
134.0,CNN-only Actor-Critic,0.4014810616085497,4.65,80.47572759267887,4.756082195285086,8.75216807975287
134.5,CNN-only Actor-Critic,0.39656761592442524,4.65,80.68465879312683,4.748334988379298,8.74091290625259
135.0,CNN-only Actor-Critic,0.39199330918938335,4.65,80.40068554746036,4.771653559433862,8.712025126924146
135.5,CNN-only Actor-Critic,0.38775163624887726,4.65,80.48149952530487,4.7779620356653485,8.712568971941291
136.0,CNN-only Actor-Critic,0.3838338208091532,4.65,80.42264761410947,4.755135016932823,8.715531347250257
136.5,CNN-only Actor-Critic,0.380229147165786,4.65,80.44032600064926,4.769830205921255,8.69276493509292
137.0,CNN-only Actor-Critic,0.376925286297508,4.65,80.34107087732906,4.712626870174461,8.70410504115111
137.5,CNN-only Actor-Critic,0.3739086112081346,4.65,80.17425679894762,4.709014302254066,8.694279158530744
138.0,CNN-only Actor-Critic,0.3711644971556325,4.65,80.23022655464119,4.699687139884225,8.680372868480738
138.5,CNN-only Actor-Critic,0.36867760318460613,4.65,80.27341518243026,4.69972495778393,8.67548226221289
139.0,CNN-only Actor-Critic,0.3664321321541326,4.65,80.03215065677692,4.690312726979659,8.658737220687156
139.5,CNN-only Actor-Critic,0.3644120672068869,4.65,80.03050404335916,4.659679758479418,8.642041438741046
140.0,CNN-only Actor-Critic,0.36260138334068837,4.65,80.0902389769828,4.6428922483661985,8.629322358569762
0.0,Reward ablation baseline,1.1750631474976552e-38,4.2,80.09813342226252,4.2,8.2
0.5,Reward ablation baseline,2.430686531144583e-38,4.2,80.30717506616227,4.215474041862921,8.19738401933084
1.0,Reward ablation baseline,5.012521954904135e-38,4.2,80.52001198985472,4.190313996870145,8.200666545917052
1.5,Reward ablation baseline,1.0304886343248124e-37,4.2,80.60311338944587,4.2115240636536955,8.174953992636539
2.0,Reward ablation baseline,2.111979553307528e-37,4.2,80.49870704665904,4.203238273570411,8.199256500615236
2.5,Reward ablation baseline,4.3151490120458e-37,4.2,80.69755038837482,4.218257812763406,8.199619099360447
3.0,Reward ablation baseline,8.789445358187936e-37,4.2,80.59687699028495,4.209770978500837,8.20641126605572
3.5,Reward ablation baseline,1.7847883751484113e-36,4.2,80.61310326625585,4.214016883578709,8.223830225894412
4.0,Reward ablation baseline,3.6130300323853646e-36,4.2,80.65864274895998,4.226120452428132,8.260902615770735
4.5,Reward ablation baseline,7.291485213576366e-36,4.2,80.58582706167822,4.229134836733141,8.24843637719125
5.0,Reward ablation baseline,1.4669658782553827e-35,4.2,80.51911937649591,4.212359024394779,8.256204985791584
5.5,Reward ablation baseline,2.9422773598041807e-35,4.2,80.48242587580778,4.19172214332163,8.268413416217209
6.0,Reward ablation baseline,5.883107614922186e-35,4.2,80.78695536145793,4.177836411230153,8.263574853852997
6.5,Reward ablation baseline,1.1727071154673626e-34,4.2,80.87724381612566,4.192215875167051,8.287235769653863
7.0,Reward ablation baseline,2.3304077333497262e-34,4.2,80.68596360899394,4.154781768181181,8.293685111413698
7.5,Reward ablation baseline,4.616723343363617e-34,4.2,80.44093365471133,4.16159772028352,8.29602575286139
8.0,Reward ablation baseline,9.117911502900016e-34,4.2,80.2668037419573,4.146107710292749,8.301286466943408
8.5,Reward ablation baseline,1.7952150482346015e-33,4.2,80.11383518639876,4.141169528633729,8.293505200908829
9.0,Reward ablation baseline,3.523685767548875e-33,4.2,80.08393746056609,4.1355110979098,8.316354069311856
9.5,Reward ablation baseline,6.895050470861781e-33,4.2,80.14140026845298,4.199634046437876,8.289786153256731
10.0,Reward ablation baseline,1.3450465400052846e-32,4.2,80.09075460642735,4.25501346339184,8.300654448838568
10.5,Reward ablation baseline,2.6157531603528343e-32,4.2,79.4322861817688,4.244597827711365,8.283203816635128
11.0,Reward ablation baseline,5.071258991223678e-32,4.2,79.01704584031437,4.241152774933607,8.294651732627427
11.5,Reward ablation baseline,9.801542054526966e-32,4.2,78.94358953631615,4.262894840383103,8.300813572315239
12.0,Reward ablation baseline,1.8885679252166216e-31,4.2,78.83234583586555,4.2890767967467385,8.289321430870713
12.5,Reward ablation baseline,3.627691908311167e-31,4.2,79.36816264863906,4.3131151631941265,8.270190519771374
13.0,Reward ablation baseline,6.9468475457927755e-31,4.2,79.48027217798786,4.2874158949590635,8.273554479831132
13.5,Reward ablation baseline,1.326186872627722e-30,4.2,79.77966546701725,4.235108128065034,8.25557235066136
14.0,Reward ablation baseline,2.5239530168261687e-30,4.2,80.0663799380352,4.2397499513457975,8.244629618856946
14.5,Reward ablation baseline,4.78869737991787e-30,4.2,80.21404987269837,4.254367991028755,8.210157871153353
15.0,Reward ablation baseline,9.057599306310713e-30,4.2,80.3111703738551,4.243452707579023,8.202222616092769
15.5,Reward ablation baseline,1.7079234467860292e-29,4.2,80.22920593977271,4.235947485545435,8.215488625178155
16.0,Reward ablation baseline,3.210578418169003e-29,4.2,80.19188158021768,4.210542319279131,8.182259703219604
16.5,Reward ablation baseline,6.016691558435325e-29,4.2,80.25926086582913,4.178673212107644,8.184944674811932
17.0,Reward ablation baseline,1.1240659681163615e-28,4.2,80.06161062586573,4.192765861207574,8.176938005376611
17.5,Reward ablation baseline,2.093560113651594e-28,4.2,79.69979127097321,4.162062493392719,8.14298018370064
18.0,Reward ablation baseline,3.887215847662516e-28,4.2,79.83797593065039,4.14557332321157,8.173743808632127
18.5,Reward ablation baseline,7.195342356220017e-28,4.2,79.95158636707264,4.138133591155843,8.142857086158102
19.0,Reward ablation baseline,1.3277730624197738e-27,4.2,79.79096788515955,4.196162931644843,8.14673818678543
19.5,Reward ablation baseline,2.4426195535774756e-27,4.2,80.02048202189061,4.163085147518878,8.151786533352878
20.0,Reward ablation baseline,4.479684108455565e-27,4.2,80.22769751615895,4.139018872940678,8.141008958614362
20.5,Reward ablation baseline,8.190275977336858e-27,4.2,80.52203200984091,4.147267914491711,8.129217354158548
21.0,Reward ablation baseline,1.4928262616195027e-26,4.2,80.52685900823984,4.145893075667298,8.117586774701305
21.5,Reward ablation baseline,2.7125614293287284e-26,4.2,80.96353089447244,4.1968214941567625,8.12881839204582
22.0,Reward ablation baseline,4.913709560409186e-26,4.2,81.01260206247454,4.170928638886269,8.134123875414424
22.5,Reward ablation baseline,8.873582023108572e-26,4.2,80.91669058022427,4.168993835665595,8.140858249911608
23.0,Reward ablation baseline,1.5975263801376018e-25,4.2,80.6310163594039,4.207330799495678,8.117492236659668
23.5,Reward ablation baseline,2.86719145556399e-25,4.2,80.71809956706532,4.234969284754005,8.1059026896619
24.0,Reward ablation baseline,5.130089406446606e-25,4.2,80.50564101290945,4.233985205949379,8.105900349334824
24.5,Reward ablation baseline,9.150667165501178e-25,4.2,80.36978389316496,4.277908311913709,8.096797024354418
25.0,Reward ablation baseline,1.6271971288669636e-24,4.2,80.34219749326164,4.253118412807476,8.114868780702963
25.5,Reward ablation baseline,2.8846103957668404e-24,4.2,80.26404979499844,4.249784248513662,8.12069957629505
26.0,Reward ablation baseline,5.0979285496671616e-24,4.2,80.07672747545728,4.239280733948957,8.119711216469657
26.5,Reward ablation baseline,8.981728213427777e-24,4.2,80.34182157879356,4.2260675738446,8.131342292051098
27.0,Reward ablation baseline,1.5775591758050424e-23,4.2,80.1624858502162,4.201352670142259,8.137284105230052
27.5,Reward ablation baseline,2.762300956524203e-23,4.2,80.35596593991444,4.214060027185397,8.14793242167801
28.0,Reward ablation baseline,4.8218746199097946e-23,4.2,80.19509667671478,4.174375458276756,8.160953774584481
28.5,Reward ablation baseline,8.391129394700477e-23,4.2,80.7633541502209,4.148503194325988,8.18495168523033
29.0,Reward ablation baseline,1.4557423203843056e-22,4.2,80.66246589136634,4.160851915733067,8.177304788197203
29.5,Reward ablation baseline,2.517724361833868e-22,4.2,80.64257859772883,4.137354818299228,8.199383032671316
30.0,Reward ablation baseline,1.0,5.2,77.38436272128672,4.907873502595985,8.275369529149183
30.5,Reward ablation baseline,1.0,5.2,77.65080739589901,4.920620328469152,8.359473297875502
31.0,Reward ablation baseline,1.0,5.2,77.76130019305396,4.95926778685139,8.412055664796544
31.5,Reward ablation baseline,1.0,5.2,77.7705066010892,5.014593146352908,8.477091098080658
32.0,Reward ablation baseline,1.0,5.2,78.22732777077334,4.982933850360079,8.543120497371508
32.5,Reward ablation baseline,1.0,5.2,78.49130981656505,5.0161197550416015,8.615253895927914
33.0,Reward ablation baseline,1.0,5.2,78.87222851829301,5.039222643192383,8.675979252234352
33.5,Reward ablation baseline,1.0,5.2,79.1250506083501,5.046571174521223,8.734762324953989
34.0,Reward ablation baseline,1.0,5.2,79.5261835940401,5.109721399971838,8.79450190559051
34.5,Reward ablation baseline,1.0,5.2,79.96700331046719,5.148785516290564,8.86777091194842
35.0,Reward ablation baseline,1.0,5.2,80.29075904215985,5.174490839495869,8.926726020251028
35.5,Reward ablation baseline,1.0,5.2,80.5467415350564,5.1802148501070935,8.964279857853214
36.0,Reward ablation baseline,1.0,5.2,80.70201068284469,5.194768939233677,8.998385246755632
36.5,Reward ablation baseline,1.0,5.2,80.75425368709143,5.1762875491924225,9.024970060605593
37.0,Reward ablation baseline,1.0,5.2,80.6858602808047,5.156807342547503,9.044354314123776
37.5,Reward ablation baseline,1.0,5.2,80.66850217481453,5.171165709087105,9.07145796474206
38.0,Reward ablation baseline,1.0,5.2,80.57068319269787,5.141294459643311,9.098773260645727
38.5,Reward ablation baseline,1.0,5.2,80.58475623910819,5.1085334227327435,9.154021944988159
39.0,Reward ablation baseline,1.0,5.2,80.65784267262671,5.095715907605309,9.186123938644446
39.5,Reward ablation baseline,1.0,5.2,80.50857060296282,5.090426705819724,9.218684517604
40.0,Reward ablation baseline,1.0,5.2,80.47863062631768,5.109718652765816,9.233529439047638
40.5,Reward ablation baseline,1.0,5.2,80.33631737626293,5.106033976911541,9.235340191771922
41.0,Reward ablation baseline,1.0,5.2,80.39556237761563,5.142043115697736,9.244302822442247
41.5,Reward ablation baseline,1.0,5.2,80.4117671194722,5.145532382188907,9.255280778797184
42.0,Reward ablation baseline,1.0,5.2,80.40853819930953,5.101149000097085,9.272771813403716
42.5,Reward ablation baseline,1.0000000000000002,5.2,80.41791265366429,5.096097622431604,9.271890273086571
43.0,Reward ablation baseline,1.0000000000000002,5.2,80.45883210030927,5.1628549029390305,9.289176899973981
43.5,Reward ablation baseline,1.0000000000000002,5.2,80.47513484749376,5.149943397653485,9.308687926436564
44.0,Reward ablation baseline,1.0000000000000004,5.2,80.17695352608123,5.1360740225551815,9.309050337629666
44.5,Reward ablation baseline,1.0000000000000009,5.2,80.0005882126985,5.136898165452773,9.323835120728422
45.0,Reward ablation baseline,1.0000000000000013,5.2,79.9747801174553,5.124151173828031,9.310437540156933
45.5,Reward ablation baseline,1.000000000000002,5.2,79.51209686239525,5.104704518614726,9.31863254194257
46.0,Reward ablation baseline,1.000000000000003,5.2,79.00759702012941,5.195581856284678,9.34575273973666
46.5,Reward ablation baseline,1.0000000000000049,5.2,78.98750293135289,5.192873718237138,9.368133127139837
47.0,Reward ablation baseline,1.0000000000000075,5.2,78.73587888525122,5.20041233779794,9.360890620450924
47.5,Reward ablation baseline,1.0000000000000118,5.2,78.93778810035305,5.243716694023034,9.34711740526665
48.0,Reward ablation baseline,1.0000000000000182,5.2,79.03080584160301,5.278111059750977,9.353120064334567
48.5,Reward ablation baseline,1.0000000000000282,5.2,79.06618421167813,5.2422532824898775,9.342443950951806
49.0,Reward ablation baseline,1.000000000000043,5.2,79.16975791320412,5.229590117321869,9.320691536823112
49.5,Reward ablation baseline,1.000000000000066,5.2,79.09382642525753,5.193684344176405,9.320373912134558
50.0,Reward ablation baseline,1.0000000000001004,5.2,78.91799806220713,5.182316907749638,9.304614931216806
50.5,Reward ablation baseline,1.0000000000001525,5.2,78.987612240921,5.149121915504319,9.287395803182173
51.0,Reward ablation baseline,1.0000000000002311,5.2,78.7827076384866,5.108269285400265,9.299210365878222
51.5,Reward ablation baseline,1.0000000000003488,5.2,79.1303072547376,5.12685135760357,9.29113929696364
52.0,Reward ablation baseline,1.0000000000005251,5.2,79.23798746398813,5.120306373633526,9.2983599332233
52.5,Reward ablation baseline,1.000000000000788,5.2,79.1649152199166,5.070632019385221,9.289787348711116
53.0,Reward ablation baseline,1.0000000000011788,5.2,79.16820765771251,5.101888159510397,9.29956904663603
53.5,Reward ablation baseline,1.000000000001758,5.2,79.3920556012465,5.0912128632437526,9.289949870782632
54.0,Reward ablation baseline,1.0000000000026137,5.2,79.74880546629247,5.09093442338846,9.279561455717513
54.5,Reward ablation baseline,1.000000000003874,5.2,79.89789305001528,5.142127531108532,9.296158397225675
55.0,Reward ablation baseline,1.0000000000057243,5.2,79.89308830215087,5.1750440899571695,9.31171882941775
55.5,Reward ablation baseline,1.0000000000084324,5.2,80.06280664107425,5.225413432320079,9.292199450893174
56.0,Reward ablation baseline,1.000000000012383,5.2,80.36590489053812,5.246634347591312,9.292940777952069
56.5,Reward ablation baseline,1.0000000000181288,5.2,80.89172849519242,5.253039904892382,9.293287739416181
57.0,Reward ablation baseline,1.0000000000264588,5.2,80.97738777866716,5.263426625027964,9.283918294341163
57.5,Reward ablation baseline,1.0000000000384974,5.2,80.95543049832558,5.283095231093412,9.292961185642685
58.0,Reward ablation baseline,1.0000000000558409,5.2,81.04673963931812,5.302562335256734,9.294480213898252
58.5,Reward ablation baseline,1.0000000000807479,5.2,80.60767969152778,5.265910258434595,9.333037814151384
59.0,Reward ablation baseline,1.0000000001164047,5.2,80.43642917198828,5.194466391893424,9.341715066562893
59.5,Reward ablation baseline,1.0000000001672897,5.2,80.5453754161021,5.161851276386051,9.345450272029654
60.0,Reward ablation baseline,1.0000000002396776,5.2,80.18686237685566,5.132869596447884,9.352804005643657
60.5,Reward ablation baseline,1.0000000003423304,5.2,80.00176307227018,5.105821829059832,9.36558207773729
61.0,Reward ablation baseline,1.0000000004874419,5.2,79.99020619318507,5.129381001104839,9.353570545050829
61.5,Reward ablation baseline,1.0000000006919265,5.2,80.01872640479071,5.161718194449734,9.359623210661388
62.0,Reward ablation baseline,1.0000000009791667,5.2,80.31972945133356,5.15250744932347,9.376390895800155
62.5,Reward ablation baseline,1.0000000013813795,5.2,80.03186705601037,5.174646304970517,9.38806281979264
63.0,Reward ablation baseline,1.0000000019428035,5.2,79.95289625498862,5.174181268401882,9.396935889340742
63.5,Reward ablation baseline,1.0000000027239824,5.2,80.28928708646679,5.162502973218167,9.422641454577942
64.0,Reward ablation baseline,1.000000003807495,5.2,80.44106178228851,5.1222839055048,9.425916390771082
64.5,Reward ablation baseline,1.0000000053055933,5.2,80.60736298520425,5.13704012441545,9.410570534298081
65.0,Reward ablation baseline,1.0000000073703508,5.2,79.93050880092403,5.167393219643023,9.397954095782811
65.5,Reward ablation baseline,1.00000001020709,5.2,79.63467721065147,5.1488123390072795,9.413800842126571
66.0,Reward ablation baseline,1.0000000140920873,5.2,79.26356757851116,5.13336197254758,9.416805038694381
66.5,Reward ablation baseline,1.000000019395826,5.2,79.11779283626872,5.189027847836403,9.42385720937481
67.0,Reward ablation baseline,1.0000000266134286,5.2,78.84965628712159,5.23744253598502,9.426412850863281
67.5,Reward ablation baseline,1.0000000364043227,5.2,78.67830317310893,5.224913036853213,9.43999959727846
68.0,Reward ablation baseline,1.0000000496437604,5.2,78.91254236927178,5.200481928091038,9.437469052278585
68.5,Reward ablation baseline,1.0000000674894627,5.2,78.76636561275903,5.2195266550527375,9.44073673900028
69.0,Reward ablation baseline,1.0000000914675096,5.2,79.20770696138472,5.182830174858061,9.474870767143585
69.5,Reward ablation baseline,1.0000001235825986,5.2,79.5911074378279,5.21219835496247,9.469630292289787
70.0,Reward ablation baseline,1.0000001664590368,5.2,79.64375787839842,5.228057177823484,9.488938411494294
70.5,Reward ablation baseline,1.000000223520323,5.2,79.78851968568472,5.225551971741932,9.491269252030614
71.0,Reward ablation baseline,1.0000002992169832,5.2,80.08559558402499,5.22410204253916,9.503640002633968
71.5,Reward ablation baseline,1.0000003993144706,5.2,80.4195487483129,5.162059332333879,9.505700814478018
72.0,Reward ablation baseline,1.000000531255504,5.2,80.16412345078047,5.126833971464705,9.518221137932828
72.5,Reward ablation baseline,1.0000007046142487,5.2,80.26026592138193,5.167512286438617,9.493293829802461
73.0,Reward ablation baseline,1.000000931663293,5.2,80.48301410604012,5.153645712726168,9.517745800947935
73.5,Reward ablation baseline,1.0000012280785147,5.2,80.52844346678789,5.104272113556195,9.511241148689008
74.0,Reward ablation baseline,1.0000016138117267,5.2,80.42120621211446,5.032718593070728,9.464428960274164
74.5,Reward ablation baseline,1.000002114166492,5.2,80.5279004795327,5.072852380259928,9.467142821589821
75.0,Reward ablation baseline,1.0000027611187725,5.2,80.53100858514722,5.1035345440792845,9.458710512265716
75.5,Reward ablation baseline,1.0000035949311479,5.2,80.68123707681055,5.138682523600887,9.44721069673226
76.0,Reward ablation baseline,1.0000046661172783,5.2,80.45131826562213,5.186684118468552,9.427148106814325
76.5,Reward ablation baseline,1.000006037822039,5.2,80.53923732677626,5.214042923702277,9.419653407696735
77.0,Reward ablation baseline,1.0000077886923797,5.2,80.526951328098,5.204564799024274,9.410327935421753
77.5,Reward ablation baseline,1.0000100163243482,5.2,80.90056773493396,5.18173086695427,9.443995641575468
78.0,Reward ablation baseline,1.0000128413827973,5.2,80.54099586392725,5.184521956575137,9.436698099060758
78.5,Reward ablation baseline,1.000016412501932,5.2,80.62731288997922,5.185320388779718,9.424997597834295
79.0,Reward ablation baseline,1.0000209120868073,5.2,80.5864286659686,5.176318446268399,9.398883748666169
79.5,Reward ablation baseline,1.000026563147924,5.2,80.35495812843281,5.2084748578347515,9.380714184106818
80.0,Reward ablation baseline,1.00003363731277,5.2,80.18766755242314,5.2406531917673265,9.405065597570877
80.5,Reward ablation baseline,1.0000424641691403,5.2,79.87764786888545,5.250191416506989,9.394475967587375
81.0,Reward ablation baseline,1.0000534421047045,5.2,79.6059526795725,5.231437607104682,9.360612398926358
81.5,Reward ablation baseline,1.000067050814999,5.2,79.29341197727015,5.189620524003092,9.350479777289506
82.0,Reward ablation baseline,1.0000838656569757,5.2,79.30121338709729,5.183078095754621,9.364719702889483
82.5,Reward ablation baseline,1.000104574026606,5.2,79.6703338114366,5.214713664559623,9.361756282848678
83.0,Reward ablation baseline,1.000129993935814,5.2,79.59705363778187,5.2373632278365685,9.366162324571633
83.5,Reward ablation baseline,1.000161094955142,5.2,79.46776104796353,5.226599059158784,9.36812353797319
84.0,Reward ablation baseline,1.000199021672874,5.2,79.54250189522612,5.196098087373985,9.355532221798741
84.5,Reward ablation baseline,1.000245119797651,5.2,79.33384581982864,5.194978558303592,9.35345908204493
85.0,Reward ablation baseline,1.0003009649987071,5.2,79.31720154261309,5.200434207744559,9.344806574863103
85.5,Reward ablation baseline,1.0003683945344832,5.2,79.41472855409577,5.215870339142186,9.339441795424817
86.0,Reward ablation baseline,1.000449541665462,5.2,79.04954531651633,5.22068748876295,9.349114239946193
86.5,Reward ablation baseline,1.0005468727795457,5.2,78.81772197888121,5.183404497039834,9.327859166954457
87.0,Reward ablation baseline,1.0006632270774112,5.2,78.76994683344435,5.154670321006961,9.316145753376599
87.5,Reward ablation baseline,1.000801858570437,5.2,78.70897041885182,5.178062404097814,9.31615727370885
88.0,Reward ablation baseline,1.000966480034868,5.2,78.67148824348426,5.192621996548177,9.31478755833053
88.5,Reward ablation baseline,1.0011613084430833,5.2,78.48852593954572,5.238141539755825,9.336814587273416
89.0,Reward ablation baseline,1.0013911112569485,5.2,78.71264066731172,5.228525324958079,9.370702752433877
89.5,Reward ablation baseline,1.0016612528206854,5.2,78.56359517391779,5.21226463029503,9.385042717535168
90.0,Reward ablation baseline,0.3519777399334825,4.65,80.86443717095149,4.832874300245062,9.353395798687723
90.5,Reward ablation baseline,0.35234726551810247,4.65,81.0301244564022,4.802219109639948,9.295421282648006
91.0,Reward ablation baseline,0.35277724913456054,4.65,81.2147691180906,4.8188405414308475,9.242148129058961
91.5,Reward ablation baseline,0.35327587292204,4.65,81.03028250926282,4.818900585100256,9.211428723623001
92.0,Reward ablation baseline,0.35385211139279715,4.65,81.01361719427098,4.805660526380458,9.168085178202697
92.5,Reward ablation baseline,0.3545157533549453,4.65,80.84341697682197,4.792411432329089,9.134141012982608
93.0,Reward ablation baseline,0.35527741411341773,4.65,80.71870910567743,4.791308907387914,9.08927487711115
93.5,Reward ablation baseline,0.3561485359974309,4.65,80.30043496378408,4.708600416373461,9.057116865708327
94.0,Reward ablation baseline,0.3571413751961376,4.65,80.35513004223677,4.712824643774612,9.026278717698611
94.5,Reward ablation baseline,0.35826897285984916,4.65,80.08361192700335,4.703186573956515,8.997393824090725
95.0,Reward ablation baseline,0.35954510845013393,4.65,79.88494176014046,4.7020368761611095,8.951413386205585
95.5,Reward ablation baseline,0.36098423340585184,4.65,79.89279418811124,4.6926551051769145,8.93163271927967
96.0,Reward ablation baseline,0.36260138334068837,4.65,79.81271566947947,4.669131760263251,8.915234591882015
96.5,Reward ablation baseline,0.3644120672068869,4.65,79.89218203502165,4.623150449900236,8.89876137306
97.0,Reward ablation baseline,0.3664321321541326,4.65,80.18372431811608,4.620462780417379,8.899555287782158
97.5,Reward ablation baseline,0.36867760318460613,4.65,80.1450005411325,4.626065352195555,8.88771893700057
98.0,Reward ablation baseline,0.3711644971556325,4.65,80.33880884865714,4.622320768906749,8.925670288785991
98.5,Reward ablation baseline,0.3739086112081346,4.65,80.3606046826245,4.622250366780995,8.918148134566444
99.0,Reward ablation baseline,0.376925286297508,4.65,80.2198973599293,4.665719253363625,8.912506082700608
99.5,Reward ablation baseline,0.380229147165786,4.65,80.34848223466383,4.669523779071917,8.941471103498365
100.0,Reward ablation baseline,0.3838338208091532,4.65,80.07078838864426,4.69024843390205,8.932608214690118
100.5,Reward ablation baseline,0.38775163624887726,4.65,79.73484299221188,4.709398107314744,8.908048717977508
101.0,Reward ablation baseline,0.39199330918938335,4.65,79.38712362134585,4.709574740201834,8.927725187554305
101.5,Reward ablation baseline,0.39656761592442524,4.65,79.51410337019075,4.757977890999467,8.915673184412684
102.0,Reward ablation baseline,0.4014810616085497,4.65,79.266133701074,4.781440658605796,8.871692853549659
102.5,Reward ablation baseline,0.4067375487217398,4.65,79.22272138160793,4.759833675944634,8.870361666063689
103.0,Reward ablation baseline,0.412338052194324,4.65,78.69343034428563,4.710870557974069,8.847455852629754
103.5,Reward ablation baseline,0.4182803082004446,4.65,78.76781997643798,4.7046569551080175,8.835246755521373
104.0,Reward ablation baseline,0.4245585240453554,4.65,79.21651230107435,4.732102468512316,8.870750228713852
104.5,Reward ablation baseline,0.4311631168395874,4.65,78.9203214508849,4.682217304118721,8.868680058780706
105.0,Reward ablation baseline,0.43808048874887423,4.65,79.1075670973662,4.619529589720752,8.874123403752847
105.5,Reward ablation baseline,0.4452928465132481,4.65,79.27587428858821,4.584611608926891,8.86032090042841
106.0,Reward ablation baseline,0.4527780726267968,4.65,79.54427233896497,4.5567251666176585,8.855162511477753
106.5,Reward ablation baseline,0.4605096550513309,4.65,79.77179045464295,4.5678062515218905,8.834262844736921
107.0,Reward ablation baseline,0.46845668159884096,4.65,79.6924437793364,4.56970435362736,8.831414369280495
107.5,Reward ablation baseline,0.4765839041620251,4.65,79.99843469174382,4.604196582736238,8.815111030592748
108.0,Reward ablation baseline,0.4848518768094066,4.65,80.13047266097367,4.617765796269248,8.824261615171043
108.5,Reward ablation baseline,0.4932171704091233,4.65,80.12922047461724,4.598772786135752,8.838769973868429
109.0,Reward ablation baseline,0.5016326649281584,4.65,80.18258432312889,4.60795969451406,8.828668282734006
109.5,Reward ablation baseline,0.5100479189034482,4.65,80.10566453675472,4.624703468286826,8.827020708003012
110.0,Reward ablation baseline,0.5184096138361817,4.65,80.0567436104985,4.586646036557642,8.815656241923747
110.5,Reward ablation baseline,0.5266620694644291,4.65,79.9872631459034,4.630904417220397,8.834575882622612
111.0,Reward ablation baseline,0.5347478240700771,4.65,80.30228116521849,4.6448174716766495,8.820202235420565
111.5,Reward ablation baseline,0.542608272224844,4.65,80.35289771419026,4.656579990971849,8.802721600333877
112.0,Reward ablation baseline,0.550184350729202,4.65,80.14841815205573,4.628800974460752,8.801419352844198
112.5,Reward ablation baseline,0.5574172619991782,4.65,80.42702969938551,4.665541795810551,8.77956419334138
113.0,Reward ablation baseline,0.5642492228588197,4.65,80.53426368854309,4.6664006005801415,8.785447512403564
113.5,Reward ablation baseline,0.5706242256461489,4.65,80.77084166616163,4.6844424796977755,8.778312620979753
114.0,Reward ablation baseline,0.5764887977773774,4.65,80.75601045596578,4.645021286435549,8.78440986386074
114.5,Reward ablation baseline,0.5817927454703087,4.65,80.66488226945653,4.681750870848245,8.785211108691652
115.0,Reward ablation baseline,0.5864898672266914,4.65,80.16954321601833,4.701162939327987,8.761012558482689
115.5,Reward ablation baseline,0.5905386229283645,4.65,79.81826372185076,4.656606330624557,8.765363490158023
116.0,Reward ablation baseline,0.5939027450162114,4.65,79.79427521704865,4.65146274264202,8.749238059050677
116.5,Reward ablation baseline,0.596551779185979,4.65,79.59089204855219,4.625282485611937,8.753457898167863
117.0,Reward ablation baseline,0.5984615433316103,4.65,79.37040481774378,4.59669093227485,8.755357836214808
117.5,Reward ablation baseline,0.5996144950648824,4.65,79.28131797393769,4.5528266147536485,8.754661168351324
118.0,Reward ablation baseline,0.6,4.65,79.3423181393725,4.609504351849301,8.73486589018152
118.5,Reward ablation baseline,0.5996144950648824,4.65,79.57256262639687,4.601216551999719,8.761752623343234
119.0,Reward ablation baseline,0.5984615433316103,4.65,79.86411522565801,4.584892163343346,8.765344166028447
119.5,Reward ablation baseline,0.596551779185979,4.65,80.17251141523603,4.608356259005309,8.760346959969338
120.0,Reward ablation baseline,0.5939027450162114,4.65,79.95647376322864,4.620616916223355,8.760940942612153
120.5,Reward ablation baseline,0.5905386229283645,4.65,79.81896494145718,4.667897037813497,8.764400149942796
121.0,Reward ablation baseline,0.5864898672266914,4.65,79.96189421080994,4.653750696460325,8.790780019020868
121.5,Reward ablation baseline,0.5817927454703087,4.65,79.5218704003825,4.669241548459095,8.803838235081585
122.0,Reward ablation baseline,0.5764887977773774,4.65,79.32552431467815,4.657324887492061,8.801703711206551
122.5,Reward ablation baseline,0.5706242256461489,4.65,79.36596423554462,4.660311458506198,8.804689448827501
123.0,Reward ablation baseline,0.5642492228588197,4.65,79.20612558466468,4.637818703057245,8.810430248233416
123.5,Reward ablation baseline,0.5574172619991782,4.65,79.4675962650994,4.655776552937684,8.830296949431029
124.0,Reward ablation baseline,0.550184350729202,4.65,79.59633886497713,4.6419778282870885,8.843363795600014
124.5,Reward ablation baseline,0.542608272224844,4.65,79.99097141293171,4.669962831763037,8.786856877062185
125.0,Reward ablation baseline,0.5347478240700771,4.65,80.19349102730625,4.579220888609279,8.78192945063539
125.5,Reward ablation baseline,0.5266620694644291,4.65,80.25360133667883,4.594909776475369,8.813082037564097
126.0,Reward ablation baseline,0.5184096138361817,4.65,80.50095800084013,4.596210398532887,8.783492724984015
126.5,Reward ablation baseline,0.5100479189034482,4.65,80.52506236532487,4.627711216466721,8.793248651444816
127.0,Reward ablation baseline,0.5016326649281584,4.65,80.65917015424328,4.634143165848202,8.834071672445887
127.5,Reward ablation baseline,0.4932171704091233,4.65,80.51196331592105,4.607231950356783,8.8479759274048
128.0,Reward ablation baseline,0.4848518768094066,4.65,80.7300027589547,4.614257227173952,8.853589837733942
128.5,Reward ablation baseline,0.4765839041620251,4.65,80.69661967309274,4.634782146727786,8.876564848082307
129.0,Reward ablation baseline,0.46845668159884096,4.65,80.93109251990184,4.6124979942955475,8.863259967923954
129.5,Reward ablation baseline,0.4605096550513309,4.65,80.95394473754358,4.625414728501194,8.847608542434623
130.0,Reward ablation baseline,0.4527780726267968,4.65,80.77433016790742,4.618170034929115,8.855914859056668
130.5,Reward ablation baseline,0.4452928465132481,4.65,80.70169212295217,4.6430232195343875,8.861883101729841
131.0,Reward ablation baseline,0.43808048874887423,4.65,81.01389313713165,4.658405943731792,8.853803915944585
131.5,Reward ablation baseline,0.4311631168395874,4.65,81.37905387717664,4.6639099309094805,8.86371548500635
132.0,Reward ablation baseline,0.4245585240453554,4.65,81.06627577369395,4.655778933052607,8.862074814665641
132.5,Reward ablation baseline,0.4182803082004446,4.65,81.38347525131005,4.677240048717385,8.86830110138744
133.0,Reward ablation baseline,0.412338052194324,4.65,81.22146061927076,4.702987914416826,8.873391997638256
133.5,Reward ablation baseline,0.4067375487217398,4.65,80.94096794919567,4.700665851004453,8.898307960592426
134.0,Reward ablation baseline,0.4014810616085497,4.65,80.72719353015364,4.687412254878461,8.87372867733466
134.5,Reward ablation baseline,0.39656761592442524,4.65,80.73894851964967,4.676073676751652,8.851665081430857
135.0,Reward ablation baseline,0.39199330918938335,4.65,80.90182476122912,4.686903786717192,8.85841744679688
135.5,Reward ablation baseline,0.38775163624887726,4.65,80.34822846164599,4.657627439175614,8.865670538835706
136.0,Reward ablation baseline,0.3838338208091532,4.65,80.3280831901262,4.678358029457388,8.854015906041461
136.5,Reward ablation baseline,0.380229147165786,4.65,80.06158087667929,4.6898451679226065,8.846611497774353
137.0,Reward ablation baseline,0.376925286297508,4.65,79.82882376318159,4.669320399929684,8.849469027311384
137.5,Reward ablation baseline,0.3739086112081346,4.65,79.90364676278567,4.668404526505469,8.848607375721597
138.0,Reward ablation baseline,0.3711644971556325,4.65,79.53445660296816,4.636190147523361,8.829438076607799
138.5,Reward ablation baseline,0.36867760318460613,4.65,79.34590278418165,4.688092822199694,8.780199412517458
139.0,Reward ablation baseline,0.3664321321541326,4.65,79.28110948077902,4.663035961476688,8.78455142305464
139.5,Reward ablation baseline,0.3644120672068869,4.65,79.49011922850336,4.673050681571091,8.791159605958342
140.0,Reward ablation baseline,0.36260138334068837,4.65,79.94894662049931,4.652023240362375,8.797279254857042
0.0,Fixed-speed baseline,1.1750631474976552e-38,4.2,80.01362964198088,4.2,8.2
0.5,Fixed-speed baseline,2.430686531144583e-38,4.2,80.14514373102952,4.215745670791848,8.203542618207754
1.0,Fixed-speed baseline,5.012521954904135e-38,4.2,80.1030162282818,4.185192180183387,8.193753996956765
1.5,Fixed-speed baseline,1.0304886343248124e-37,4.2,80.10709605468313,4.230210066146616,8.191124984317941
2.0,Fixed-speed baseline,2.111979553307528e-37,4.2,80.19500513492585,4.237473264707282,8.181407730017906
2.5,Fixed-speed baseline,4.3151490120458e-37,4.2,80.11984501139779,4.232564501654046,8.195950236805356
3.0,Fixed-speed baseline,8.789445358187936e-37,4.2,80.20043403276756,4.22006560981155,8.218466431989746
3.5,Fixed-speed baseline,1.7847883751484113e-36,4.2,80.18387346613429,4.1959400494878585,8.223800683872007
4.0,Fixed-speed baseline,3.6130300323853646e-36,4.2,80.09384966452222,4.210957729826617,8.217173754033288
4.5,Fixed-speed baseline,7.291485213576366e-36,4.2,80.02826532180298,4.194409001970328,8.229865475477265
5.0,Fixed-speed baseline,1.4669658782553827e-35,4.2,80.08209022202212,4.1853805600650364,8.226204380468113
5.5,Fixed-speed baseline,2.9422773598041807e-35,4.2,80.11492236933184,4.169494805456313,8.213513016149445
6.0,Fixed-speed baseline,5.883107614922186e-35,4.2,80.15941223570364,4.172419797081549,8.20946115204644
6.5,Fixed-speed baseline,1.1727071154673626e-34,4.2,80.07290637159201,4.188416612706758,8.21203364856113
7.0,Fixed-speed baseline,2.3304077333497262e-34,4.2,80.20048003237146,4.192027691599323,8.192725714040442
7.5,Fixed-speed baseline,4.616723343363617e-34,4.2,80.15267519404532,4.169099209824605,8.18585349552388
8.0,Fixed-speed baseline,9.117911502900016e-34,4.2,80.14764291656624,4.153835858896756,8.186689333714828
8.5,Fixed-speed baseline,1.7952150482346015e-33,4.2,80.18184058414629,4.14513826180514,8.199598170323522
9.0,Fixed-speed baseline,3.523685767548875e-33,4.2,80.11823615653105,4.139982674280259,8.204194247026424
9.5,Fixed-speed baseline,6.895050470861781e-33,4.2,80.16813840612203,4.159209123612734,8.189237868065618
10.0,Fixed-speed baseline,1.3450465400052846e-32,4.2,80.06414468242208,4.174869302888278,8.204196611948879
10.5,Fixed-speed baseline,2.6157531603528343e-32,4.2,79.85201142628617,4.183797618578071,8.19580721228981
11.0,Fixed-speed baseline,5.071258991223678e-32,4.2,79.75106737715957,4.216946054177625,8.189947284276236
11.5,Fixed-speed baseline,9.801542054526966e-32,4.2,79.79197172330534,4.234746560505647,8.188994698768363
12.0,Fixed-speed baseline,1.8885679252166216e-31,4.2,79.79932969257263,4.2293266227343365,8.181766013175043
12.5,Fixed-speed baseline,3.627691908311167e-31,4.2,79.6616049013444,4.228894935016347,8.172534486134696
13.0,Fixed-speed baseline,6.9468475457927755e-31,4.2,79.71220690881337,4.222957607169166,8.155355234463418
13.5,Fixed-speed baseline,1.326186872627722e-30,4.2,79.77051597498199,4.1922441741987555,8.165229454593595
14.0,Fixed-speed baseline,2.5239530168261687e-30,4.2,79.87485783045413,4.2200376874916,8.200494529039675
14.5,Fixed-speed baseline,4.78869737991787e-30,4.2,79.86782493871446,4.223032631725467,8.200375358860779
15.0,Fixed-speed baseline,9.057599306310713e-30,4.2,79.93405502647276,4.215003765991765,8.205690637762025
15.5,Fixed-speed baseline,1.7079234467860292e-29,4.2,79.90266263106099,4.226212971265482,8.209764341742112
16.0,Fixed-speed baseline,3.210578418169003e-29,4.2,80.04613436621761,4.231173278479898,8.202971825607907
16.5,Fixed-speed baseline,6.016691558435325e-29,4.2,80.06730293017736,4.213278517273298,8.207295705007141
17.0,Fixed-speed baseline,1.1240659681163615e-28,4.2,80.11047115230217,4.212081697944051,8.196655468992297
17.5,Fixed-speed baseline,2.093560113651594e-28,4.2,80.07296499597054,4.181452886937947,8.190635681702151
18.0,Fixed-speed baseline,3.887215847662516e-28,4.2,79.97589894538112,4.189070341591884,8.192308310664151
18.5,Fixed-speed baseline,7.195342356220017e-28,4.2,79.9393395997615,4.1629293787172745,8.204549935487988
19.0,Fixed-speed baseline,1.3277730624197738e-27,4.2,79.9388667672032,4.1338967760279886,8.199691873834952
19.5,Fixed-speed baseline,2.4426195535774756e-27,4.2,79.97212466969935,4.144413799386046,8.211258573425717
20.0,Fixed-speed baseline,4.479684108455565e-27,4.2,79.80855530411895,4.132379128607132,8.183972866398562
20.5,Fixed-speed baseline,8.190275977336858e-27,4.2,79.99061984982303,4.152360965754367,8.181192359619159
21.0,Fixed-speed baseline,1.4928262616195027e-26,4.2,79.9217655646608,4.174697304109284,8.17579276787799
21.5,Fixed-speed baseline,2.7125614293287284e-26,4.2,79.96077070591447,4.19620354684756,8.169635731484089
22.0,Fixed-speed baseline,4.913709560409186e-26,4.2,80.09091075790585,4.226571689910065,8.19222982584205
22.5,Fixed-speed baseline,8.873582023108572e-26,4.2,80.01306458998607,4.2265379523146915,8.203319147616495
23.0,Fixed-speed baseline,1.5975263801376018e-25,4.2,80.06210214859264,4.235888915098352,8.20313765443239
23.5,Fixed-speed baseline,2.86719145556399e-25,4.2,80.14200931692187,4.235563811479722,8.196639865865023
24.0,Fixed-speed baseline,5.130089406446606e-25,4.2,80.25958504083601,4.2316465730904715,8.205723944445896
24.5,Fixed-speed baseline,9.150667165501178e-25,4.2,80.27754208825728,4.25773550434789,8.200148576336051
25.0,Fixed-speed baseline,1.6271971288669636e-24,4.2,80.08537835934133,4.2260615941773505,8.204823252740878
25.5,Fixed-speed baseline,2.8846103957668404e-24,4.2,79.9341886913464,4.223398239912328,8.192652058811667
26.0,Fixed-speed baseline,5.0979285496671616e-24,4.2,80.03532751670174,4.224630077508653,8.204094741595636
26.5,Fixed-speed baseline,8.981728213427777e-24,4.2,79.99817284234997,4.224537677403732,8.172581212166694
27.0,Fixed-speed baseline,1.5775591758050424e-23,4.2,79.96824380902659,4.219400880899288,8.17209342264569
27.5,Fixed-speed baseline,2.762300956524203e-23,4.2,79.87310148794148,4.189865428501374,8.192834552512075
28.0,Fixed-speed baseline,4.8218746199097946e-23,4.2,79.85729444103795,4.1867609384060085,8.188711838200879
28.5,Fixed-speed baseline,8.391129394700477e-23,4.2,79.74849578493624,4.16786584819909,8.19114610759909
29.0,Fixed-speed baseline,1.4557423203843056e-22,4.2,79.75568368943631,4.176366517299111,8.203362876975858
29.5,Fixed-speed baseline,2.517724361833868e-22,4.2,79.91249811643812,4.217941889143141,8.209397791163628
30.0,Fixed-speed baseline,1.0,5.2,71.83102680056489,4.393567858073555,8.21590778723099
30.5,Fixed-speed baseline,1.0,5.2,71.82990626386574,4.3840833646283865,8.2048484825675
31.0,Fixed-speed baseline,1.0,5.2,71.92044543488457,4.410531485784635,8.18767402257471
31.5,Fixed-speed baseline,1.0,5.2,71.9931108374376,4.41179562435916,8.187382730247341
32.0,Fixed-speed baseline,1.0,5.2,72.12001167911895,4.420122928399159,8.198528143044063
32.5,Fixed-speed baseline,1.0,5.2,72.39255629405429,4.447380211274937,8.198308910035145
33.0,Fixed-speed baseline,1.0,5.2,72.47174543441021,4.454459407468404,8.200847531576962
33.5,Fixed-speed baseline,1.0,5.2,72.5902617304752,4.446975108392295,8.201249404200402
34.0,Fixed-speed baseline,1.0,5.2,72.67194094939947,4.456581600484996,8.18422924022704
34.5,Fixed-speed baseline,1.0,5.2,72.80124676964834,4.4930566266845195,8.181439809567227
35.0,Fixed-speed baseline,1.0,5.2,72.74344480733674,4.50218169173441,8.171277285083754
35.5,Fixed-speed baseline,1.0,5.2,72.77415889356895,4.53177391735083,8.170323165201038
36.0,Fixed-speed baseline,1.0,5.2,73.01349749888637,4.549887500150191,8.180422025805665
36.5,Fixed-speed baseline,1.0,5.2,73.2490201324998,4.575834460320915,8.20297930301755
37.0,Fixed-speed baseline,1.0,5.2,73.38931473763041,4.586925678857791,8.197855224819923
37.5,Fixed-speed baseline,1.0,5.2,73.46268295167954,4.58784108608485,8.214735904064502
38.0,Fixed-speed baseline,1.0,5.2,73.50685161366059,4.568818553004223,8.222049634438024
38.5,Fixed-speed baseline,1.0,5.2,73.62080218059648,4.565148042853819,8.209171949898252
39.0,Fixed-speed baseline,1.0,5.2,73.68547737733515,4.541122143041394,8.196000161402154
39.5,Fixed-speed baseline,1.0,5.2,73.6844199643312,4.541152923652774,8.206095766803754
40.0,Fixed-speed baseline,1.0,5.2,73.85584037889626,4.532735946726316,8.200555362744758
40.5,Fixed-speed baseline,1.0,5.2,73.82962245786956,4.586968887668093,8.195097277891074
41.0,Fixed-speed baseline,1.0,5.2,73.97909962736932,4.593091279784373,8.195656090143391
41.5,Fixed-speed baseline,1.0,5.2,74.06683052178275,4.609656717783429,8.189123742745641
42.0,Fixed-speed baseline,1.0,5.2,74.08374160053869,4.627278089229201,8.185236694957268
42.5,Fixed-speed baseline,1.0000000000000002,5.2,74.08846428732474,4.639766394511942,8.176272313025422
43.0,Fixed-speed baseline,1.0000000000000002,5.2,74.33656571133612,4.635960944334364,8.191402473412236
43.5,Fixed-speed baseline,1.0000000000000002,5.2,74.46294189358727,4.629144713705747,8.192150054962672
44.0,Fixed-speed baseline,1.0000000000000004,5.2,74.52106096152542,4.646607023671292,8.187921867772715
44.5,Fixed-speed baseline,1.0000000000000009,5.2,74.57180785091323,4.667926569199078,8.193857342762335
45.0,Fixed-speed baseline,1.0000000000000013,5.2,74.6987359415821,4.674665752341596,8.175285167578522
45.5,Fixed-speed baseline,1.000000000000002,5.2,74.8639001500609,4.708084319756465,8.18480727948588
46.0,Fixed-speed baseline,1.000000000000003,5.2,74.84776797875418,4.708235658907751,8.182655538252511
46.5,Fixed-speed baseline,1.0000000000000049,5.2,74.95222521595257,4.709243546994634,8.202581919902679
47.0,Fixed-speed baseline,1.0000000000000075,5.2,74.94396653602566,4.755281405939614,8.206876872034695
47.5,Fixed-speed baseline,1.0000000000000118,5.2,75.03886142598759,4.751779869773573,8.199077893557803
48.0,Fixed-speed baseline,1.0000000000000182,5.2,75.08247572288859,4.756307989263675,8.194179953319601
48.5,Fixed-speed baseline,1.0000000000000282,5.2,75.1152526273068,4.756772649663415,8.201422425849659
49.0,Fixed-speed baseline,1.000000000000043,5.2,74.98131241487187,4.728810131863985,8.201998485293764
49.5,Fixed-speed baseline,1.000000000000066,5.2,75.1012937876749,4.695621849530701,8.20637786134197
50.0,Fixed-speed baseline,1.0000000000001004,5.2,75.29355419875591,4.7140517403160445,8.220122208529562
50.5,Fixed-speed baseline,1.0000000000001525,5.2,75.29018656546748,4.723664453305389,8.210513068663502
51.0,Fixed-speed baseline,1.0000000000002311,5.2,75.42130497571063,4.716776562246986,8.219702665318248
51.5,Fixed-speed baseline,1.0000000000003488,5.2,75.4674569190801,4.718871879241667,8.19876542180858
52.0,Fixed-speed baseline,1.0000000000005251,5.2,75.5151164090591,4.7071701954556495,8.228346239862667
52.5,Fixed-speed baseline,1.000000000000788,5.2,75.61897654016812,4.697634558028854,8.204832641783346
53.0,Fixed-speed baseline,1.0000000000011788,5.2,75.61682600281671,4.708655500128775,8.193889719772782
53.5,Fixed-speed baseline,1.000000000001758,5.2,75.59475964451921,4.75498425361362,8.223481506523823
54.0,Fixed-speed baseline,1.0000000000026137,5.2,75.70482116187034,4.7791480283178975,8.219800212474778
54.5,Fixed-speed baseline,1.000000000003874,5.2,75.73882377131508,4.811195621533225,8.220469282725807
55.0,Fixed-speed baseline,1.0000000000057243,5.2,75.76334611296366,4.795744310730742,8.226246429501133
55.5,Fixed-speed baseline,1.0000000000084324,5.2,75.88920376569416,4.8148217796341735,8.213120047180363
56.0,Fixed-speed baseline,1.000000000012383,5.2,76.10636917434259,4.850797325507178,8.211936099884506
56.5,Fixed-speed baseline,1.0000000000181288,5.2,76.27158921383685,4.839454013979945,8.204983356138895
57.0,Fixed-speed baseline,1.0000000000264588,5.2,76.22691765751769,4.821438076029063,8.218958214446507
57.5,Fixed-speed baseline,1.0000000000384974,5.2,76.26726701597971,4.833715021985503,8.21527697117546
58.0,Fixed-speed baseline,1.0000000000558409,5.2,76.41584547132925,4.846445199086307,8.223222091775376
58.5,Fixed-speed baseline,1.0000000000807479,5.2,76.53960791472724,4.841059400629525,8.20451610841877
59.0,Fixed-speed baseline,1.0000000001164047,5.2,76.53924551738791,4.850124999164137,8.183692598055448
59.5,Fixed-speed baseline,1.0000000001672897,5.2,76.56712536153248,4.838770518337223,8.197822473164447
60.0,Fixed-speed baseline,1.0000000002396776,5.2,76.66658628140235,4.8525405821170295,8.214184431696545
60.5,Fixed-speed baseline,1.0000000003423304,5.2,76.67438346143405,4.8390779290530075,8.23075041522366
61.0,Fixed-speed baseline,1.0000000004874419,5.2,76.6429716418625,4.811918703559183,8.224152607681198
61.5,Fixed-speed baseline,1.0000000006919265,5.2,76.57831331581319,4.825154395616487,8.216073305320478
62.0,Fixed-speed baseline,1.0000000009791667,5.2,76.6751497525201,4.832120353326891,8.19220140752749
62.5,Fixed-speed baseline,1.0000000013813795,5.2,76.77163800048591,4.839349044658579,8.20534126272592
63.0,Fixed-speed baseline,1.0000000019428035,5.2,76.8688219646476,4.849584293503988,8.2059373832563
63.5,Fixed-speed baseline,1.0000000027239824,5.2,76.89923465034099,4.830283888984921,8.18472411977832
64.0,Fixed-speed baseline,1.000000003807495,5.2,77.01711515625453,4.848173203709527,8.193589447745673
64.5,Fixed-speed baseline,1.0000000053055933,5.2,76.80725805226028,4.837576576573169,8.179249594075012
65.0,Fixed-speed baseline,1.0000000073703508,5.2,76.75249648798855,4.864852328718396,8.178662958232676
65.5,Fixed-speed baseline,1.00000001020709,5.2,76.8632728567047,4.893835784545857,8.177844506720891
66.0,Fixed-speed baseline,1.0000000140920873,5.2,76.90325199448128,4.902986734567262,8.19005338982554
66.5,Fixed-speed baseline,1.000000019395826,5.2,76.82929308067179,4.919537678999418,8.20209518377852
67.0,Fixed-speed baseline,1.0000000266134286,5.2,76.95967083759449,4.964156862628873,8.1975046114756
67.5,Fixed-speed baseline,1.0000000364043227,5.2,76.930545050165,4.989656741524587,8.20092809259021
68.0,Fixed-speed baseline,1.0000000496437604,5.2,76.96625394988769,4.957590694685081,8.214778934443059
68.5,Fixed-speed baseline,1.0000000674894627,5.2,77.00233073083143,4.952858147996628,8.208714790005853
69.0,Fixed-speed baseline,1.0000000914675096,5.2,77.00818388195137,4.963681006354734,8.191147681911932
69.5,Fixed-speed baseline,1.0000001235825986,5.2,77.15755349454955,4.942774755307815,8.201307099122836
70.0,Fixed-speed baseline,1.0000001664590368,5.2,77.14453429526613,4.944907824570578,8.207496172314578
70.5,Fixed-speed baseline,1.000000223520323,5.2,77.17321203571518,4.959087799665068,8.223247282320614
71.0,Fixed-speed baseline,1.0000002992169832,5.2,77.22747575435301,4.965725734513865,8.224341713967927
71.5,Fixed-speed baseline,1.0000003993144706,5.2,77.51939020629418,4.947761259223552,8.229895065693576
72.0,Fixed-speed baseline,1.000000531255504,5.2,77.57300560877903,4.926019210217033,8.223766799735742
72.5,Fixed-speed baseline,1.0000007046142487,5.2,77.52695563068457,4.922707673890804,8.213621439982752
73.0,Fixed-speed baseline,1.000000931663293,5.2,77.41064035902771,4.9127969814299846,8.211026047404673
73.5,Fixed-speed baseline,1.0000012280785147,5.2,77.52333184143995,4.891513231080256,8.20350623549416
74.0,Fixed-speed baseline,1.0000016138117267,5.2,77.61583054324917,4.873749199441756,8.213941569960028
74.5,Fixed-speed baseline,1.000002114166492,5.2,77.56908908343779,4.914782972448248,8.22548482037471
75.0,Fixed-speed baseline,1.0000027611187725,5.2,77.68217941318454,4.883330803675731,8.219353241800162
75.5,Fixed-speed baseline,1.0000035949311479,5.2,77.65983496201272,4.892573618480812,8.224003564988173
76.0,Fixed-speed baseline,1.0000046661172783,5.2,77.8311272253479,4.920606599004727,8.20571991390244
76.5,Fixed-speed baseline,1.000006037822039,5.2,77.8275194529517,4.908511523957592,8.215522552815395
77.0,Fixed-speed baseline,1.0000077886923797,5.2,77.92528757799475,4.934549659465201,8.214963431934628
77.5,Fixed-speed baseline,1.0000100163243482,5.2,78.01309601186703,4.983718680591126,8.207936630592966
78.0,Fixed-speed baseline,1.0000128413827973,5.2,77.87442367867617,5.01166639538646,8.189829816819731
78.5,Fixed-speed baseline,1.000016412501932,5.2,77.88378380226906,5.054565177699563,8.225512770261233
79.0,Fixed-speed baseline,1.0000209120868073,5.2,77.93960808170239,5.033225420222802,8.225152665826412
79.5,Fixed-speed baseline,1.000026563147924,5.2,77.92778772917566,5.0713555914137505,8.216029295519984
80.0,Fixed-speed baseline,1.00003363731277,5.2,77.88216127914087,5.089420540747132,8.234637875314803
80.5,Fixed-speed baseline,1.0000424641691403,5.2,77.89519719301603,5.062154598572175,8.221017923115069
81.0,Fixed-speed baseline,1.0000534421047045,5.2,77.79014997209539,5.046039569235219,8.215759455162004
81.5,Fixed-speed baseline,1.000067050814999,5.2,77.84268608050984,5.049285457165648,8.210227277387851
82.0,Fixed-speed baseline,1.0000838656569757,5.2,77.93932504231077,5.0614907209832944,8.207792046393967
82.5,Fixed-speed baseline,1.000104574026606,5.2,77.95192449346101,5.012587687589397,8.212151328104774
83.0,Fixed-speed baseline,1.000129993935814,5.2,78.07787544412032,5.002095452133966,8.222144811786851
83.5,Fixed-speed baseline,1.000161094955142,5.2,77.9426937518672,5.0054912060256935,8.212933034313664
84.0,Fixed-speed baseline,1.000199021672874,5.2,77.86826582309021,5.012946602209432,8.193896742452164
84.5,Fixed-speed baseline,1.000245119797651,5.2,77.9853258169887,5.021550842060866,8.177704778693215
85.0,Fixed-speed baseline,1.0003009649987071,5.2,77.94374194085091,4.981612036295347,8.215066959364115
85.5,Fixed-speed baseline,1.0003683945344832,5.2,78.01006580458706,4.974487509930686,8.214682713853863
86.0,Fixed-speed baseline,1.000449541665462,5.2,78.18400219911263,4.989753986725322,8.200967964893271
86.5,Fixed-speed baseline,1.0005468727795457,5.2,78.26672121964883,4.987886169366731,8.200959673062146
87.0,Fixed-speed baseline,1.0006632270774112,5.2,78.4112018007031,5.046752598261389,8.197698095589836
87.5,Fixed-speed baseline,1.000801858570437,5.2,78.32795920565123,5.063947993804053,8.209468845962382
88.0,Fixed-speed baseline,1.000966480034868,5.2,78.33510631405345,5.053036116611903,8.214415215457144
88.5,Fixed-speed baseline,1.0011613084430833,5.2,78.28100161000981,5.092541033372735,8.197289499328573
89.0,Fixed-speed baseline,1.0013911112569485,5.2,78.21736172081503,5.08911002089259,8.189613402301154
89.5,Fixed-speed baseline,1.0016612528206854,5.2,78.20510507342962,5.071725530974625,8.190386563645664
90.0,Fixed-speed baseline,0.3519777399334825,4.65,83.5541324599071,5.0525616932208575,8.188593129723557
90.5,Fixed-speed baseline,0.35234726551810247,4.65,83.45507613034296,5.06359894296779,8.19445789259368
91.0,Fixed-speed baseline,0.35277724913456054,4.65,83.37190069002706,5.077403590107232,8.182694726970741
91.5,Fixed-speed baseline,0.35327587292204,4.65,83.33759552513065,5.0340076724333445,8.175403712811987
92.0,Fixed-speed baseline,0.35385211139279715,4.65,83.41087704522919,5.0380938499166525,8.173901082509541
92.5,Fixed-speed baseline,0.3545157533549453,4.65,83.47146832793648,5.021713981115277,8.182875552030362
93.0,Fixed-speed baseline,0.35527741411341773,4.65,83.46079610674322,5.039591271173019,8.20338994843875
93.5,Fixed-speed baseline,0.3561485359974309,4.65,83.5321379812637,5.0265584600492605,8.224694566783885
94.0,Fixed-speed baseline,0.3571413751961376,4.65,83.43771771180151,4.9974280465396035,8.214801084305718
94.5,Fixed-speed baseline,0.35826897285984916,4.65,83.30479973329592,4.969221303767393,8.216775066975167
95.0,Fixed-speed baseline,0.35954510845013393,4.65,83.12134888885357,4.949058736481037,8.219125041473646
95.5,Fixed-speed baseline,0.36098423340585184,4.65,83.15404648776388,4.92805414161247,8.221398141676385
96.0,Fixed-speed baseline,0.36260138334068837,4.65,83.09091206854157,4.942058496056554,8.210771234811828
96.5,Fixed-speed baseline,0.3644120672068869,4.65,83.00058937459514,4.917112784007068,8.206978197203474
97.0,Fixed-speed baseline,0.3664321321541326,4.65,82.97627674794441,4.892352568580676,8.195041616015782
97.5,Fixed-speed baseline,0.36867760318460613,4.65,82.99880530039917,4.894118695674508,8.187508341004428
98.0,Fixed-speed baseline,0.3711644971556325,4.65,82.83761827508633,4.938089332486803,8.175573134492332
98.5,Fixed-speed baseline,0.3739086112081346,4.65,82.78113525544623,4.944425996437569,8.172408394989224
99.0,Fixed-speed baseline,0.376925286297508,4.65,82.67840201899898,4.9339319837119255,8.176221590299129
99.5,Fixed-speed baseline,0.380229147165786,4.65,82.6833264097781,4.930926726628099,8.178305574669036
100.0,Fixed-speed baseline,0.3838338208091532,4.65,82.58334524658292,4.9647173224822865,8.191651077175345
100.5,Fixed-speed baseline,0.38775163624887726,4.65,82.49473925577418,4.946184438925525,8.196198197409062
101.0,Fixed-speed baseline,0.39199330918938335,4.65,82.3997510457015,4.943243921373838,8.196243276514762
101.5,Fixed-speed baseline,0.39656761592442524,4.65,82.29837966938766,4.93337036819842,8.202190178781525
102.0,Fixed-speed baseline,0.4014810616085497,4.65,82.22291952779246,4.899633136720444,8.189070541194004
102.5,Fixed-speed baseline,0.4067375487217398,4.65,82.05324734296379,4.904526316508405,8.174881713250494
103.0,Fixed-speed baseline,0.412338052194324,4.65,81.92483307896865,4.877621786758577,8.192293297181354
103.5,Fixed-speed baseline,0.4182803082004446,4.65,81.91998135083347,4.874912859755733,8.187169905102547
104.0,Fixed-speed baseline,0.4245585240453554,4.65,81.80325842109855,4.876318256789391,8.18879870613793
104.5,Fixed-speed baseline,0.4311631168395874,4.65,81.73377570049446,4.877565301280878,8.206929427377828
105.0,Fixed-speed baseline,0.43808048874887423,4.65,81.7785060958773,4.8261806453838,8.20327603014767
105.5,Fixed-speed baseline,0.4452928465132481,4.65,81.56854420117105,4.788227051507963,8.20277766534118
106.0,Fixed-speed baseline,0.4527780726267968,4.65,81.46443296953144,4.784776471529677,8.195761375364153
106.5,Fixed-speed baseline,0.4605096550513309,4.65,81.39083587497522,4.793751608334564,8.211868037754552
107.0,Fixed-speed baseline,0.46845668159884096,4.65,81.43346728236168,4.7598942829188635,8.208139462427605
107.5,Fixed-speed baseline,0.4765839041620251,4.65,81.20656426895725,4.763432227453852,8.208439522183145
108.0,Fixed-speed baseline,0.4848518768094066,4.65,81.33520620028484,4.771452490884272,8.20833394332565
108.5,Fixed-speed baseline,0.4932171704091233,4.65,81.23899444663876,4.7104675685876405,8.215813736989913
109.0,Fixed-speed baseline,0.5016326649281584,4.65,81.04752098630526,4.731373405353994,8.212898529905328
109.5,Fixed-speed baseline,0.5100479189034482,4.65,81.15322447356539,4.738054453895562,8.21219633996149
110.0,Fixed-speed baseline,0.5184096138361817,4.65,80.91907969276393,4.753317570975326,8.217209624914505
110.5,Fixed-speed baseline,0.5266620694644291,4.65,80.8801080090999,4.773702956981376,8.205467744252
111.0,Fixed-speed baseline,0.5347478240700771,4.65,80.70652286589709,4.7422988398051364,8.214783005595141
111.5,Fixed-speed baseline,0.542608272224844,4.65,80.56493531945307,4.761914416077224,8.21109751523993
112.0,Fixed-speed baseline,0.550184350729202,4.65,80.591756535094,4.748107873543675,8.203539633174445
112.5,Fixed-speed baseline,0.5574172619991782,4.65,80.49980569585632,4.745750409691852,8.219405812627544
113.0,Fixed-speed baseline,0.5642492228588197,4.65,80.55034150563861,4.765930522134263,8.18144799224079
113.5,Fixed-speed baseline,0.5706242256461489,4.65,80.63293334156295,4.752158706633854,8.188378440002593
114.0,Fixed-speed baseline,0.5764887977773774,4.65,80.60678467745961,4.725753298323712,8.190986093557672
114.5,Fixed-speed baseline,0.5817927454703087,4.65,80.49816340322748,4.686864399256888,8.192488173374366
115.0,Fixed-speed baseline,0.5864898672266914,4.65,80.37744567582348,4.681129843844094,8.19301178230483
115.5,Fixed-speed baseline,0.5905386229283645,4.65,80.35243296796949,4.707625043827615,8.187794529529745
116.0,Fixed-speed baseline,0.5939027450162114,4.65,80.39215006891115,4.6983766785598045,8.1866325186888
116.5,Fixed-speed baseline,0.596551779185979,4.65,80.32715966868359,4.668976785016841,8.19177447432517
117.0,Fixed-speed baseline,0.5984615433316103,4.65,80.24254488490027,4.688665281466291,8.182400804979146
117.5,Fixed-speed baseline,0.5996144950648824,4.65,80.36744085002704,4.668315416351549,8.194666524390007
118.0,Fixed-speed baseline,0.6,4.65,80.1677303722603,4.648890917192871,8.21234162398524
118.5,Fixed-speed baseline,0.5996144950648824,4.65,80.22388791968562,4.631638695677766,8.223064401939096
119.0,Fixed-speed baseline,0.5984615433316103,4.65,80.21329987910877,4.639242562078161,8.222716385314714
119.5,Fixed-speed baseline,0.596551779185979,4.65,80.26424895888482,4.682982174688731,8.209293239700523
120.0,Fixed-speed baseline,0.5939027450162114,4.65,80.41665685439447,4.682710422565399,8.221426183515822
120.5,Fixed-speed baseline,0.5905386229283645,4.65,80.35107417143624,4.6855978258825886,8.201364380687863
121.0,Fixed-speed baseline,0.5864898672266914,4.65,80.29998882396211,4.708707153489878,8.188871668061466
121.5,Fixed-speed baseline,0.5817927454703087,4.65,80.28922639204639,4.716584424434333,8.17502115302846
122.0,Fixed-speed baseline,0.5764887977773774,4.65,80.37925619982457,4.728812860063525,8.17338293976461
122.5,Fixed-speed baseline,0.5706242256461489,4.65,80.37209318194664,4.757229187438126,8.185290302585651
123.0,Fixed-speed baseline,0.5642492228588197,4.65,80.4154725226603,4.763596196093071,8.18574089958882
123.5,Fixed-speed baseline,0.5574172619991782,4.65,80.53597257700521,4.771847759609343,8.178068059634041
124.0,Fixed-speed baseline,0.550184350729202,4.65,80.42613343544598,4.745616066795495,8.179506420294357
124.5,Fixed-speed baseline,0.542608272224844,4.65,80.5344922361994,4.748110145951103,8.176662137206419
125.0,Fixed-speed baseline,0.5347478240700771,4.65,80.53638725114558,4.744524531161474,8.173845674132957
125.5,Fixed-speed baseline,0.5266620694644291,4.65,80.65299921499711,4.734009899478569,8.168847085229972
126.0,Fixed-speed baseline,0.5184096138361817,4.65,80.71142276474195,4.743209193394218,8.18936604890747
126.5,Fixed-speed baseline,0.5100479189034482,4.65,80.75537898092976,4.733123757915272,8.206475771933109
127.0,Fixed-speed baseline,0.5016326649281584,4.65,80.99725735282257,4.71659868987339,8.18975746557312
127.5,Fixed-speed baseline,0.4932171704091233,4.65,80.99161094921288,4.707219063684191,8.199514497699859
128.0,Fixed-speed baseline,0.4848518768094066,4.65,81.22657723020289,4.670896766745305,8.199370439499045
128.5,Fixed-speed baseline,0.4765839041620251,4.65,81.28510403054268,4.682796854527619,8.182746054864964
129.0,Fixed-speed baseline,0.46845668159884096,4.65,81.19700737130968,4.704264845403999,8.211734721748769
129.5,Fixed-speed baseline,0.4605096550513309,4.65,81.13337840967996,4.6909133275665456,8.202851586533443
130.0,Fixed-speed baseline,0.4527780726267968,4.65,81.43121369753406,4.710379778149897,8.17920480726827
130.5,Fixed-speed baseline,0.4452928465132481,4.65,81.38866348756885,4.709536161246312,8.194879344219425
131.0,Fixed-speed baseline,0.43808048874887423,4.65,81.5918203315429,4.734583250548087,8.196772107965684
131.5,Fixed-speed baseline,0.4311631168395874,4.65,81.68385598794163,4.7605274357486875,8.19482782829181
132.0,Fixed-speed baseline,0.4245585240453554,4.65,81.51607791519108,4.766182116373214,8.205808330159106
132.5,Fixed-speed baseline,0.4182803082004446,4.65,81.52007349125759,4.784701579461146,8.213032440903053
133.0,Fixed-speed baseline,0.412338052194324,4.65,81.64416026458079,4.804793122288509,8.205302884484077
133.5,Fixed-speed baseline,0.4067375487217398,4.65,81.55963421727294,4.81386059278646,8.182711468736962
134.0,Fixed-speed baseline,0.4014810616085497,4.65,81.63042765695629,4.8635356836925325,8.198252818501148
134.5,Fixed-speed baseline,0.39656761592442524,4.65,81.5346084721809,4.8707377087276855,8.203397484984572
135.0,Fixed-speed baseline,0.39199330918938335,4.65,81.57131488061017,4.870526355223845,8.208521242955673
135.5,Fixed-speed baseline,0.38775163624887726,4.65,81.62876629731902,4.8705629042739345,8.208038692538008
136.0,Fixed-speed baseline,0.3838338208091532,4.65,81.72964015915697,4.877038230947553,8.20379027370315
136.5,Fixed-speed baseline,0.380229147165786,4.65,81.51971986539176,4.867629658916897,8.20338135202892
137.0,Fixed-speed baseline,0.376925286297508,4.65,81.31761316617813,4.864883713487975,8.202232071105016
137.5,Fixed-speed baseline,0.3739086112081346,4.65,81.18447937592038,4.852380067595828,8.213921009422046
138.0,Fixed-speed baseline,0.3711644971556325,4.65,81.20672463289334,4.8309325184227845,8.197873247489381
138.5,Fixed-speed baseline,0.36867760318460613,4.65,81.34974305830072,4.828828233519825,8.21210525237673
139.0,Fixed-speed baseline,0.3664321321541326,4.65,81.26953739736733,4.833227393618691,8.203942796642966
139.5,Fixed-speed baseline,0.3644120672068869,4.65,81.23955438109232,4.806463993735762,8.179865772660847
140.0,Fixed-speed baseline,0.36260138334068837,4.65,81.33816307572692,4.816969073293364,8.204792105938763
