controller,severity,preload,afterload,load_stress,run,MAP RMSE (mmHg),Unsafe Event Rate (%)
Proposed CNN-Transformer,Mild,Low,Low,2.1400934559032696,1,4.912979215612812,3.8704767482954034
Proposed CNN-Transformer,Mild,Low,Low,2.1400934559032696,2,6.760636259303833,3.8491368144062097
Proposed CNN-Transformer,Mild,Low,Low,2.1400934559032696,3,5.62054085682945,4.104474396032999
Proposed CNN-Transformer,Mild,Low,Low,2.1400934559032696,4,4.522455532584259,4.420532021509647
Proposed CNN-Transformer,Mild,Low,Low,2.1400934559032696,5,5.941172263012369,4.2892731494585705
Proposed CNN-Transformer,Mild,Low,Low,2.1400934559032696,6,5.980670699613567,5.539518337100469
Proposed CNN-Transformer,Mild,Low,Low,2.1400934559032696,7,5.983067995107504,4.925901382363492
Proposed CNN-Transformer,Mild,Low,Low,2.1400934559032696,8,4.8065775515200935,3.931287556054816
Proposed CNN-Transformer,Mild,Low,Low,2.1400934559032696,9,5.309574910023156,4.27406124354914
Proposed CNN-Transformer,Mild,Low,Low,2.1400934559032696,10,5.975281572443895,3.411021221019461
Proposed CNN-Transformer,Mild,Low,Reduced,1.8027756377319946,1,4.682079875641084,4.2031981384530095
Proposed CNN-Transformer,Mild,Low,Reduced,1.8027756377319946,2,4.34906449548341,3.986078656516994
Proposed CNN-Transformer,Mild,Low,Reduced,1.8027756377319946,3,5.244461075666901,4.203225341592111
Proposed CNN-Transformer,Mild,Low,Reduced,1.8027756377319946,4,5.08937121426503,2.723507471128161
Proposed CNN-Transformer,Mild,Low,Reduced,1.8027756377319946,5,4.562660447975975,4.378097380802008
Proposed CNN-Transformer,Mild,Low,Reduced,1.8027756377319946,6,6.330059393597158,3.6134561640579443
Proposed CNN-Transformer,Mild,Low,Reduced,1.8027756377319946,7,6.016561183462094,4.5359158260977575
Proposed CNN-Transformer,Mild,Low,Reduced,1.8027756377319946,8,4.794568709393204,4.411565892361912
Proposed CNN-Transformer,Mild,Low,Reduced,1.8027756377319946,9,4.993773038214468,3.264334593165174
Proposed CNN-Transformer,Mild,Low,Reduced,1.8027756377319946,10,5.204492868375236,2.9363009182577184
Proposed CNN-Transformer,Mild,Low,Normal,1.7,1,4.14391673070097,3.990081842448143
Proposed CNN-Transformer,Mild,Low,Normal,1.7,2,5.389803811474462,3.44300211930387
Proposed CNN-Transformer,Mild,Low,Normal,1.7,3,4.956815422350182,3.251883010803452
Proposed CNN-Transformer,Mild,Low,Normal,1.7,4,5.4896587371699646,3.3137865143135246
Proposed CNN-Transformer,Mild,Low,Normal,1.7,5,4.562148548660879,4.15214955812864
Proposed CNN-Transformer,Mild,Low,Normal,1.7,6,4.07867509008908,4.1429847799141974
Proposed CNN-Transformer,Mild,Low,Normal,1.7,7,5.989943579704952,3.4183428982832944
Proposed CNN-Transformer,Mild,Low,Normal,1.7,8,5.435951392892017,4.025109351327143
Proposed CNN-Transformer,Mild,Low,Normal,1.7,9,5.520920745621595,3.3616272807491305
Proposed CNN-Transformer,Mild,Low,Normal,1.7,10,6.075872183937189,3.8505640624238544
Proposed CNN-Transformer,Mild,Low,Elevated,1.972308292331602,1,4.899877633021052,4.912695178109183
Proposed CNN-Transformer,Mild,Low,Elevated,1.972308292331602,2,4.486531912274777,6.161809507812649
Proposed CNN-Transformer,Mild,Low,Elevated,1.972308292331602,3,4.584251971058503,3.38959152984891
Proposed CNN-Transformer,Mild,Low,Elevated,1.972308292331602,4,4.911272761295097,4.522715803279053
Proposed CNN-Transformer,Mild,Low,Elevated,1.972308292331602,5,6.337210465448306,3.746132726817029
Proposed CNN-Transformer,Mild,Low,Elevated,1.972308292331602,6,6.623926058464522,2.9608204380064578
Proposed CNN-Transformer,Mild,Low,Elevated,1.972308292331602,7,5.04881004408452,4.1595469368246585
Proposed CNN-Transformer,Mild,Low,Elevated,1.972308292331602,8,5.928683577167411,3.8756446209848887
Proposed CNN-Transformer,Mild,Low,Elevated,1.972308292331602,9,4.991251709264183,3.8528440556185712
Proposed CNN-Transformer,Mild,Low,Elevated,1.972308292331602,10,5.9012179088635985,4.13393216986215
Proposed CNN-Transformer,Mild,Low,High,2.701851217221259,1,7.24855450114762,5.8961982327646405
Proposed CNN-Transformer,Mild,Low,High,2.701851217221259,2,6.680080303811355,5.0468923988409475
Proposed CNN-Transformer,Mild,Low,High,2.701851217221259,3,5.388749529601069,5.2205126913363475
Proposed CNN-Transformer,Mild,Low,High,2.701851217221259,4,6.810630369938343,6.135779428980318
Proposed CNN-Transformer,Mild,Low,High,2.701851217221259,5,6.788566784103542,6.028585315692351
Proposed CNN-Transformer,Mild,Low,High,2.701851217221259,6,6.668541281671055,4.708684081930529
Proposed CNN-Transformer,Mild,Low,High,2.701851217221259,7,7.170873541820243,6.782716733794087
Proposed CNN-Transformer,Mild,Low,High,2.701851217221259,8,7.112461472438958,5.678942870117836
Proposed CNN-Transformer,Mild,Low,High,2.701851217221259,9,7.826533227685442,5.07440784803751
Proposed CNN-Transformer,Mild,Low,High,2.701851217221259,10,6.70512333486251,4.484797929044473
Proposed CNN-Transformer,Mild,Reduced,Low,1.5264337522473748,1,4.788758708873735,3.6247801000148208
Proposed CNN-Transformer,Mild,Reduced,Low,1.5264337522473748,2,4.69654519962353,3.885133117330226
Proposed CNN-Transformer,Mild,Reduced,Low,1.5264337522473748,3,4.381014559344817,3.4410089012968044
Proposed CNN-Transformer,Mild,Reduced,Low,1.5264337522473748,4,5.7313005007394375,3.2600471228757035
Proposed CNN-Transformer,Mild,Reduced,Low,1.5264337522473748,5,4.374397253657293,4.064427163432525
Proposed CNN-Transformer,Mild,Reduced,Low,1.5264337522473748,6,4.838741022135161,2.757435216273272
Proposed CNN-Transformer,Mild,Reduced,Low,1.5264337522473748,7,5.218565112104986,2.723971256134511
Proposed CNN-Transformer,Mild,Reduced,Low,1.5264337522473748,8,4.1792150399883585,3.6179109461565204
Proposed CNN-Transformer,Mild,Reduced,Low,1.5264337522473748,9,5.653896634462989,2.32187988970127
Proposed CNN-Transformer,Mild,Reduced,Low,1.5264337522473748,10,4.564161465001271,3.835751941998662
Proposed CNN-Transformer,Mild,Reduced,Reduced,1.0,1,3.9680181274920994,3.3751967199282413
Proposed CNN-Transformer,Mild,Reduced,Reduced,1.0,2,3.6041073210489065,1.2479924920962557
Proposed CNN-Transformer,Mild,Reduced,Reduced,1.0,3,4.04929214394633,1.3876652088170722
Proposed CNN-Transformer,Mild,Reduced,Reduced,1.0,4,3.749010377762588,1.8338667072033048
Proposed CNN-Transformer,Mild,Reduced,Reduced,1.0,5,3.6497753038933,2.1102501073479507
Proposed CNN-Transformer,Mild,Reduced,Reduced,1.0,6,3.7616955861707613,3.5474497400582856
Proposed CNN-Transformer,Mild,Reduced,Reduced,1.0,7,3.69797150131212,2.0683934185231294
Proposed CNN-Transformer,Mild,Reduced,Reduced,1.0,8,4.17901098134982,2.015716400698388
Proposed CNN-Transformer,Mild,Reduced,Reduced,1.0,9,3.3988156722214797,2.763178751036703
Proposed CNN-Transformer,Mild,Reduced,Reduced,1.0,10,4.820741967446218,2.949710593588735
Proposed CNN-Transformer,Mild,Reduced,Normal,0.8,1,3.3827692976818944,1.7787396156231914
Proposed CNN-Transformer,Mild,Reduced,Normal,0.8,2,3.888633524923637,2.9088647330518556
Proposed CNN-Transformer,Mild,Reduced,Normal,0.8,3,4.213490493672192,2.743098207540051
Proposed CNN-Transformer,Mild,Reduced,Normal,0.8,4,3.9939683170299256,2.316460041558179
Proposed CNN-Transformer,Mild,Reduced,Normal,0.8,5,4.007991418187796,2.327784301597418
Proposed CNN-Transformer,Mild,Reduced,Normal,0.8,6,3.840074476872808,2.6928871482870878
Proposed CNN-Transformer,Mild,Reduced,Normal,0.8,7,3.95537814391768,2.5315467393903504
Proposed CNN-Transformer,Mild,Reduced,Normal,0.8,8,3.5726018633944787,1.7614994252791623
Proposed CNN-Transformer,Mild,Reduced,Normal,0.8,9,3.63659937875897,2.4855236063158688
Proposed CNN-Transformer,Mild,Reduced,Normal,0.8,10,2.761773464657766,3.1151884659723343
Proposed CNN-Transformer,Mild,Reduced,Elevated,1.2806248474865698,1,4.506845679518786,3.180562776079583
Proposed CNN-Transformer,Mild,Reduced,Elevated,1.2806248474865698,2,3.5663749368266773,3.601086358960419
Proposed CNN-Transformer,Mild,Reduced,Elevated,1.2806248474865698,3,3.652583219861932,3.6474565992288785
Proposed CNN-Transformer,Mild,Reduced,Elevated,1.2806248474865698,4,4.397543370285907,3.628572860410058
Proposed CNN-Transformer,Mild,Reduced,Elevated,1.2806248474865698,5,3.756839696010544,3.194672922192194
Proposed CNN-Transformer,Mild,Reduced,Elevated,1.2806248474865698,6,4.372142740797268,1.7553438987874979
Proposed CNN-Transformer,Mild,Reduced,Elevated,1.2806248474865698,7,4.5975771052382095,2.229266052276324
Proposed CNN-Transformer,Mild,Reduced,Elevated,1.2806248474865698,8,4.882511368136147,2.821318999254765
Proposed CNN-Transformer,Mild,Reduced,Elevated,1.2806248474865698,9,4.810718292076616,3.277199568575094
Proposed CNN-Transformer,Mild,Reduced,Elevated,1.2806248474865698,10,4.9363805463282295,2.9799207598781146
Proposed CNN-Transformer,Mild,Reduced,High,2.247220505424423,1,5.795813841762442,3.3318346507907357
Proposed CNN-Transformer,Mild,Reduced,High,2.247220505424423,2,5.113148682181399,4.22708996404566
Proposed CNN-Transformer,Mild,Reduced,High,2.247220505424423,3,6.105227616786145,3.3923492195459866
Proposed CNN-Transformer,Mild,Reduced,High,2.247220505424423,4,5.749610805084573,4.088794134752481
Proposed CNN-Transformer,Mild,Reduced,High,2.247220505424423,5,6.0193979585582795,3.5240029046111228
Proposed CNN-Transformer,Mild,Reduced,High,2.247220505424423,6,6.21236006203105,5.718116203966085
Proposed CNN-Transformer,Mild,Reduced,High,2.247220505424423,7,6.206468859189885,4.450586129021561
Proposed CNN-Transformer,Mild,Reduced,High,2.247220505424423,8,5.888198136587198,3.580296832309827
Proposed CNN-Transformer,Mild,Reduced,High,2.247220505424423,9,5.584528464949403,3.4457019918046985
Proposed CNN-Transformer,Mild,Reduced,High,2.247220505424423,10,4.976714581534836,4.222480922241287
Proposed CNN-Transformer,Mild,Normal,Low,1.3,1,3.592678779413173,2.979722563866561
Proposed CNN-Transformer,Mild,Normal,Low,1.3,2,4.41022857910591,1.6855444637358192
Proposed CNN-Transformer,Mild,Normal,Low,1.3,3,4.50110356924134,2.9839202931622015
Proposed CNN-Transformer,Mild,Normal,Low,1.3,4,4.537063190104602,3.024524298067835
Proposed CNN-Transformer,Mild,Normal,Low,1.3,5,4.133726786211071,3.091323259466383
Proposed CNN-Transformer,Mild,Normal,Low,1.3,6,4.770562841953818,1.931510052280397
Proposed CNN-Transformer,Mild,Normal,Low,1.3,7,4.8220127483857445,2.7637137892199815
Proposed CNN-Transformer,Mild,Normal,Low,1.3,8,4.425969445871092,2.879574131998558
Proposed CNN-Transformer,Mild,Normal,Low,1.3,9,4.096159477592048,2.4720840925872207
Proposed CNN-Transformer,Mild,Normal,Low,1.3,10,4.440847927179536,2.689727829582275
Proposed CNN-Transformer,Mild,Normal,Reduced,0.6,1,3.9913549794215597,2.699445244399305
Proposed CNN-Transformer,Mild,Normal,Reduced,0.6,2,3.1909387444397073,2.0644612750554097
Proposed CNN-Transformer,Mild,Normal,Reduced,0.6,3,3.146410037242643,1.528663512930891
Proposed CNN-Transformer,Mild,Normal,Reduced,0.6,4,3.3747827421598435,1.1849932937106515
Proposed CNN-Transformer,Mild,Normal,Reduced,0.6,5,4.342245000463644,1.9257854956012717
Proposed CNN-Transformer,Mild,Normal,Reduced,0.6,6,4.163652896094567,1.3123615127261645
Proposed CNN-Transformer,Mild,Normal,Reduced,0.6,7,2.9689042141788846,2.5829852531641198
Proposed CNN-Transformer,Mild,Normal,Reduced,0.6,8,3.4203250548386417,2.1687608432544105
Proposed CNN-Transformer,Mild,Normal,Reduced,0.6,9,3.080982481726294,2.114297670164378
Proposed CNN-Transformer,Mild,Normal,Reduced,0.6,10,3.040778652168955,2.7753863018425777
Proposed CNN-Transformer,Mild,Normal,Normal,0.0,1,2.747174994806603,0.5322895931876384
Proposed CNN-Transformer,Mild,Normal,Normal,0.0,2,2.937599408253324,1.5120413487497206
Proposed CNN-Transformer,Mild,Normal,Normal,0.0,3,2.9095380282169887,1.477410907231592
Proposed CNN-Transformer,Mild,Normal,Normal,0.0,4,3.3633445283579553,2.0494550421448956
Proposed CNN-Transformer,Mild,Normal,Normal,0.0,5,2.6751752430355404,1.221300237750004
Proposed CNN-Transformer,Mild,Normal,Normal,0.0,6,3.0368043485544436,1.235036966864316
Proposed CNN-Transformer,Mild,Normal,Normal,0.0,7,2.648189948214055,1.0355593913256875
Proposed CNN-Transformer,Mild,Normal,Normal,0.0,8,2.1946729256768225,1.2082978306984824
Proposed CNN-Transformer,Mild,Normal,Normal,0.0,9,3.3930720180922296,1.2982205734351624
Proposed CNN-Transformer,Mild,Normal,Normal,0.0,10,2.0242397076579124,2.0075288861842497
Proposed CNN-Transformer,Mild,Normal,Elevated,1.0,1,3.9346212969868852,3.611572620955257
Proposed CNN-Transformer,Mild,Normal,Elevated,1.0,2,4.380951622421188,3.259633927145389
Proposed CNN-Transformer,Mild,Normal,Elevated,1.0,3,3.531373745965306,3.1846446462703812
Proposed CNN-Transformer,Mild,Normal,Elevated,1.0,4,4.842538607443234,2.302134263932502
Proposed CNN-Transformer,Mild,Normal,Elevated,1.0,5,3.579752666870574,2.308338440336145
Proposed CNN-Transformer,Mild,Normal,Elevated,1.0,6,3.970597401861818,3.836506606437156
Proposed CNN-Transformer,Mild,Normal,Elevated,1.0,7,3.057289296794007,2.686348876569487
Proposed CNN-Transformer,Mild,Normal,Elevated,1.0,8,3.532250356246907,2.921527265234781
Proposed CNN-Transformer,Mild,Normal,Elevated,1.0,9,3.6516198531867223,2.5904712005837354
Proposed CNN-Transformer,Mild,Normal,Elevated,1.0,10,4.504495179601268,2.6285649870836365
Proposed CNN-Transformer,Mild,Normal,High,2.1,1,6.485625851660515,3.7761105823061962
Proposed CNN-Transformer,Mild,Normal,High,2.1,2,5.694914222586189,4.783470081070374
Proposed CNN-Transformer,Mild,Normal,High,2.1,3,4.6209016435104635,5.0321265210709445
Proposed CNN-Transformer,Mild,Normal,High,2.1,4,6.190518119886681,3.597914184680002
Proposed CNN-Transformer,Mild,Normal,High,2.1,5,5.077567531802518,4.02165966679604
Proposed CNN-Transformer,Mild,Normal,High,2.1,6,5.487620274980132,4.125520384902957
Proposed CNN-Transformer,Mild,Normal,High,2.1,7,5.331126793917797,5.812888416965699
Proposed CNN-Transformer,Mild,Normal,High,2.1,8,6.909965957252619,4.175048147209615
Proposed CNN-Transformer,Mild,Normal,High,2.1,9,5.999029347712564,4.777909831687332
Proposed CNN-Transformer,Mild,Normal,High,2.1,10,5.562904093650297,4.561726766621596
Proposed CNN-Transformer,Mild,Elevated,Low,1.5811388300841898,1,4.032257108046493,3.710282325842572
Proposed CNN-Transformer,Mild,Elevated,Low,1.5811388300841898,2,5.236297483343359,3.119347765439788
Proposed CNN-Transformer,Mild,Elevated,Low,1.5811388300841898,3,5.543816831595612,3.551229959890698
Proposed CNN-Transformer,Mild,Elevated,Low,1.5811388300841898,4,4.734717837921019,3.850214505001246
Proposed CNN-Transformer,Mild,Elevated,Low,1.5811388300841898,5,3.710315701332574,2.7364903865487245
Proposed CNN-Transformer,Mild,Elevated,Low,1.5811388300841898,6,4.823573984579828,2.5487950742704095
Proposed CNN-Transformer,Mild,Elevated,Low,1.5811388300841898,7,4.22732221680872,4.60768536306628
Proposed CNN-Transformer,Mild,Elevated,Low,1.5811388300841898,8,4.266233940472569,4.073481974329962
Proposed CNN-Transformer,Mild,Elevated,Low,1.5811388300841898,9,4.79421247096225,3.727229061195038
Proposed CNN-Transformer,Mild,Elevated,Low,1.5811388300841898,10,4.375205479060803,2.1102195503233445
Proposed CNN-Transformer,Mild,Elevated,Reduced,1.0816653826391966,1,4.332559270919168,2.7973163508291767
Proposed CNN-Transformer,Mild,Elevated,Reduced,1.0816653826391966,2,3.4585324088498166,2.5032445206743588
Proposed CNN-Transformer,Mild,Elevated,Reduced,1.0816653826391966,3,4.281167971933621,2.100368860986994
Proposed CNN-Transformer,Mild,Elevated,Reduced,1.0816653826391966,4,4.187444258371234,2.726809749811832
Proposed CNN-Transformer,Mild,Elevated,Reduced,1.0816653826391966,5,3.947903593056717,1.627449685233794
Proposed CNN-Transformer,Mild,Elevated,Reduced,1.0816653826391966,6,3.5781854890809104,2.4486867836658774
Proposed CNN-Transformer,Mild,Elevated,Reduced,1.0816653826391966,7,4.911000540370712,2.2242468329830745
Proposed CNN-Transformer,Mild,Elevated,Reduced,1.0816653826391966,8,4.385640201775317,1.921761337070613
Proposed CNN-Transformer,Mild,Elevated,Reduced,1.0816653826391966,9,4.561377431103057,2.199819888413229
Proposed CNN-Transformer,Mild,Elevated,Reduced,1.0816653826391966,10,4.822054787786381,3.0590825577324283
Proposed CNN-Transformer,Mild,Elevated,Normal,0.9,1,4.241656105277612,2.5546503545217862
Proposed CNN-Transformer,Mild,Elevated,Normal,0.9,2,3.8653716847822297,3.5232883088993097
Proposed CNN-Transformer,Mild,Elevated,Normal,0.9,3,4.373245731289954,1.7841784933826599
Proposed CNN-Transformer,Mild,Elevated,Normal,0.9,4,3.783548285086348,1.347849081909892
Proposed CNN-Transformer,Mild,Elevated,Normal,0.9,5,3.594452119663623,1.6547221257292184
Proposed CNN-Transformer,Mild,Elevated,Normal,0.9,6,3.9968601001292066,2.8859653143290043
Proposed CNN-Transformer,Mild,Elevated,Normal,0.9,7,4.396718326165107,2.514364365862182
Proposed CNN-Transformer,Mild,Elevated,Normal,0.9,8,3.6175139150549924,2.4385378730281686
Proposed CNN-Transformer,Mild,Elevated,Normal,0.9,9,3.412976272722305,2.4580670580198154
Proposed CNN-Transformer,Mild,Elevated,Normal,0.9,10,4.491443107288911,2.21270083753812
Proposed CNN-Transformer,Mild,Elevated,Elevated,1.3453624047073711,1,3.915320012268346,3.5334810362413087
Proposed CNN-Transformer,Mild,Elevated,Elevated,1.3453624047073711,2,4.371159164605112,2.611669908786856
Proposed CNN-Transformer,Mild,Elevated,Elevated,1.3453624047073711,3,4.8565840223505985,3.1090748657082306
Proposed CNN-Transformer,Mild,Elevated,Elevated,1.3453624047073711,4,4.664156701902864,3.545053218549048
Proposed CNN-Transformer,Mild,Elevated,Elevated,1.3453624047073711,5,4.0704603390845735,2.4224939207436047
Proposed CNN-Transformer,Mild,Elevated,Elevated,1.3453624047073711,6,4.413986785515229,3.011241288048529
Proposed CNN-Transformer,Mild,Elevated,Elevated,1.3453624047073711,7,4.895054726518243,2.522211211926397
Proposed CNN-Transformer,Mild,Elevated,Elevated,1.3453624047073711,8,3.9982870544422267,3.385323903262314
Proposed CNN-Transformer,Mild,Elevated,Elevated,1.3453624047073711,9,4.33992394177986,3.3284905608583752
Proposed CNN-Transformer,Mild,Elevated,Elevated,1.3453624047073711,10,4.424726140711575,2.601214449695722
Proposed CNN-Transformer,Mild,Elevated,High,2.2847319317591723,1,5.651181056447631,4.71696114802069
Proposed CNN-Transformer,Mild,Elevated,High,2.2847319317591723,2,6.226953230885269,5.2606664644286685
Proposed CNN-Transformer,Mild,Elevated,High,2.2847319317591723,3,6.515346355558831,4.649388095563296
Proposed CNN-Transformer,Mild,Elevated,High,2.2847319317591723,4,6.817794281154605,2.5374105568839815
Proposed CNN-Transformer,Mild,Elevated,High,2.2847319317591723,5,6.246536462051421,4.310174237418385
Proposed CNN-Transformer,Mild,Elevated,High,2.2847319317591723,6,6.059461698160481,4.403625936944607
Proposed CNN-Transformer,Mild,Elevated,High,2.2847319317591723,7,5.60301320737213,5.53968466349979
Proposed CNN-Transformer,Mild,Elevated,High,2.2847319317591723,8,5.690484861265803,4.073925770496247
Proposed CNN-Transformer,Mild,Elevated,High,2.2847319317591723,9,6.544168600688589,4.014918210412282
Proposed CNN-Transformer,Mild,Elevated,High,2.2847319317591723,10,7.339527760619454,6.350016454511192
Proposed CNN-Transformer,Mild,High,Low,2.3021728866442674,1,6.121633596242567,5.049129178782647
Proposed CNN-Transformer,Mild,High,Low,2.3021728866442674,2,6.672678863165311,5.381016308933078
Proposed CNN-Transformer,Mild,High,Low,2.3021728866442674,3,6.80691904507681,5.65841199079649
Proposed CNN-Transformer,Mild,High,Low,2.3021728866442674,4,4.786244330414933,4.7231613189561426
Proposed CNN-Transformer,Mild,High,Low,2.3021728866442674,5,6.8921357962941014,6.730173915528457
Proposed CNN-Transformer,Mild,High,Low,2.3021728866442674,6,4.661719016659755,5.357878730369343
Proposed CNN-Transformer,Mild,High,Low,2.3021728866442674,7,6.641506765031261,5.017598460835027
Proposed CNN-Transformer,Mild,High,Low,2.3021728866442674,8,6.549047329715418,5.715250992410723
Proposed CNN-Transformer,Mild,High,Low,2.3021728866442674,9,7.507571406843067,4.025715311858568
Proposed CNN-Transformer,Mild,High,Low,2.3021728866442674,10,4.974674095622755,4.390080026382994
Proposed CNN-Transformer,Mild,High,Reduced,1.9924858845171274,1,5.849200271048642,4.169133322842554
Proposed CNN-Transformer,Mild,High,Reduced,1.9924858845171274,2,6.850803731217793,5.394175294938806
Proposed CNN-Transformer,Mild,High,Reduced,1.9924858845171274,3,4.255950511643136,3.6131972453924117
Proposed CNN-Transformer,Mild,High,Reduced,1.9924858845171274,4,6.641829350802211,2.6139158682119175
Proposed CNN-Transformer,Mild,High,Reduced,1.9924858845171274,5,5.028876269367807,3.385836072740727
Proposed CNN-Transformer,Mild,High,Reduced,1.9924858845171274,6,5.069814746424749,2.765064424884562
Proposed CNN-Transformer,Mild,High,Reduced,1.9924858845171274,7,5.74305420186095,3.4812867334224014
Proposed CNN-Transformer,Mild,High,Reduced,1.9924858845171274,8,4.822695315351759,3.616311064099022
Proposed CNN-Transformer,Mild,High,Reduced,1.9924858845171274,9,5.245156783563643,3.75174842570924
Proposed CNN-Transformer,Mild,High,Reduced,1.9924858845171274,10,5.3086611078175565,4.227607822754566
Proposed CNN-Transformer,Mild,High,Normal,1.9,1,4.6666305307584945,4.536159273274779
Proposed CNN-Transformer,Mild,High,Normal,1.9,2,4.911878361857991,4.419540712714119
Proposed CNN-Transformer,Mild,High,Normal,1.9,3,5.336809903619675,3.2650609404068
Proposed CNN-Transformer,Mild,High,Normal,1.9,4,5.044729793608973,3.8979160448991803
Proposed CNN-Transformer,Mild,High,Normal,1.9,5,5.043454890170624,3.371101835618346
Proposed CNN-Transformer,Mild,High,Normal,1.9,6,5.07477743192506,3.329848967662896
Proposed CNN-Transformer,Mild,High,Normal,1.9,7,6.495628347431487,2.659178591750446
Proposed CNN-Transformer,Mild,High,Normal,1.9,8,5.482203912747546,4.522609744554968
Proposed CNN-Transformer,Mild,High,Normal,1.9,9,5.879107971215948,4.142391530630932
Proposed CNN-Transformer,Mild,High,Normal,1.9,10,4.451626877636233,4.489068074772597
Proposed CNN-Transformer,Mild,High,Elevated,2.1470910553583886,1,6.107577458759467,5.026411737835297
Proposed CNN-Transformer,Mild,High,Elevated,2.1470910553583886,2,5.434751229401374,4.009708883110239
Proposed CNN-Transformer,Mild,High,Elevated,2.1470910553583886,3,6.152189715299399,2.762975815223406
Proposed CNN-Transformer,Mild,High,Elevated,2.1470910553583886,4,5.395894136361636,4.256268072280091
Proposed CNN-Transformer,Mild,High,Elevated,2.1470910553583886,5,6.927362702109068,4.888574873576847
Proposed CNN-Transformer,Mild,High,Elevated,2.1470910553583886,6,6.582494527662314,4.716798351883373
Proposed CNN-Transformer,Mild,High,Elevated,2.1470910553583886,7,5.791259421260163,4.784311358658459
Proposed CNN-Transformer,Mild,High,Elevated,2.1470910553583886,8,5.8059886583648845,4.294451471404314
Proposed CNN-Transformer,Mild,High,Elevated,2.1470910553583886,9,4.486474361363522,3.6731561638386547
Proposed CNN-Transformer,Mild,High,Elevated,2.1470910553583886,10,5.4444953646138625,5.91160539459444
Proposed CNN-Transformer,Mild,High,High,2.831960451701259,1,6.779174014021666,7.103769276865776
Proposed CNN-Transformer,Mild,High,High,2.831960451701259,2,6.682712630577481,6.585128969273814
Proposed CNN-Transformer,Mild,High,High,2.831960451701259,3,7.26229518263102,4.7179772587417546
Proposed CNN-Transformer,Mild,High,High,2.831960451701259,4,7.054821576885228,4.48094935312519
Proposed CNN-Transformer,Mild,High,High,2.831960451701259,5,7.362061134871096,6.661134343860004
Proposed CNN-Transformer,Mild,High,High,2.831960451701259,6,7.188955162158669,5.166530980421929
Proposed CNN-Transformer,Mild,High,High,2.831960451701259,7,6.839257345759012,4.726626861861565
Proposed CNN-Transformer,Mild,High,High,2.831960451701259,8,6.489579131544236,4.870681563245033
Proposed CNN-Transformer,Mild,High,High,2.831960451701259,9,6.698540127681564,5.068331291414967
Proposed CNN-Transformer,Mild,High,High,2.831960451701259,10,7.231594403112243,5.182765653434623
Proposed CNN-Transformer,Moderate,Low,Low,2.1400934559032696,1,5.855133473077317,4.955177983414988
Proposed CNN-Transformer,Moderate,Low,Low,2.1400934559032696,2,5.661967848438149,4.852778620465572
Proposed CNN-Transformer,Moderate,Low,Low,2.1400934559032696,3,6.661838481992892,5.420051415798929
Proposed CNN-Transformer,Moderate,Low,Low,2.1400934559032696,4,7.247346128638242,4.153999706935035
Proposed CNN-Transformer,Moderate,Low,Low,2.1400934559032696,5,5.3613484718591815,4.462889950159926
Proposed CNN-Transformer,Moderate,Low,Low,2.1400934559032696,6,5.765754529019046,5.411120564192451
Proposed CNN-Transformer,Moderate,Low,Low,2.1400934559032696,7,4.485798017158862,4.617296766948442
Proposed CNN-Transformer,Moderate,Low,Low,2.1400934559032696,8,5.5160267518620225,4.830680325817696
Proposed CNN-Transformer,Moderate,Low,Low,2.1400934559032696,9,6.2852491759082545,6.418947346809544
Proposed CNN-Transformer,Moderate,Low,Low,2.1400934559032696,10,4.8515882727250705,6.534617081272925
Proposed CNN-Transformer,Moderate,Low,Reduced,1.8027756377319946,1,6.346259716870778,3.7065439328700274
Proposed CNN-Transformer,Moderate,Low,Reduced,1.8027756377319946,2,4.886545469349475,4.538179894234583
Proposed CNN-Transformer,Moderate,Low,Reduced,1.8027756377319946,3,5.77004709220357,5.929263111430995
Proposed CNN-Transformer,Moderate,Low,Reduced,1.8027756377319946,4,5.852057983351399,5.089422098383665
Proposed CNN-Transformer,Moderate,Low,Reduced,1.8027756377319946,5,6.443763979880808,5.382972023993558
Proposed CNN-Transformer,Moderate,Low,Reduced,1.8027756377319946,6,4.824981720668293,3.9411639033920447
Proposed CNN-Transformer,Moderate,Low,Reduced,1.8027756377319946,7,6.446459723681716,4.533961979662225
Proposed CNN-Transformer,Moderate,Low,Reduced,1.8027756377319946,8,6.487961801811459,4.919695069794504
Proposed CNN-Transformer,Moderate,Low,Reduced,1.8027756377319946,9,5.783606961062994,5.03873925079607
Proposed CNN-Transformer,Moderate,Low,Reduced,1.8027756377319946,10,5.446107505878855,3.7290355356527636
Proposed CNN-Transformer,Moderate,Low,Normal,1.7,1,5.2956402192963745,4.491983688790946
Proposed CNN-Transformer,Moderate,Low,Normal,1.7,2,6.204514379980086,3.825266081330509
Proposed CNN-Transformer,Moderate,Low,Normal,1.7,3,6.169537393668416,4.178996446067335
Proposed CNN-Transformer,Moderate,Low,Normal,1.7,4,5.882402277804422,3.5071006974810235
Proposed CNN-Transformer,Moderate,Low,Normal,1.7,5,5.153232489765446,4.0104206171729375
Proposed CNN-Transformer,Moderate,Low,Normal,1.7,6,5.827736760997795,3.1065898395919795
Proposed CNN-Transformer,Moderate,Low,Normal,1.7,7,5.18983432539084,4.937893273677901
Proposed CNN-Transformer,Moderate,Low,Normal,1.7,8,5.504549421697938,4.999081630625265
Proposed CNN-Transformer,Moderate,Low,Normal,1.7,9,5.796592742194248,4.017769266979698
Proposed CNN-Transformer,Moderate,Low,Normal,1.7,10,5.728519252279787,4.716549338771742
Proposed CNN-Transformer,Moderate,Low,Elevated,1.972308292331602,1,6.2845017465668525,5.642884633906622
Proposed CNN-Transformer,Moderate,Low,Elevated,1.972308292331602,2,5.771590009552834,3.901385639133156
Proposed CNN-Transformer,Moderate,Low,Elevated,1.972308292331602,3,6.448476606126768,3.9253343040647524
Proposed CNN-Transformer,Moderate,Low,Elevated,1.972308292331602,4,4.918147314418544,5.810598005332461
Proposed CNN-Transformer,Moderate,Low,Elevated,1.972308292331602,5,6.1115242735424875,5.298694058913404
Proposed CNN-Transformer,Moderate,Low,Elevated,1.972308292331602,6,6.405984539377027,5.061180726154893
Proposed CNN-Transformer,Moderate,Low,Elevated,1.972308292331602,7,5.696516918198782,5.491172733359935
Proposed CNN-Transformer,Moderate,Low,Elevated,1.972308292331602,8,6.385648014852412,4.486126296636753
Proposed CNN-Transformer,Moderate,Low,Elevated,1.972308292331602,9,5.636977653018705,5.09419576962548
Proposed CNN-Transformer,Moderate,Low,Elevated,1.972308292331602,10,6.283927001724697,5.340573565492061
Proposed CNN-Transformer,Moderate,Low,High,2.701851217221259,1,6.343097855836679,5.5159109780746345
Proposed CNN-Transformer,Moderate,Low,High,2.701851217221259,2,6.732011118661073,5.724171499916045
Proposed CNN-Transformer,Moderate,Low,High,2.701851217221259,3,6.553125414277718,6.427065514991981
Proposed CNN-Transformer,Moderate,Low,High,2.701851217221259,4,6.919791172799331,6.5243483717549084
Proposed CNN-Transformer,Moderate,Low,High,2.701851217221259,5,5.919218467385542,5.209643879069009
Proposed CNN-Transformer,Moderate,Low,High,2.701851217221259,6,6.810311699297128,5.046695761543665
Proposed CNN-Transformer,Moderate,Low,High,2.701851217221259,7,6.5498192814410645,6.838853692025492
Proposed CNN-Transformer,Moderate,Low,High,2.701851217221259,8,7.217736971894113,6.005948539089986
Proposed CNN-Transformer,Moderate,Low,High,2.701851217221259,9,5.614484859976224,6.660427200539604
Proposed CNN-Transformer,Moderate,Low,High,2.701851217221259,10,6.757313576578647,5.25372934867859
Proposed CNN-Transformer,Moderate,Reduced,Low,1.5264337522473748,1,5.926652810239502,3.8407464038814942
Proposed CNN-Transformer,Moderate,Reduced,Low,1.5264337522473748,2,5.275130691884318,3.7806594997915326
Proposed CNN-Transformer,Moderate,Reduced,Low,1.5264337522473748,3,5.6794789320063135,3.2651550910715557
Proposed CNN-Transformer,Moderate,Reduced,Low,1.5264337522473748,4,4.617588072269605,3.597003633181508
Proposed CNN-Transformer,Moderate,Reduced,Low,1.5264337522473748,5,5.481018516396437,4.343963427603672
Proposed CNN-Transformer,Moderate,Reduced,Low,1.5264337522473748,6,5.805338842384784,3.780255485835001
Proposed CNN-Transformer,Moderate,Reduced,Low,1.5264337522473748,7,5.804973647912441,4.461065880102157
Proposed CNN-Transformer,Moderate,Reduced,Low,1.5264337522473748,8,5.273860297732655,3.532993747425447
Proposed CNN-Transformer,Moderate,Reduced,Low,1.5264337522473748,9,4.956076027442167,3.45929658505754
Proposed CNN-Transformer,Moderate,Reduced,Low,1.5264337522473748,10,4.823046558807309,3.4214858265062134
Proposed CNN-Transformer,Moderate,Reduced,Reduced,1.0,1,5.315231838770107,3.5811143512952555
Proposed CNN-Transformer,Moderate,Reduced,Reduced,1.0,2,4.357223285518226,2.821217215899569
Proposed CNN-Transformer,Moderate,Reduced,Reduced,1.0,3,3.9089723469853306,3.290397555178526
Proposed CNN-Transformer,Moderate,Reduced,Reduced,1.0,4,4.792133719803106,2.743588212710497
Proposed CNN-Transformer,Moderate,Reduced,Reduced,1.0,5,4.150088411285046,4.063002365155792
Proposed CNN-Transformer,Moderate,Reduced,Reduced,1.0,6,4.641805546157602,2.7442941072261333
Proposed CNN-Transformer,Moderate,Reduced,Reduced,1.0,7,4.364668108119211,3.384768544192503
Proposed CNN-Transformer,Moderate,Reduced,Reduced,1.0,8,4.3411950528185805,1.770512447268741
Proposed CNN-Transformer,Moderate,Reduced,Reduced,1.0,9,4.093527428557091,3.769557146404859
Proposed CNN-Transformer,Moderate,Reduced,Reduced,1.0,10,4.538031176992991,2.743741111297739
Proposed CNN-Transformer,Moderate,Reduced,Normal,0.8,1,3.1673350500080044,2.930163295593956
Proposed CNN-Transformer,Moderate,Reduced,Normal,0.8,2,4.30639514545358,4.417557171659851
Proposed CNN-Transformer,Moderate,Reduced,Normal,0.8,3,5.104867371949384,2.580798352691211
Proposed CNN-Transformer,Moderate,Reduced,Normal,0.8,4,3.066824561151057,2.624259162541664
Proposed CNN-Transformer,Moderate,Reduced,Normal,0.8,5,3.5928485309836256,2.8032808878425137
Proposed CNN-Transformer,Moderate,Reduced,Normal,0.8,6,3.8505849819468403,3.1265453479875016
Proposed CNN-Transformer,Moderate,Reduced,Normal,0.8,7,3.3717203137753473,2.225710331715256
Proposed CNN-Transformer,Moderate,Reduced,Normal,0.8,8,4.00165431749498,2.419238272110607
Proposed CNN-Transformer,Moderate,Reduced,Normal,0.8,9,4.839821788481817,3.822936922531995
Proposed CNN-Transformer,Moderate,Reduced,Normal,0.8,10,3.481045867024598,2.6295554372431695
Proposed CNN-Transformer,Moderate,Reduced,Elevated,1.2806248474865698,1,5.439055816525719,3.5646948166192285
Proposed CNN-Transformer,Moderate,Reduced,Elevated,1.2806248474865698,2,5.017251360454381,3.770316110037379
Proposed CNN-Transformer,Moderate,Reduced,Elevated,1.2806248474865698,3,4.086110474455287,4.180897303985752
Proposed CNN-Transformer,Moderate,Reduced,Elevated,1.2806248474865698,4,4.503358051494571,3.9294436558538384
Proposed CNN-Transformer,Moderate,Reduced,Elevated,1.2806248474865698,5,5.0198235059673,3.7270915266072806
Proposed CNN-Transformer,Moderate,Reduced,Elevated,1.2806248474865698,6,5.059945563382209,3.148187928654506
Proposed CNN-Transformer,Moderate,Reduced,Elevated,1.2806248474865698,7,4.941156480908384,3.188901238462015
Proposed CNN-Transformer,Moderate,Reduced,Elevated,1.2806248474865698,8,4.827389861946936,2.47019917092975
Proposed CNN-Transformer,Moderate,Reduced,Elevated,1.2806248474865698,9,4.899017029215734,3.798892936291893
Proposed CNN-Transformer,Moderate,Reduced,Elevated,1.2806248474865698,10,5.18334068096804,3.8121793518142035
Proposed CNN-Transformer,Moderate,Reduced,High,2.247220505424423,1,5.178135625270383,5.348022792716094
Proposed CNN-Transformer,Moderate,Reduced,High,2.247220505424423,2,5.593139024706161,4.465718256554029
Proposed CNN-Transformer,Moderate,Reduced,High,2.247220505424423,3,6.537226576553304,3.4315909228319734
Proposed CNN-Transformer,Moderate,Reduced,High,2.247220505424423,4,6.1953407908461875,6.46328642742454
Proposed CNN-Transformer,Moderate,Reduced,High,2.247220505424423,5,6.084706826682572,4.309710965033813
Proposed CNN-Transformer,Moderate,Reduced,High,2.247220505424423,6,4.914710616596277,3.79803826880109
Proposed CNN-Transformer,Moderate,Reduced,High,2.247220505424423,7,6.618209164341851,5.3631384615179165
Proposed CNN-Transformer,Moderate,Reduced,High,2.247220505424423,8,6.1179210435368585,5.0071684386580415
Proposed CNN-Transformer,Moderate,Reduced,High,2.247220505424423,9,7.252800062593461,4.53174264180572
Proposed CNN-Transformer,Moderate,Reduced,High,2.247220505424423,10,5.785068115801593,6.679388029858823
Proposed CNN-Transformer,Moderate,Normal,Low,1.3,1,5.2472655624219895,2.8238659058411173
Proposed CNN-Transformer,Moderate,Normal,Low,1.3,2,4.6192537471318476,3.475252199614249
Proposed CNN-Transformer,Moderate,Normal,Low,1.3,3,3.940545244959271,4.290016046454125
Proposed CNN-Transformer,Moderate,Normal,Low,1.3,4,4.394878680256225,3.5941187498799403
Proposed CNN-Transformer,Moderate,Normal,Low,1.3,5,4.781158955638252,3.2723952654537847
Proposed CNN-Transformer,Moderate,Normal,Low,1.3,6,4.973005856223038,3.9440460275994784
Proposed CNN-Transformer,Moderate,Normal,Low,1.3,7,4.577404330529452,3.0539350352748764
Proposed CNN-Transformer,Moderate,Normal,Low,1.3,8,4.319112969314249,3.116173339949973
Proposed CNN-Transformer,Moderate,Normal,Low,1.3,9,5.280070909258967,3.102809953596123
Proposed CNN-Transformer,Moderate,Normal,Low,1.3,10,4.977280591516125,3.609181466115013
Proposed CNN-Transformer,Moderate,Normal,Reduced,0.6,1,3.517871917274831,1.782229299969483
Proposed CNN-Transformer,Moderate,Normal,Reduced,0.6,2,4.067561129954842,2.0194859155579796
Proposed CNN-Transformer,Moderate,Normal,Reduced,0.6,3,3.0538511570054134,2.64190759185803
Proposed CNN-Transformer,Moderate,Normal,Reduced,0.6,4,4.314013725727938,3.212348677772396
Proposed CNN-Transformer,Moderate,Normal,Reduced,0.6,5,3.600623148993033,2.7159905053663596
Proposed CNN-Transformer,Moderate,Normal,Reduced,0.6,6,4.03242509714098,2.8404618872304783
Proposed CNN-Transformer,Moderate,Normal,Reduced,0.6,7,4.255292663104045,2.168434905870698
Proposed CNN-Transformer,Moderate,Normal,Reduced,0.6,8,4.513210096780982,2.2941826968771695
Proposed CNN-Transformer,Moderate,Normal,Reduced,0.6,9,4.864197221034107,2.3122225898129702
Proposed CNN-Transformer,Moderate,Normal,Reduced,0.6,10,3.770070099353428,2.4861643451111863
Proposed CNN-Transformer,Moderate,Normal,Normal,0.0,1,3.0047910224306484,2.2343359967727343
Proposed CNN-Transformer,Moderate,Normal,Normal,0.0,2,3.1914291290645296,1.569914258052108
Proposed CNN-Transformer,Moderate,Normal,Normal,0.0,3,2.9535269905111834,1.6857271470569108
Proposed CNN-Transformer,Moderate,Normal,Normal,0.0,4,3.7365975848407014,2.3477427596372356
Proposed CNN-Transformer,Moderate,Normal,Normal,0.0,5,3.9540880572846646,2.208710431393954
Proposed CNN-Transformer,Moderate,Normal,Normal,0.0,6,3.086075342370684,2.4914765480661427
Proposed CNN-Transformer,Moderate,Normal,Normal,0.0,7,4.432373708834175,2.3078272336535917
Proposed CNN-Transformer,Moderate,Normal,Normal,0.0,8,2.9352896140099345,1.6824308685373934
Proposed CNN-Transformer,Moderate,Normal,Normal,0.0,9,3.2076800322220693,2.6771657394107873
Proposed CNN-Transformer,Moderate,Normal,Normal,0.0,10,2.9521463232981824,1.8029505160227508
Proposed CNN-Transformer,Moderate,Normal,Elevated,1.0,1,5.0973077134475036,2.9517152759060687
Proposed CNN-Transformer,Moderate,Normal,Elevated,1.0,2,3.5013080740258338,3.6151782832254806
Proposed CNN-Transformer,Moderate,Normal,Elevated,1.0,3,3.660313789146768,2.7075169206107192
Proposed CNN-Transformer,Moderate,Normal,Elevated,1.0,4,3.7724306409106214,2.863975369579506
Proposed CNN-Transformer,Moderate,Normal,Elevated,1.0,5,3.83888627526007,2.7073214241086667
Proposed CNN-Transformer,Moderate,Normal,Elevated,1.0,6,3.298171008704896,2.3725027511318277
Proposed CNN-Transformer,Moderate,Normal,Elevated,1.0,7,3.981044249088684,3.767308068756906
Proposed CNN-Transformer,Moderate,Normal,Elevated,1.0,8,4.172294806297239,2.900616328113837
Proposed CNN-Transformer,Moderate,Normal,Elevated,1.0,9,4.621213927509403,2.4739445299216705
Proposed CNN-Transformer,Moderate,Normal,Elevated,1.0,10,4.2076728527647544,3.278324936161596
Proposed CNN-Transformer,Moderate,Normal,High,2.1,1,6.503676677955479,5.919610557046783
Proposed CNN-Transformer,Moderate,Normal,High,2.1,2,6.1435803674822385,6.319756128313443
Proposed CNN-Transformer,Moderate,Normal,High,2.1,3,5.740702146584898,5.311273566681779
Proposed CNN-Transformer,Moderate,Normal,High,2.1,4,5.752293676628225,4.939724766134849
Proposed CNN-Transformer,Moderate,Normal,High,2.1,5,6.3936640604887,4.977649834722328
Proposed CNN-Transformer,Moderate,Normal,High,2.1,6,5.726861739566071,5.550324154585288
Proposed CNN-Transformer,Moderate,Normal,High,2.1,7,5.371017661035576,5.079488797890508
Proposed CNN-Transformer,Moderate,Normal,High,2.1,8,5.781972218669462,4.980188663779324
Proposed CNN-Transformer,Moderate,Normal,High,2.1,9,5.010444707150406,5.998418090805952
Proposed CNN-Transformer,Moderate,Normal,High,2.1,10,6.232192298000082,4.150712054319253
Proposed CNN-Transformer,Moderate,Elevated,Low,1.5811388300841898,1,4.96436792352717,2.9999251393365842
Proposed CNN-Transformer,Moderate,Elevated,Low,1.5811388300841898,2,4.755151845213495,5.476389098824006
Proposed CNN-Transformer,Moderate,Elevated,Low,1.5811388300841898,3,5.191689977682705,5.397250293634061
Proposed CNN-Transformer,Moderate,Elevated,Low,1.5811388300841898,4,5.563589681812482,4.446741838685481
Proposed CNN-Transformer,Moderate,Elevated,Low,1.5811388300841898,5,5.436175565578127,2.788461842772651
Proposed CNN-Transformer,Moderate,Elevated,Low,1.5811388300841898,6,5.537123593050518,4.020231404253609
Proposed CNN-Transformer,Moderate,Elevated,Low,1.5811388300841898,7,4.786068622630614,4.477217022376924
Proposed CNN-Transformer,Moderate,Elevated,Low,1.5811388300841898,8,4.228834150785104,4.511547805099785
Proposed CNN-Transformer,Moderate,Elevated,Low,1.5811388300841898,9,4.652817105829636,4.988994392507244
Proposed CNN-Transformer,Moderate,Elevated,Low,1.5811388300841898,10,4.999077881893755,3.6340380460435084
Proposed CNN-Transformer,Moderate,Elevated,Reduced,1.0816653826391966,1,4.973322785432303,3.3310325399990783
Proposed CNN-Transformer,Moderate,Elevated,Reduced,1.0816653826391966,2,4.1115420020306885,2.0869889204119696
Proposed CNN-Transformer,Moderate,Elevated,Reduced,1.0816653826391966,3,4.537135016766187,3.0034230520240337
Proposed CNN-Transformer,Moderate,Elevated,Reduced,1.0816653826391966,4,4.768504415260978,2.9295357308055583
Proposed CNN-Transformer,Moderate,Elevated,Reduced,1.0816653826391966,5,4.247532931391962,2.9171267712684075
Proposed CNN-Transformer,Moderate,Elevated,Reduced,1.0816653826391966,6,3.9513280567315157,3.0663364847441996
Proposed CNN-Transformer,Moderate,Elevated,Reduced,1.0816653826391966,7,4.510551444770724,3.406099998472541
Proposed CNN-Transformer,Moderate,Elevated,Reduced,1.0816653826391966,8,3.984881452583729,3.023638489295849
Proposed CNN-Transformer,Moderate,Elevated,Reduced,1.0816653826391966,9,4.404803653685103,2.9763447063453743
Proposed CNN-Transformer,Moderate,Elevated,Reduced,1.0816653826391966,10,5.635565929201976,3.873476446254664
Proposed CNN-Transformer,Moderate,Elevated,Normal,0.9,1,4.645149727097018,3.2296977800699835
Proposed CNN-Transformer,Moderate,Elevated,Normal,0.9,2,5.307139298444353,3.7319956782396564
Proposed CNN-Transformer,Moderate,Elevated,Normal,0.9,3,3.429303017236739,3.1653064539524767
Proposed CNN-Transformer,Moderate,Elevated,Normal,0.9,4,4.190028747023755,3.4957596653472685
Proposed CNN-Transformer,Moderate,Elevated,Normal,0.9,5,4.41605401075189,3.455684737293868
Proposed CNN-Transformer,Moderate,Elevated,Normal,0.9,6,4.552138558348055,3.910731536418035
Proposed CNN-Transformer,Moderate,Elevated,Normal,0.9,7,4.818762109575067,3.553283340270717
Proposed CNN-Transformer,Moderate,Elevated,Normal,0.9,8,4.9505851329343855,2.519926290637148
Proposed CNN-Transformer,Moderate,Elevated,Normal,0.9,9,4.897085755127909,2.437466226908886
Proposed CNN-Transformer,Moderate,Elevated,Normal,0.9,10,3.9021129072846787,2.5591947457615984
Proposed CNN-Transformer,Moderate,Elevated,Elevated,1.3453624047073711,1,5.291922599181208,2.949738380674675
Proposed CNN-Transformer,Moderate,Elevated,Elevated,1.3453624047073711,2,4.915400974732841,3.5645975199439923
Proposed CNN-Transformer,Moderate,Elevated,Elevated,1.3453624047073711,3,4.787763272367468,3.396056575732755
Proposed CNN-Transformer,Moderate,Elevated,Elevated,1.3453624047073711,4,6.734263137174814,2.597973635464238
Proposed CNN-Transformer,Moderate,Elevated,Elevated,1.3453624047073711,5,5.603279885288414,4.027293669158617
Proposed CNN-Transformer,Moderate,Elevated,Elevated,1.3453624047073711,6,4.174989405870867,3.5570885823790754
Proposed CNN-Transformer,Moderate,Elevated,Elevated,1.3453624047073711,7,4.5630492837420435,4.109348269305768
Proposed CNN-Transformer,Moderate,Elevated,Elevated,1.3453624047073711,8,6.210176918714866,2.3771837690823947
Proposed CNN-Transformer,Moderate,Elevated,Elevated,1.3453624047073711,9,6.199852696060463,4.54741625480044
Proposed CNN-Transformer,Moderate,Elevated,Elevated,1.3453624047073711,10,4.404266470928534,3.5142797016624985
Proposed CNN-Transformer,Moderate,Elevated,High,2.2847319317591723,1,6.774616233905529,5.489020830428986
Proposed CNN-Transformer,Moderate,Elevated,High,2.2847319317591723,2,5.792982706342096,5.997450752109174
Proposed CNN-Transformer,Moderate,Elevated,High,2.2847319317591723,3,6.865474873608112,5.0156532029157965
Proposed CNN-Transformer,Moderate,Elevated,High,2.2847319317591723,4,6.387123828348873,5.539571638836004
Proposed CNN-Transformer,Moderate,Elevated,High,2.2847319317591723,5,6.486294720140077,5.511991730326693
Proposed CNN-Transformer,Moderate,Elevated,High,2.2847319317591723,6,6.520148163221997,4.588724902615168
Proposed CNN-Transformer,Moderate,Elevated,High,2.2847319317591723,7,6.671681880557442,5.393819192014473
Proposed CNN-Transformer,Moderate,Elevated,High,2.2847319317591723,8,6.2205892135844545,5.506042013132249
Proposed CNN-Transformer,Moderate,Elevated,High,2.2847319317591723,9,4.531522194918356,5.36709844528858
Proposed CNN-Transformer,Moderate,Elevated,High,2.2847319317591723,10,6.459399678227508,5.733753037399869
Proposed CNN-Transformer,Moderate,High,Low,2.3021728866442674,1,6.924865896040285,4.33341131954297
Proposed CNN-Transformer,Moderate,High,Low,2.3021728866442674,2,5.761225309410371,4.99292016882114
Proposed CNN-Transformer,Moderate,High,Low,2.3021728866442674,3,6.616678592073598,5.4272613264925145
Proposed CNN-Transformer,Moderate,High,Low,2.3021728866442674,4,5.415021573996806,5.0553881130875755
Proposed CNN-Transformer,Moderate,High,Low,2.3021728866442674,5,7.335604961798409,4.326934369852581
Proposed CNN-Transformer,Moderate,High,Low,2.3021728866442674,6,7.239409637290934,5.390369532332806
Proposed CNN-Transformer,Moderate,High,Low,2.3021728866442674,7,7.1288702959433,6.366443150448271
Proposed CNN-Transformer,Moderate,High,Low,2.3021728866442674,8,6.953371433466908,5.716603229160884
Proposed CNN-Transformer,Moderate,High,Low,2.3021728866442674,9,7.858141284166683,5.078877968873437
Proposed CNN-Transformer,Moderate,High,Low,2.3021728866442674,10,7.257430840410309,5.150919772246494
Proposed CNN-Transformer,Moderate,High,Reduced,1.9924858845171274,1,5.824710458488226,6.140924563603723
Proposed CNN-Transformer,Moderate,High,Reduced,1.9924858845171274,2,5.987015342320376,3.923529918745712
Proposed CNN-Transformer,Moderate,High,Reduced,1.9924858845171274,3,7.283350293380663,5.886641046594771
Proposed CNN-Transformer,Moderate,High,Reduced,1.9924858845171274,4,6.537843262219255,3.940997463341263
Proposed CNN-Transformer,Moderate,High,Reduced,1.9924858845171274,5,7.286639509359976,3.8417492833193188
Proposed CNN-Transformer,Moderate,High,Reduced,1.9924858845171274,6,3.7999935921905568,5.804273734963912
Proposed CNN-Transformer,Moderate,High,Reduced,1.9924858845171274,7,5.39967972013002,3.909430730494168
Proposed CNN-Transformer,Moderate,High,Reduced,1.9924858845171274,8,6.342836657786387,5.322227391326005
Proposed CNN-Transformer,Moderate,High,Reduced,1.9924858845171274,9,6.799268735262387,4.558666809135461
Proposed CNN-Transformer,Moderate,High,Reduced,1.9924858845171274,10,7.618819775962798,5.642306631362091
Proposed CNN-Transformer,Moderate,High,Normal,1.9,1,5.451857452340911,4.860552091547694
Proposed CNN-Transformer,Moderate,High,Normal,1.9,2,5.898177733253668,5.962067124006837
Proposed CNN-Transformer,Moderate,High,Normal,1.9,3,6.2219672086902795,5.203795430977497
Proposed CNN-Transformer,Moderate,High,Normal,1.9,4,6.43326562191091,5.584674675844721
Proposed CNN-Transformer,Moderate,High,Normal,1.9,5,5.525109290328595,4.891140990615662
Proposed CNN-Transformer,Moderate,High,Normal,1.9,6,6.598379656133331,4.131722836948215
Proposed CNN-Transformer,Moderate,High,Normal,1.9,7,5.698268765040706,4.977003542374808
Proposed CNN-Transformer,Moderate,High,Normal,1.9,8,6.468027090059228,4.349926351967642
Proposed CNN-Transformer,Moderate,High,Normal,1.9,9,5.1287032822674465,5.249177338852059
Proposed CNN-Transformer,Moderate,High,Normal,1.9,10,5.220748955638488,3.876352741747246
Proposed CNN-Transformer,Moderate,High,Elevated,2.1470910553583886,1,5.464513661516924,3.1313436979071194
Proposed CNN-Transformer,Moderate,High,Elevated,2.1470910553583886,2,7.337248216584255,5.28533287943174
Proposed CNN-Transformer,Moderate,High,Elevated,2.1470910553583886,3,6.945042635204484,4.452634628596172
Proposed CNN-Transformer,Moderate,High,Elevated,2.1470910553583886,4,5.9598636918416545,5.166385436514018
Proposed CNN-Transformer,Moderate,High,Elevated,2.1470910553583886,5,6.8209223878971175,3.7609983962800713
Proposed CNN-Transformer,Moderate,High,Elevated,2.1470910553583886,6,5.963496430860792,5.5438597995770085
Proposed CNN-Transformer,Moderate,High,Elevated,2.1470910553583886,7,6.548748854514411,4.720653844996444
Proposed CNN-Transformer,Moderate,High,Elevated,2.1470910553583886,8,6.082251594458718,4.799602902717051
Proposed CNN-Transformer,Moderate,High,Elevated,2.1470910553583886,9,5.805048921788692,5.298838799789007
Proposed CNN-Transformer,Moderate,High,Elevated,2.1470910553583886,10,6.656888433162473,4.567690477191423
Proposed CNN-Transformer,Moderate,High,High,2.831960451701259,1,8.598944305953191,5.598181027446681
Proposed CNN-Transformer,Moderate,High,High,2.831960451701259,2,8.012753610337755,5.0938595485042635
Proposed CNN-Transformer,Moderate,High,High,2.831960451701259,3,6.128484292192534,7.438291844684625
Proposed CNN-Transformer,Moderate,High,High,2.831960451701259,4,6.22970246807011,6.985108064425254
Proposed CNN-Transformer,Moderate,High,High,2.831960451701259,5,6.481357507659455,6.144757768131561
Proposed CNN-Transformer,Moderate,High,High,2.831960451701259,6,7.005307002860172,6.043217285865855
Proposed CNN-Transformer,Moderate,High,High,2.831960451701259,7,7.385822827478091,5.265627553107986
Proposed CNN-Transformer,Moderate,High,High,2.831960451701259,8,7.433153550968521,4.931273464073708
Proposed CNN-Transformer,Moderate,High,High,2.831960451701259,9,8.497292155046903,6.591572517016081
Proposed CNN-Transformer,Moderate,High,High,2.831960451701259,10,7.46986805945799,6.248984941431199
Proposed CNN-Transformer,Severe,Low,Low,2.1400934559032696,1,5.9925514524507015,6.790403619535465
Proposed CNN-Transformer,Severe,Low,Low,2.1400934559032696,2,7.038815564929223,6.029986890610656
Proposed CNN-Transformer,Severe,Low,Low,2.1400934559032696,3,5.738916058908172,7.164549807003033
Proposed CNN-Transformer,Severe,Low,Low,2.1400934559032696,4,6.301000507752237,5.515666941050125
Proposed CNN-Transformer,Severe,Low,Low,2.1400934559032696,5,7.339235819158561,5.163261982800024
Proposed CNN-Transformer,Severe,Low,Low,2.1400934559032696,6,7.180726072594568,6.921280364454179
Proposed CNN-Transformer,Severe,Low,Low,2.1400934559032696,7,6.356702378703297,5.612811126475578
Proposed CNN-Transformer,Severe,Low,Low,2.1400934559032696,8,8.67332576142008,6.059542944259943
Proposed CNN-Transformer,Severe,Low,Low,2.1400934559032696,9,7.026898218067825,6.721035665428424
Proposed CNN-Transformer,Severe,Low,Low,2.1400934559032696,10,7.442778852730073,5.025437428808002
Proposed CNN-Transformer,Severe,Low,Reduced,1.8027756377319946,1,7.047257910627957,5.095686681532116
Proposed CNN-Transformer,Severe,Low,Reduced,1.8027756377319946,2,6.61796347232421,4.897266376170438
Proposed CNN-Transformer,Severe,Low,Reduced,1.8027756377319946,3,6.90603506186969,5.995491484723531
Proposed CNN-Transformer,Severe,Low,Reduced,1.8027756377319946,4,5.744360135973615,4.83966767120542
Proposed CNN-Transformer,Severe,Low,Reduced,1.8027756377319946,5,5.7160577462686115,5.252035085577498
Proposed CNN-Transformer,Severe,Low,Reduced,1.8027756377319946,6,4.772435879472328,5.47510939181527
Proposed CNN-Transformer,Severe,Low,Reduced,1.8027756377319946,7,6.499271392990925,6.162712178163791
Proposed CNN-Transformer,Severe,Low,Reduced,1.8027756377319946,8,6.0662433862422604,6.211160063906978
Proposed CNN-Transformer,Severe,Low,Reduced,1.8027756377319946,9,6.360534654830045,4.749901201999153
Proposed CNN-Transformer,Severe,Low,Reduced,1.8027756377319946,10,7.266362627700224,5.4644832402332115
Proposed CNN-Transformer,Severe,Low,Normal,1.7,1,5.73967067222914,4.925581215336096
Proposed CNN-Transformer,Severe,Low,Normal,1.7,2,5.545181974537184,3.893682286968547
Proposed CNN-Transformer,Severe,Low,Normal,1.7,3,6.288726920521614,5.647289657442635
Proposed CNN-Transformer,Severe,Low,Normal,1.7,4,5.713658772036197,5.089279922019674
Proposed CNN-Transformer,Severe,Low,Normal,1.7,5,6.472025913418761,5.838730589760218
Proposed CNN-Transformer,Severe,Low,Normal,1.7,6,6.242163456232739,3.736191139563403
Proposed CNN-Transformer,Severe,Low,Normal,1.7,7,6.614167881282224,4.105599130432608
Proposed CNN-Transformer,Severe,Low,Normal,1.7,8,5.700790581665904,4.766801739455154
Proposed CNN-Transformer,Severe,Low,Normal,1.7,9,5.031793249907418,4.766730845434617
Proposed CNN-Transformer,Severe,Low,Normal,1.7,10,6.111859846129045,6.620583234883155
Proposed CNN-Transformer,Severe,Low,Elevated,1.972308292331602,1,6.166079116333356,4.989367788212706
Proposed CNN-Transformer,Severe,Low,Elevated,1.972308292331602,2,6.491773914247368,6.420274040489739
Proposed CNN-Transformer,Severe,Low,Elevated,1.972308292331602,3,6.180271948089825,5.680133279982545
Proposed CNN-Transformer,Severe,Low,Elevated,1.972308292331602,4,6.06582493849277,6.110624105883719
Proposed CNN-Transformer,Severe,Low,Elevated,1.972308292331602,5,7.019148710314484,5.386479793939473
Proposed CNN-Transformer,Severe,Low,Elevated,1.972308292331602,6,7.034063883952514,5.699265615190571
Proposed CNN-Transformer,Severe,Low,Elevated,1.972308292331602,7,6.129949164304252,6.571223584248218
Proposed CNN-Transformer,Severe,Low,Elevated,1.972308292331602,8,6.631375765750699,3.8471642775915873
Proposed CNN-Transformer,Severe,Low,Elevated,1.972308292331602,9,4.907394464192485,5.406007479884273
Proposed CNN-Transformer,Severe,Low,Elevated,1.972308292331602,10,6.806183537725422,5.720229535960568
Proposed CNN-Transformer,Severe,Low,High,2.701851217221259,1,7.490045451720812,4.413678852117117
Proposed CNN-Transformer,Severe,Low,High,2.701851217221259,2,6.096803664326,7.719487590497971
Proposed CNN-Transformer,Severe,Low,High,2.701851217221259,3,5.521890348673126,6.580430014921731
Proposed CNN-Transformer,Severe,Low,High,2.701851217221259,4,6.733767496415232,6.414499053827474
Proposed CNN-Transformer,Severe,Low,High,2.701851217221259,5,8.215869895593483,5.839826335551643
Proposed CNN-Transformer,Severe,Low,High,2.701851217221259,6,6.795257603987192,8.22041247476763
Proposed CNN-Transformer,Severe,Low,High,2.701851217221259,7,10.59748466532887,8.73451797595483
Proposed CNN-Transformer,Severe,Low,High,2.701851217221259,8,8.664762177939954,6.561645560502428
Proposed CNN-Transformer,Severe,Low,High,2.701851217221259,9,7.018522963854846,5.640665968639479
Proposed CNN-Transformer,Severe,Low,High,2.701851217221259,10,8.812774733309366,8.258867708443152
Proposed CNN-Transformer,Severe,Reduced,Low,1.5264337522473748,1,6.085326970690532,4.397856324175668
Proposed CNN-Transformer,Severe,Reduced,Low,1.5264337522473748,2,5.9012572668278604,5.480588631593378
Proposed CNN-Transformer,Severe,Reduced,Low,1.5264337522473748,3,4.2629831737305075,4.381204685219621
Proposed CNN-Transformer,Severe,Reduced,Low,1.5264337522473748,4,6.01278747780765,5.638582132073049
Proposed CNN-Transformer,Severe,Reduced,Low,1.5264337522473748,5,5.641045308806238,6.350978130519787
Proposed CNN-Transformer,Severe,Reduced,Low,1.5264337522473748,6,6.804350875493372,4.1230432680720925
Proposed CNN-Transformer,Severe,Reduced,Low,1.5264337522473748,7,5.514113307795787,5.239045538030035
Proposed CNN-Transformer,Severe,Reduced,Low,1.5264337522473748,8,6.808416818974606,3.5084431749334026
Proposed CNN-Transformer,Severe,Reduced,Low,1.5264337522473748,9,6.846036684614056,3.7878411975919115
Proposed CNN-Transformer,Severe,Reduced,Low,1.5264337522473748,10,5.900577379334845,4.544429025061936
Proposed CNN-Transformer,Severe,Reduced,Reduced,1.0,1,5.194585787435496,3.831034431294348
Proposed CNN-Transformer,Severe,Reduced,Reduced,1.0,2,5.679239483952469,4.372098581256969
Proposed CNN-Transformer,Severe,Reduced,Reduced,1.0,3,4.98756498398464,5.506210501285273
Proposed CNN-Transformer,Severe,Reduced,Reduced,1.0,4,6.194473204428042,4.510447710771498
Proposed CNN-Transformer,Severe,Reduced,Reduced,1.0,5,6.1723066704818015,2.593810894752291
Proposed CNN-Transformer,Severe,Reduced,Reduced,1.0,6,5.47776140823996,2.961164219311092
Proposed CNN-Transformer,Severe,Reduced,Reduced,1.0,7,5.072014851666902,3.6667260296580504
Proposed CNN-Transformer,Severe,Reduced,Reduced,1.0,8,5.735470575498731,4.046584608308859
Proposed CNN-Transformer,Severe,Reduced,Reduced,1.0,9,5.4813095110404655,4.261481271438746
Proposed CNN-Transformer,Severe,Reduced,Reduced,1.0,10,4.519997357527193,2.961082867518609
Proposed CNN-Transformer,Severe,Reduced,Normal,0.8,1,5.159593644604518,2.967527087136445
Proposed CNN-Transformer,Severe,Reduced,Normal,0.8,2,4.08338822852089,3.811020490537252
Proposed CNN-Transformer,Severe,Reduced,Normal,0.8,3,4.982898380573234,3.4606648790269485
Proposed CNN-Transformer,Severe,Reduced,Normal,0.8,4,7.064556326207571,3.2053059270458437
Proposed CNN-Transformer,Severe,Reduced,Normal,0.8,5,4.050307737338455,3.3375158784480656
Proposed CNN-Transformer,Severe,Reduced,Normal,0.8,6,4.677314641427995,3.8724007047829025
Proposed CNN-Transformer,Severe,Reduced,Normal,0.8,7,4.977225901613358,2.786506837362809
Proposed CNN-Transformer,Severe,Reduced,Normal,0.8,8,4.798096296095857,3.4303020319671886
Proposed CNN-Transformer,Severe,Reduced,Normal,0.8,9,4.325200504309744,4.336472289438167
Proposed CNN-Transformer,Severe,Reduced,Normal,0.8,10,4.3880580826643,4.543389880970857
Proposed CNN-Transformer,Severe,Reduced,Elevated,1.2806248474865698,1,5.40255278252924,5.276157342478337
Proposed CNN-Transformer,Severe,Reduced,Elevated,1.2806248474865698,2,4.828031208088415,4.068347507628142
Proposed CNN-Transformer,Severe,Reduced,Elevated,1.2806248474865698,3,5.827893354307623,4.2249584470539165
Proposed CNN-Transformer,Severe,Reduced,Elevated,1.2806248474865698,4,6.023819541552689,6.119014439883826
Proposed CNN-Transformer,Severe,Reduced,Elevated,1.2806248474865698,5,6.117655383603911,5.424845507762268
Proposed CNN-Transformer,Severe,Reduced,Elevated,1.2806248474865698,6,3.8334630516256616,3.149630485347217
Proposed CNN-Transformer,Severe,Reduced,Elevated,1.2806248474865698,7,3.1029199492981236,3.0376951392829405
Proposed CNN-Transformer,Severe,Reduced,Elevated,1.2806248474865698,8,5.874567615194203,5.2080356768822496
Proposed CNN-Transformer,Severe,Reduced,Elevated,1.2806248474865698,9,3.954579373313757,4.289378194813606
Proposed CNN-Transformer,Severe,Reduced,Elevated,1.2806248474865698,10,6.714718667217942,4.222055905657167
Proposed CNN-Transformer,Severe,Reduced,High,2.247220505424423,1,6.58963086614685,7.075511519783336
Proposed CNN-Transformer,Severe,Reduced,High,2.247220505424423,2,6.919739047973188,4.121835700182827
Proposed CNN-Transformer,Severe,Reduced,High,2.247220505424423,3,7.568722146525387,6.282571644408127
Proposed CNN-Transformer,Severe,Reduced,High,2.247220505424423,4,7.1032242938791486,5.830879302307188
Proposed CNN-Transformer,Severe,Reduced,High,2.247220505424423,5,5.6032014864745765,7.645212031144273
Proposed CNN-Transformer,Severe,Reduced,High,2.247220505424423,6,7.766555135499408,4.827732487352634
Proposed CNN-Transformer,Severe,Reduced,High,2.247220505424423,7,6.438894581510796,5.514481384282233
Proposed CNN-Transformer,Severe,Reduced,High,2.247220505424423,8,8.02853127467887,7.032044537924339
Proposed CNN-Transformer,Severe,Reduced,High,2.247220505424423,9,6.817033902606891,6.71617514020547
Proposed CNN-Transformer,Severe,Reduced,High,2.247220505424423,10,5.792367881598949,5.486266524193189
Proposed CNN-Transformer,Severe,Normal,Low,1.3,1,4.950973544160967,4.726826157192096
Proposed CNN-Transformer,Severe,Normal,Low,1.3,2,3.9877879175429536,3.130053066772528
Proposed CNN-Transformer,Severe,Normal,Low,1.3,3,5.9394248067087725,4.136479758590373
Proposed CNN-Transformer,Severe,Normal,Low,1.3,4,5.318552996282052,4.593684446998427
Proposed CNN-Transformer,Severe,Normal,Low,1.3,5,4.534506154244314,4.106706949273455
Proposed CNN-Transformer,Severe,Normal,Low,1.3,6,5.324004935501391,5.083548391952079
Proposed CNN-Transformer,Severe,Normal,Low,1.3,7,4.339826991671996,5.395730942200292
Proposed CNN-Transformer,Severe,Normal,Low,1.3,8,5.216102441115636,3.9645426232484167
Proposed CNN-Transformer,Severe,Normal,Low,1.3,9,5.907437365635402,4.4424132321779135
Proposed CNN-Transformer,Severe,Normal,Low,1.3,10,5.4521921677237355,3.7063300635324588
Proposed CNN-Transformer,Severe,Normal,Reduced,0.6,1,5.094313967046114,4.221017105470701
Proposed CNN-Transformer,Severe,Normal,Reduced,0.6,2,4.1839437752609925,3.8805624674700097
Proposed CNN-Transformer,Severe,Normal,Reduced,0.6,3,4.908057372758495,4.025613465390463
Proposed CNN-Transformer,Severe,Normal,Reduced,0.6,4,3.5427399720155743,4.669903303262093
Proposed CNN-Transformer,Severe,Normal,Reduced,0.6,5,4.6906793142131695,3.683620154052968
Proposed CNN-Transformer,Severe,Normal,Reduced,0.6,6,4.08331177304466,4.035102129243995
Proposed CNN-Transformer,Severe,Normal,Reduced,0.6,7,5.133619368178982,2.829786990997487
Proposed CNN-Transformer,Severe,Normal,Reduced,0.6,8,4.962135196216265,2.454597534275068
Proposed CNN-Transformer,Severe,Normal,Reduced,0.6,9,4.430393746119529,3.70864267714791
Proposed CNN-Transformer,Severe,Normal,Reduced,0.6,10,5.547805883218399,2.811450732055784
Proposed CNN-Transformer,Severe,Normal,Normal,0.0,1,4.390266805896429,3.3739290896900145
Proposed CNN-Transformer,Severe,Normal,Normal,0.0,2,4.5584517985726345,2.615624531385861
Proposed CNN-Transformer,Severe,Normal,Normal,0.0,3,4.730885926595597,3.9961168486578664
Proposed CNN-Transformer,Severe,Normal,Normal,0.0,4,3.973821102142113,3.333689836912699
Proposed CNN-Transformer,Severe,Normal,Normal,0.0,5,4.6886244857635715,2.9291462152928402
Proposed CNN-Transformer,Severe,Normal,Normal,0.0,6,3.9401492694123212,3.2894838132473576
Proposed CNN-Transformer,Severe,Normal,Normal,0.0,7,3.2521280041141085,2.6292762476890985
Proposed CNN-Transformer,Severe,Normal,Normal,0.0,8,3.7652601041901317,3.801575327725465
Proposed CNN-Transformer,Severe,Normal,Normal,0.0,9,3.7483435438948045,3.3821634861634853
Proposed CNN-Transformer,Severe,Normal,Normal,0.0,10,3.933614965101801,2.703166844291707
Proposed CNN-Transformer,Severe,Normal,Elevated,1.0,1,4.527915801660964,4.026842964359768
Proposed CNN-Transformer,Severe,Normal,Elevated,1.0,2,4.811004295278809,3.56717236008618
Proposed CNN-Transformer,Severe,Normal,Elevated,1.0,3,4.25464630492532,3.609360503858512
Proposed CNN-Transformer,Severe,Normal,Elevated,1.0,4,4.393457725291945,3.232161965284064
Proposed CNN-Transformer,Severe,Normal,Elevated,1.0,5,5.3994151246456275,4.330657856620408
Proposed CNN-Transformer,Severe,Normal,Elevated,1.0,6,4.678203132284583,2.585650219035461
Proposed CNN-Transformer,Severe,Normal,Elevated,1.0,7,4.724023234651982,3.7998472733053674
Proposed CNN-Transformer,Severe,Normal,Elevated,1.0,8,4.590368645674006,4.157351639495088
Proposed CNN-Transformer,Severe,Normal,Elevated,1.0,9,5.089743975468459,4.591271548617582
Proposed CNN-Transformer,Severe,Normal,Elevated,1.0,10,5.064512765078327,3.64579543830063
Proposed CNN-Transformer,Severe,Normal,High,2.1,1,7.693871410275154,4.484273029274748
Proposed CNN-Transformer,Severe,Normal,High,2.1,2,6.838247710893934,5.095658170386382
Proposed CNN-Transformer,Severe,Normal,High,2.1,3,6.9376516002747985,6.056191271060082
Proposed CNN-Transformer,Severe,Normal,High,2.1,4,5.359226669817552,5.736927781538732
Proposed CNN-Transformer,Severe,Normal,High,2.1,5,8.075589844889755,5.517244419707023
Proposed CNN-Transformer,Severe,Normal,High,2.1,6,6.2470914607467325,4.637121608118443
Proposed CNN-Transformer,Severe,Normal,High,2.1,7,7.66252795879076,6.544060980156295
Proposed CNN-Transformer,Severe,Normal,High,2.1,8,7.595192331982581,6.697620138005144
Proposed CNN-Transformer,Severe,Normal,High,2.1,9,6.495492456469119,5.187444036607775
Proposed CNN-Transformer,Severe,Normal,High,2.1,10,6.882545371826236,4.427212604199796
Proposed CNN-Transformer,Severe,Elevated,Low,1.5811388300841898,1,5.952682253375357,4.450225483077667
Proposed CNN-Transformer,Severe,Elevated,Low,1.5811388300841898,2,6.727793408613748,3.88354996499044
Proposed CNN-Transformer,Severe,Elevated,Low,1.5811388300841898,3,5.278906172162655,5.041436831247148
Proposed CNN-Transformer,Severe,Elevated,Low,1.5811388300841898,4,6.404045946915655,4.080770422334549
Proposed CNN-Transformer,Severe,Elevated,Low,1.5811388300841898,5,6.6343232845482545,5.829007393564893
Proposed CNN-Transformer,Severe,Elevated,Low,1.5811388300841898,6,5.193654718221038,5.3739997190245
Proposed CNN-Transformer,Severe,Elevated,Low,1.5811388300841898,7,5.468532936278411,5.223760211088254
Proposed CNN-Transformer,Severe,Elevated,Low,1.5811388300841898,8,5.781705143423676,4.747679629525212
Proposed CNN-Transformer,Severe,Elevated,Low,1.5811388300841898,9,5.067431458143192,4.6626460648488885
Proposed CNN-Transformer,Severe,Elevated,Low,1.5811388300841898,10,4.636794120290142,5.687568200880669
Proposed CNN-Transformer,Severe,Elevated,Reduced,1.0816653826391966,1,5.733982361242005,3.4513293268812295
Proposed CNN-Transformer,Severe,Elevated,Reduced,1.0816653826391966,2,4.0494548253398,3.3942484855284314
Proposed CNN-Transformer,Severe,Elevated,Reduced,1.0816653826391966,3,4.589380347082247,4.253635763289605
Proposed CNN-Transformer,Severe,Elevated,Reduced,1.0816653826391966,4,5.693448719007105,3.577889808665943
Proposed CNN-Transformer,Severe,Elevated,Reduced,1.0816653826391966,5,5.385401223290021,3.8416034717051577
Proposed CNN-Transformer,Severe,Elevated,Reduced,1.0816653826391966,6,4.826498505343582,3.6395735765280737
Proposed CNN-Transformer,Severe,Elevated,Reduced,1.0816653826391966,7,4.79445602777463,5.186711924518907
Proposed CNN-Transformer,Severe,Elevated,Reduced,1.0816653826391966,8,5.627409110452779,4.669913426184539
Proposed CNN-Transformer,Severe,Elevated,Reduced,1.0816653826391966,9,5.308849573949993,4.914095372729235
Proposed CNN-Transformer,Severe,Elevated,Reduced,1.0816653826391966,10,4.837211580079027,4.675421498683457
Proposed CNN-Transformer,Severe,Elevated,Normal,0.9,1,5.396480165830219,3.8586736737823535
Proposed CNN-Transformer,Severe,Elevated,Normal,0.9,2,5.774543164612138,3.9696124677205025
Proposed CNN-Transformer,Severe,Elevated,Normal,0.9,3,4.556430541546761,3.6430078528057552
Proposed CNN-Transformer,Severe,Elevated,Normal,0.9,4,5.18174544387415,4.347395273089414
Proposed CNN-Transformer,Severe,Elevated,Normal,0.9,5,5.403882983066322,4.210091002957374
Proposed CNN-Transformer,Severe,Elevated,Normal,0.9,6,4.998415699363741,3.9645211845728507
Proposed CNN-Transformer,Severe,Elevated,Normal,0.9,7,4.314642439267021,3.888589396213676
Proposed CNN-Transformer,Severe,Elevated,Normal,0.9,8,4.989023137545607,5.287004560066076
Proposed CNN-Transformer,Severe,Elevated,Normal,0.9,9,5.5710128493168725,4.705552858839012
Proposed CNN-Transformer,Severe,Elevated,Normal,0.9,10,5.670485247977843,3.5952681624591714
Proposed CNN-Transformer,Severe,Elevated,Elevated,1.3453624047073711,1,5.170401568315054,3.78509209611738
Proposed CNN-Transformer,Severe,Elevated,Elevated,1.3453624047073711,2,5.927275607309093,3.054622083028064
Proposed CNN-Transformer,Severe,Elevated,Elevated,1.3453624047073711,3,5.4590671697522755,3.1093042355654794
Proposed CNN-Transformer,Severe,Elevated,Elevated,1.3453624047073711,4,5.873566769507513,3.261999645548013
Proposed CNN-Transformer,Severe,Elevated,Elevated,1.3453624047073711,5,4.56569899413391,5.0496970252862665
Proposed CNN-Transformer,Severe,Elevated,Elevated,1.3453624047073711,6,5.189922280739217,4.974604946510546
Proposed CNN-Transformer,Severe,Elevated,Elevated,1.3453624047073711,7,4.470142482057317,3.9184150790745456
Proposed CNN-Transformer,Severe,Elevated,Elevated,1.3453624047073711,8,5.450234948587868,5.0689622452470635
Proposed CNN-Transformer,Severe,Elevated,Elevated,1.3453624047073711,9,4.458452569920868,3.4735306603859475
Proposed CNN-Transformer,Severe,Elevated,Elevated,1.3453624047073711,10,5.906718300709116,4.560401013359031
Proposed CNN-Transformer,Severe,Elevated,High,2.2847319317591723,1,7.601620853266003,5.871444432044106
Proposed CNN-Transformer,Severe,Elevated,High,2.2847319317591723,2,7.633525374209845,5.995316557407609
Proposed CNN-Transformer,Severe,Elevated,High,2.2847319317591723,3,6.698253185866935,6.328909758362476
Proposed CNN-Transformer,Severe,Elevated,High,2.2847319317591723,4,6.708106491442923,7.340799523361852
Proposed CNN-Transformer,Severe,Elevated,High,2.2847319317591723,5,6.990017274884447,5.875875000101864
Proposed CNN-Transformer,Severe,Elevated,High,2.2847319317591723,6,7.370208572636715,5.287590062431559
Proposed CNN-Transformer,Severe,Elevated,High,2.2847319317591723,7,6.97798848132154,5.1491814852125115
Proposed CNN-Transformer,Severe,Elevated,High,2.2847319317591723,8,6.060524800896786,4.123355977248036
Proposed CNN-Transformer,Severe,Elevated,High,2.2847319317591723,9,6.010062908747613,5.232192842881012
Proposed CNN-Transformer,Severe,Elevated,High,2.2847319317591723,10,7.772937087530787,5.440965982755683
Proposed CNN-Transformer,Severe,High,Low,2.3021728866442674,1,7.7007853468909575,5.973320250924234
Proposed CNN-Transformer,Severe,High,Low,2.3021728866442674,2,8.378800198181272,5.943080422163134
Proposed CNN-Transformer,Severe,High,Low,2.3021728866442674,3,7.087893767427602,6.133212586872416
Proposed CNN-Transformer,Severe,High,Low,2.3021728866442674,4,6.431779481241253,5.877406598072191
Proposed CNN-Transformer,Severe,High,Low,2.3021728866442674,5,7.801625497843527,5.697821019353288
Proposed CNN-Transformer,Severe,High,Low,2.3021728866442674,6,7.020382082424249,8.1292282774007
Proposed CNN-Transformer,Severe,High,Low,2.3021728866442674,7,7.713942604179695,5.2196092413317805
Proposed CNN-Transformer,Severe,High,Low,2.3021728866442674,8,7.062439335555249,4.8595170031384125
Proposed CNN-Transformer,Severe,High,Low,2.3021728866442674,9,5.5900661413061705,5.188190196078038
Proposed CNN-Transformer,Severe,High,Low,2.3021728866442674,10,5.88327757485757,6.872641190287901
Proposed CNN-Transformer,Severe,High,Reduced,1.9924858845171274,1,6.72035275329476,5.541366977134404
Proposed CNN-Transformer,Severe,High,Reduced,1.9924858845171274,2,6.997854197109453,6.414407056502076
Proposed CNN-Transformer,Severe,High,Reduced,1.9924858845171274,3,6.935051823205989,4.034530559176636
Proposed CNN-Transformer,Severe,High,Reduced,1.9924858845171274,4,6.456269931235206,6.13695553607447
Proposed CNN-Transformer,Severe,High,Reduced,1.9924858845171274,5,7.097646652469821,4.879093459420571
Proposed CNN-Transformer,Severe,High,Reduced,1.9924858845171274,6,8.343009931556153,3.9578065704412353
Proposed CNN-Transformer,Severe,High,Reduced,1.9924858845171274,7,7.787262933898759,4.043322020891144
Proposed CNN-Transformer,Severe,High,Reduced,1.9924858845171274,8,5.583212940396831,5.94806615038628
Proposed CNN-Transformer,Severe,High,Reduced,1.9924858845171274,9,4.71865932316191,6.235848762016269
Proposed CNN-Transformer,Severe,High,Reduced,1.9924858845171274,10,5.453035514507892,4.474861847005844
Proposed CNN-Transformer,Severe,High,Normal,1.9,1,5.7934195995276925,5.202689824800609
Proposed CNN-Transformer,Severe,High,Normal,1.9,2,5.753367560445432,7.139797174353545
Proposed CNN-Transformer,Severe,High,Normal,1.9,3,6.986069904305066,6.824838567986792
Proposed CNN-Transformer,Severe,High,Normal,1.9,4,5.585667721638871,4.322376253426584
Proposed CNN-Transformer,Severe,High,Normal,1.9,5,5.5420190512108345,5.929452718294359
Proposed CNN-Transformer,Severe,High,Normal,1.9,6,5.953460305690616,6.155237084396787
Proposed CNN-Transformer,Severe,High,Normal,1.9,7,5.749330489947713,5.390695146684753
Proposed CNN-Transformer,Severe,High,Normal,1.9,8,6.941603768383712,4.681192189978996
Proposed CNN-Transformer,Severe,High,Normal,1.9,9,6.197235925592151,5.877185836402502
Proposed CNN-Transformer,Severe,High,Normal,1.9,10,5.477713283994128,5.649549003288809
Proposed CNN-Transformer,Severe,High,Elevated,2.1470910553583886,1,6.8255554385569095,6.820733012815442
Proposed CNN-Transformer,Severe,High,Elevated,2.1470910553583886,2,5.948302863087661,6.1479242449373
Proposed CNN-Transformer,Severe,High,Elevated,2.1470910553583886,3,7.900664991858486,6.419415952987079
Proposed CNN-Transformer,Severe,High,Elevated,2.1470910553583886,4,7.203285040147066,4.339621201072012
Proposed CNN-Transformer,Severe,High,Elevated,2.1470910553583886,5,6.390832849642171,6.634245913853357
Proposed CNN-Transformer,Severe,High,Elevated,2.1470910553583886,6,6.343400034825026,6.633584789495536
Proposed CNN-Transformer,Severe,High,Elevated,2.1470910553583886,7,8.192836479156254,6.276454957790496
Proposed CNN-Transformer,Severe,High,Elevated,2.1470910553583886,8,6.2873746450261025,6.690344275445791
Proposed CNN-Transformer,Severe,High,Elevated,2.1470910553583886,9,6.930337894506564,6.178171574042422
Proposed CNN-Transformer,Severe,High,Elevated,2.1470910553583886,10,6.935265974454219,5.473434186065673
Proposed CNN-Transformer,Severe,High,High,2.831960451701259,1,8.581087107503608,7.773316959334199
Proposed CNN-Transformer,Severe,High,High,2.831960451701259,2,8.744398483562879,6.791449791012103
Proposed CNN-Transformer,Severe,High,High,2.831960451701259,3,7.7582144602048375,8.153078144409157
Proposed CNN-Transformer,Severe,High,High,2.831960451701259,4,7.743910960388538,7.693162877942637
Proposed CNN-Transformer,Severe,High,High,2.831960451701259,5,8.367141080346533,6.71018600622076
Proposed CNN-Transformer,Severe,High,High,2.831960451701259,6,7.11786938382497,7.633909767030605
Proposed CNN-Transformer,Severe,High,High,2.831960451701259,7,8.26252798043197,7.337182927904836
Proposed CNN-Transformer,Severe,High,High,2.831960451701259,8,7.671243569729035,8.023363809527275
Proposed CNN-Transformer,Severe,High,High,2.831960451701259,9,7.266574034196158,8.265033156137095
Proposed CNN-Transformer,Severe,High,High,2.831960451701259,10,7.8105101749074395,5.924692628076282
Proposed CNN-Transformer,Advanced,Low,Low,2.1400934559032696,1,8.15889260700859,5.677995193382215
Proposed CNN-Transformer,Advanced,Low,Low,2.1400934559032696,2,6.2088575208041705,5.414855513680679
Proposed CNN-Transformer,Advanced,Low,Low,2.1400934559032696,3,7.813163187280568,6.667593443451662
Proposed CNN-Transformer,Advanced,Low,Low,2.1400934559032696,4,8.966814520895436,7.45764291736559
Proposed CNN-Transformer,Advanced,Low,Low,2.1400934559032696,5,8.016217274531439,5.7597752657249535
Proposed CNN-Transformer,Advanced,Low,Low,2.1400934559032696,6,7.626000153559415,5.7369878309252975
Proposed CNN-Transformer,Advanced,Low,Low,2.1400934559032696,7,6.766927485846841,7.671165682294961
Proposed CNN-Transformer,Advanced,Low,Low,2.1400934559032696,8,8.277310853287773,6.176654352136633
Proposed CNN-Transformer,Advanced,Low,Low,2.1400934559032696,9,8.064492718874783,6.591310381096621
Proposed CNN-Transformer,Advanced,Low,Low,2.1400934559032696,10,6.7387780013574545,7.452452207550728
Proposed CNN-Transformer,Advanced,Low,Reduced,1.8027756377319946,1,7.236474567385654,6.736250419647187
Proposed CNN-Transformer,Advanced,Low,Reduced,1.8027756377319946,2,7.8290697930923026,6.267637734486667
Proposed CNN-Transformer,Advanced,Low,Reduced,1.8027756377319946,3,7.167273429529112,6.962750227349789
Proposed CNN-Transformer,Advanced,Low,Reduced,1.8027756377319946,4,7.578579446584883,3.953855909848336
Proposed CNN-Transformer,Advanced,Low,Reduced,1.8027756377319946,5,7.175774708173868,5.738851987102657
Proposed CNN-Transformer,Advanced,Low,Reduced,1.8027756377319946,6,6.113694844367955,7.214269547071046
Proposed CNN-Transformer,Advanced,Low,Reduced,1.8027756377319946,7,8.17592122431706,7.155426575817786
Proposed CNN-Transformer,Advanced,Low,Reduced,1.8027756377319946,8,6.887073329722516,5.676410202979782
Proposed CNN-Transformer,Advanced,Low,Reduced,1.8027756377319946,9,5.894524405857619,7.677731039199771
Proposed CNN-Transformer,Advanced,Low,Reduced,1.8027756377319946,10,7.497637037856699,5.988960500655294
Proposed CNN-Transformer,Advanced,Low,Normal,1.7,1,6.921986782042189,4.599640839014561
Proposed CNN-Transformer,Advanced,Low,Normal,1.7,2,7.131770378281154,5.000667953888355
Proposed CNN-Transformer,Advanced,Low,Normal,1.7,3,6.153061582595853,5.105542014864705
Proposed CNN-Transformer,Advanced,Low,Normal,1.7,4,7.292564242340806,6.3187513002530915
Proposed CNN-Transformer,Advanced,Low,Normal,1.7,5,6.7774184744380515,6.198030349170451
Proposed CNN-Transformer,Advanced,Low,Normal,1.7,6,6.861315940222408,6.54138155207024
Proposed CNN-Transformer,Advanced,Low,Normal,1.7,7,6.132024511966655,5.678928187706387
Proposed CNN-Transformer,Advanced,Low,Normal,1.7,8,5.046991044147076,5.444206056268363
Proposed CNN-Transformer,Advanced,Low,Normal,1.7,9,6.75282900651905,6.003554509879635
Proposed CNN-Transformer,Advanced,Low,Normal,1.7,10,6.690593080143269,6.512831917167591
Proposed CNN-Transformer,Advanced,Low,Elevated,1.972308292331602,1,6.475170066564009,6.214466675983772
Proposed CNN-Transformer,Advanced,Low,Elevated,1.972308292331602,2,7.188518291990231,6.321282129974582
Proposed CNN-Transformer,Advanced,Low,Elevated,1.972308292331602,3,8.557342112963044,6.557621343782478
Proposed CNN-Transformer,Advanced,Low,Elevated,1.972308292331602,4,6.792337538928963,7.275298279447137
Proposed CNN-Transformer,Advanced,Low,Elevated,1.972308292331602,5,7.0243320972906425,6.117854254112465
Proposed CNN-Transformer,Advanced,Low,Elevated,1.972308292331602,6,7.4029835072119266,7.488146503756081
Proposed CNN-Transformer,Advanced,Low,Elevated,1.972308292331602,7,7.444194426100151,6.472271925796121
Proposed CNN-Transformer,Advanced,Low,Elevated,1.972308292331602,8,7.367774229851749,5.518794990552344
Proposed CNN-Transformer,Advanced,Low,Elevated,1.972308292331602,9,8.638746120710797,6.831011624800057
Proposed CNN-Transformer,Advanced,Low,Elevated,1.972308292331602,10,5.806528537009935,5.928749474244733
Proposed CNN-Transformer,Advanced,Low,High,2.701851217221259,1,6.790687937278685,8.560981154124535
Proposed CNN-Transformer,Advanced,Low,High,2.701851217221259,2,6.951221264452737,8.481248407235954
Proposed CNN-Transformer,Advanced,Low,High,2.701851217221259,3,7.951233152105578,6.900470539561974
Proposed CNN-Transformer,Advanced,Low,High,2.701851217221259,4,9.469074784105926,6.476963254210071
Proposed CNN-Transformer,Advanced,Low,High,2.701851217221259,5,7.413703408551758,6.186294834625811
Proposed CNN-Transformer,Advanced,Low,High,2.701851217221259,6,9.868678060486143,7.3199490077843485
Proposed CNN-Transformer,Advanced,Low,High,2.701851217221259,7,9.26690129493838,9.515005060976545
Proposed CNN-Transformer,Advanced,Low,High,2.701851217221259,8,8.647306683648821,9.760917568983672
Proposed CNN-Transformer,Advanced,Low,High,2.701851217221259,9,10.20142030097647,7.499125137683372
Proposed CNN-Transformer,Advanced,Low,High,2.701851217221259,10,9.84719744374315,6.326020699925364
Proposed CNN-Transformer,Advanced,Reduced,Low,1.5264337522473748,1,5.986353083833543,5.697068210691115
Proposed CNN-Transformer,Advanced,Reduced,Low,1.5264337522473748,2,5.487377291458418,8.279361064367654
Proposed CNN-Transformer,Advanced,Reduced,Low,1.5264337522473748,3,6.31654870669968,4.6890339121226114
Proposed CNN-Transformer,Advanced,Reduced,Low,1.5264337522473748,4,7.225273097848028,5.687749748569077
Proposed CNN-Transformer,Advanced,Reduced,Low,1.5264337522473748,5,6.478752227089017,6.176353392622962
Proposed CNN-Transformer,Advanced,Reduced,Low,1.5264337522473748,6,5.706337615318693,4.908604530106968
Proposed CNN-Transformer,Advanced,Reduced,Low,1.5264337522473748,7,5.263308867752678,4.867212605818219
Proposed CNN-Transformer,Advanced,Reduced,Low,1.5264337522473748,8,6.58956061414293,6.338687421714815
Proposed CNN-Transformer,Advanced,Reduced,Low,1.5264337522473748,9,7.853776537454887,5.1059146291749675
Proposed CNN-Transformer,Advanced,Reduced,Low,1.5264337522473748,10,6.689239768745697,6.781542590421397
Proposed CNN-Transformer,Advanced,Reduced,Reduced,1.0,1,6.033403294625919,5.298428333495565
Proposed CNN-Transformer,Advanced,Reduced,Reduced,1.0,2,5.82241545345642,5.710406211682545
Proposed CNN-Transformer,Advanced,Reduced,Reduced,1.0,3,5.1407823370274395,5.209734244902554
Proposed CNN-Transformer,Advanced,Reduced,Reduced,1.0,4,6.289260987047752,5.712309976939883
Proposed CNN-Transformer,Advanced,Reduced,Reduced,1.0,5,6.497918405891116,4.746817905055302
Proposed CNN-Transformer,Advanced,Reduced,Reduced,1.0,6,5.702914379653303,5.667832260884546
Proposed CNN-Transformer,Advanced,Reduced,Reduced,1.0,7,4.84470911892152,4.128883320746016
Proposed CNN-Transformer,Advanced,Reduced,Reduced,1.0,8,5.573934393426241,4.4874519747213
Proposed CNN-Transformer,Advanced,Reduced,Reduced,1.0,9,4.904916829896038,5.702748702769876
Proposed CNN-Transformer,Advanced,Reduced,Reduced,1.0,10,6.286463859860374,3.4384643103894854
Proposed CNN-Transformer,Advanced,Reduced,Normal,0.8,1,6.479357180929203,4.663727952303088
Proposed CNN-Transformer,Advanced,Reduced,Normal,0.8,2,5.313279251137661,3.750453352719222
Proposed CNN-Transformer,Advanced,Reduced,Normal,0.8,3,6.017486479796066,6.372765046941298
Proposed CNN-Transformer,Advanced,Reduced,Normal,0.8,4,4.829889315286524,4.635580090487504
Proposed CNN-Transformer,Advanced,Reduced,Normal,0.8,5,4.090235620545779,6.017818543781984
Proposed CNN-Transformer,Advanced,Reduced,Normal,0.8,6,6.214542754493033,5.0786913844307495
Proposed CNN-Transformer,Advanced,Reduced,Normal,0.8,7,4.817805531380338,4.323664518047238
Proposed CNN-Transformer,Advanced,Reduced,Normal,0.8,8,5.36232960180689,4.475289742726936
Proposed CNN-Transformer,Advanced,Reduced,Normal,0.8,9,5.580728104428537,5.63547020489688
Proposed CNN-Transformer,Advanced,Reduced,Normal,0.8,10,5.559589003318264,4.620189771102674
Proposed CNN-Transformer,Advanced,Reduced,Elevated,1.2806248474865698,1,6.4002423522641045,4.322017770599026
Proposed CNN-Transformer,Advanced,Reduced,Elevated,1.2806248474865698,2,5.120737230816283,4.957995358270423
Proposed CNN-Transformer,Advanced,Reduced,Elevated,1.2806248474865698,3,5.631288222221602,5.675185208759294
Proposed CNN-Transformer,Advanced,Reduced,Elevated,1.2806248474865698,4,5.497029817702436,5.573302086581127
Proposed CNN-Transformer,Advanced,Reduced,Elevated,1.2806248474865698,5,5.588138446624626,4.864026065665029
Proposed CNN-Transformer,Advanced,Reduced,Elevated,1.2806248474865698,6,7.701971099130922,3.857945431054955
Proposed CNN-Transformer,Advanced,Reduced,Elevated,1.2806248474865698,7,5.84653053845223,6.831773053832993
Proposed CNN-Transformer,Advanced,Reduced,Elevated,1.2806248474865698,8,5.822675115154612,4.607201583899289
Proposed CNN-Transformer,Advanced,Reduced,Elevated,1.2806248474865698,9,6.270224991835593,5.971589178303559
Proposed CNN-Transformer,Advanced,Reduced,Elevated,1.2806248474865698,10,5.178021235720634,5.9647042784728495
Proposed CNN-Transformer,Advanced,Reduced,High,2.247220505424423,1,9.031769194882148,7.117841313256212
Proposed CNN-Transformer,Advanced,Reduced,High,2.247220505424423,2,7.324674987548731,5.618088742819433
Proposed CNN-Transformer,Advanced,Reduced,High,2.247220505424423,3,8.084111917458605,8.348338045068434
Proposed CNN-Transformer,Advanced,Reduced,High,2.247220505424423,4,7.319446804447869,7.606350848621004
Proposed CNN-Transformer,Advanced,Reduced,High,2.247220505424423,5,7.7006753930361915,5.338713888444995
Proposed CNN-Transformer,Advanced,Reduced,High,2.247220505424423,6,9.342609701541416,6.506980325186294
Proposed CNN-Transformer,Advanced,Reduced,High,2.247220505424423,7,7.153215075534525,8.211217436020172
Proposed CNN-Transformer,Advanced,Reduced,High,2.247220505424423,8,6.538850088298441,4.4776747631592535
Proposed CNN-Transformer,Advanced,Reduced,High,2.247220505424423,9,9.077906217331384,6.313702760237069
Proposed CNN-Transformer,Advanced,Reduced,High,2.247220505424423,10,9.82106347853347,7.5078030434320056
Proposed CNN-Transformer,Advanced,Normal,Low,1.3,1,6.220440384213111,4.930650679483056
Proposed CNN-Transformer,Advanced,Normal,Low,1.3,2,6.438795740952248,4.806863408682658
Proposed CNN-Transformer,Advanced,Normal,Low,1.3,3,6.295431926326799,5.5240843202696475
Proposed CNN-Transformer,Advanced,Normal,Low,1.3,4,6.942176514096798,5.483592827931442
Proposed CNN-Transformer,Advanced,Normal,Low,1.3,5,5.555533166871696,5.697461365080168
Proposed CNN-Transformer,Advanced,Normal,Low,1.3,6,6.956494454901922,4.9196595772415
Proposed CNN-Transformer,Advanced,Normal,Low,1.3,7,5.419291595937488,4.809319229857023
Proposed CNN-Transformer,Advanced,Normal,Low,1.3,8,5.931530507616204,7.075395639205193
Proposed CNN-Transformer,Advanced,Normal,Low,1.3,9,5.346226389255624,5.038189268486186
Proposed CNN-Transformer,Advanced,Normal,Low,1.3,10,5.697342764254263,5.8951851837422815
Proposed CNN-Transformer,Advanced,Normal,Reduced,0.6,1,4.120918332783674,5.106541583282983
Proposed CNN-Transformer,Advanced,Normal,Reduced,0.6,2,5.797806641646563,4.118423571389852
Proposed CNN-Transformer,Advanced,Normal,Reduced,0.6,3,5.335568725460272,4.2578074432595425
Proposed CNN-Transformer,Advanced,Normal,Reduced,0.6,4,5.1810498869716195,4.051851923875538
Proposed CNN-Transformer,Advanced,Normal,Reduced,0.6,5,5.541927839321511,4.4593859306500425
Proposed CNN-Transformer,Advanced,Normal,Reduced,0.6,6,4.362617626694598,3.9700623858190327
Proposed CNN-Transformer,Advanced,Normal,Reduced,0.6,7,5.8187160178492165,5.730339018170332
Proposed CNN-Transformer,Advanced,Normal,Reduced,0.6,8,4.78609778489333,5.131695733807909
Proposed CNN-Transformer,Advanced,Normal,Reduced,0.6,9,5.623151782677243,2.9836409430861117
Proposed CNN-Transformer,Advanced,Normal,Reduced,0.6,10,4.303067438086609,4.009340928866426
Proposed CNN-Transformer,Advanced,Normal,Normal,0.0,1,4.015860092300525,3.5552043019346744
Proposed CNN-Transformer,Advanced,Normal,Normal,0.0,2,5.3251631999610956,4.290184083066244
Proposed CNN-Transformer,Advanced,Normal,Normal,0.0,3,3.793169989071717,4.341056435572306
Proposed CNN-Transformer,Advanced,Normal,Normal,0.0,4,5.1272787422231,3.25224077629878
Proposed CNN-Transformer,Advanced,Normal,Normal,0.0,5,4.640193777638167,3.656912483165832
Proposed CNN-Transformer,Advanced,Normal,Normal,0.0,6,4.29643321335741,3.454072452120328
Proposed CNN-Transformer,Advanced,Normal,Normal,0.0,7,4.197224314764058,3.6508060849681714
Proposed CNN-Transformer,Advanced,Normal,Normal,0.0,8,5.142519401590217,3.4104170867115204
Proposed CNN-Transformer,Advanced,Normal,Normal,0.0,9,6.126858889203369,3.179477659393379
Proposed CNN-Transformer,Advanced,Normal,Normal,0.0,10,3.1411316091459134,3.79283732621811
Proposed CNN-Transformer,Advanced,Normal,Elevated,1.0,1,6.256043198510269,4.7738713668143795
Proposed CNN-Transformer,Advanced,Normal,Elevated,1.0,2,5.13821527057799,5.068474236301932
Proposed CNN-Transformer,Advanced,Normal,Elevated,1.0,3,5.807217853240124,4.35942397288259
Proposed CNN-Transformer,Advanced,Normal,Elevated,1.0,4,6.613170767536718,4.768125257172827
Proposed CNN-Transformer,Advanced,Normal,Elevated,1.0,5,6.121749652804056,5.368145753736742
Proposed CNN-Transformer,Advanced,Normal,Elevated,1.0,6,5.1725474500927335,4.066436954435207
Proposed CNN-Transformer,Advanced,Normal,Elevated,1.0,7,5.354160265656428,4.317958444289917
Proposed CNN-Transformer,Advanced,Normal,Elevated,1.0,8,5.038204567843328,5.431159683349693
Proposed CNN-Transformer,Advanced,Normal,Elevated,1.0,9,4.5799527133701945,4.641388209617556
Proposed CNN-Transformer,Advanced,Normal,Elevated,1.0,10,5.807379849898379,3.3785000967712495
Proposed CNN-Transformer,Advanced,Normal,High,2.1,1,7.2192659658203,6.707405846609491
Proposed CNN-Transformer,Advanced,Normal,High,2.1,2,7.3311330821726,5.8451869455506635
Proposed CNN-Transformer,Advanced,Normal,High,2.1,3,8.788037111252677,6.921589903924273
Proposed CNN-Transformer,Advanced,Normal,High,2.1,4,7.602169829681423,6.202446576002859
Proposed CNN-Transformer,Advanced,Normal,High,2.1,5,7.533636939308742,6.078976443751211
Proposed CNN-Transformer,Advanced,Normal,High,2.1,6,9.02265075431489,9.388717003950847
Proposed CNN-Transformer,Advanced,Normal,High,2.1,7,8.041175972728691,5.727253922604148
Proposed CNN-Transformer,Advanced,Normal,High,2.1,8,6.593809210486441,6.596307190206803
Proposed CNN-Transformer,Advanced,Normal,High,2.1,9,7.701394573617855,4.488693596039279
Proposed CNN-Transformer,Advanced,Normal,High,2.1,10,5.996254911392711,6.154312994365368
Proposed CNN-Transformer,Advanced,Elevated,Low,1.5811388300841898,1,6.831607617888268,6.465038809738443
Proposed CNN-Transformer,Advanced,Elevated,Low,1.5811388300841898,2,7.287698357060065,5.841697463180466
Proposed CNN-Transformer,Advanced,Elevated,Low,1.5811388300841898,3,6.449710487386124,4.393432667065471
Proposed CNN-Transformer,Advanced,Elevated,Low,1.5811388300841898,4,7.856759463195004,6.906504816016489
Proposed CNN-Transformer,Advanced,Elevated,Low,1.5811388300841898,5,6.108408986461051,7.601095080464626
Proposed CNN-Transformer,Advanced,Elevated,Low,1.5811388300841898,6,5.835574880627528,6.493255284774346
Proposed CNN-Transformer,Advanced,Elevated,Low,1.5811388300841898,7,6.393494810325221,5.08221200108568
Proposed CNN-Transformer,Advanced,Elevated,Low,1.5811388300841898,8,7.553827036396257,4.498884803589035
Proposed CNN-Transformer,Advanced,Elevated,Low,1.5811388300841898,9,6.680709957742455,4.6089952417580315
Proposed CNN-Transformer,Advanced,Elevated,Low,1.5811388300841898,10,6.291126327137239,6.319122243866779
Proposed CNN-Transformer,Advanced,Elevated,Reduced,1.0816653826391966,1,5.144091536624883,5.426687047409716
Proposed CNN-Transformer,Advanced,Elevated,Reduced,1.0816653826391966,2,6.016095789240995,5.902921460007745
Proposed CNN-Transformer,Advanced,Elevated,Reduced,1.0816653826391966,3,5.995287381656024,5.001864566719868
Proposed CNN-Transformer,Advanced,Elevated,Reduced,1.0816653826391966,4,6.805744764819373,4.960501732497634
Proposed CNN-Transformer,Advanced,Elevated,Reduced,1.0816653826391966,5,6.372157394958522,6.16751719891269
Proposed CNN-Transformer,Advanced,Elevated,Reduced,1.0816653826391966,6,6.044851281061648,5.000296166369265
Proposed CNN-Transformer,Advanced,Elevated,Reduced,1.0816653826391966,7,5.944859096796166,4.0156155034862095
Proposed CNN-Transformer,Advanced,Elevated,Reduced,1.0816653826391966,8,6.806253998610499,5.857565783277941
Proposed CNN-Transformer,Advanced,Elevated,Reduced,1.0816653826391966,9,6.6175572795959,4.800988523832569
Proposed CNN-Transformer,Advanced,Elevated,Reduced,1.0816653826391966,10,5.851252196745078,6.4539957620675805
Proposed CNN-Transformer,Advanced,Elevated,Normal,0.9,1,5.012624970620549,3.2463028533242406
Proposed CNN-Transformer,Advanced,Elevated,Normal,0.9,2,6.742557617508407,4.619805603723704
Proposed CNN-Transformer,Advanced,Elevated,Normal,0.9,3,4.314969503648786,4.102828525594809
Proposed CNN-Transformer,Advanced,Elevated,Normal,0.9,4,6.489960750576046,3.7758026498171757
Proposed CNN-Transformer,Advanced,Elevated,Normal,0.9,5,5.8943234899076495,4.733583258535304
Proposed CNN-Transformer,Advanced,Elevated,Normal,0.9,6,6.237649527245362,4.490833728280471
Proposed CNN-Transformer,Advanced,Elevated,Normal,0.9,7,5.863870795359641,5.239778540509344
Proposed CNN-Transformer,Advanced,Elevated,Normal,0.9,8,5.472202522249907,5.344518703071498
Proposed CNN-Transformer,Advanced,Elevated,Normal,0.9,9,5.341694015068619,6.512424702702938
Proposed CNN-Transformer,Advanced,Elevated,Normal,0.9,10,5.880055030862668,3.901965884364729
Proposed CNN-Transformer,Advanced,Elevated,Elevated,1.3453624047073711,1,5.862424260136704,5.112970137833361
Proposed CNN-Transformer,Advanced,Elevated,Elevated,1.3453624047073711,2,6.095691172448415,2.9416612350577154
Proposed CNN-Transformer,Advanced,Elevated,Elevated,1.3453624047073711,3,6.161626008699019,5.564835639595397
Proposed CNN-Transformer,Advanced,Elevated,Elevated,1.3453624047073711,4,5.966396187232613,4.70882016460577
Proposed CNN-Transformer,Advanced,Elevated,Elevated,1.3453624047073711,5,6.194541643603703,6.398244931332304
Proposed CNN-Transformer,Advanced,Elevated,Elevated,1.3453624047073711,6,7.232645550510868,5.631206487555959
Proposed CNN-Transformer,Advanced,Elevated,Elevated,1.3453624047073711,7,6.843653117857475,7.565444901261032
Proposed CNN-Transformer,Advanced,Elevated,Elevated,1.3453624047073711,8,6.391394129900669,4.144753719126011
Proposed CNN-Transformer,Advanced,Elevated,Elevated,1.3453624047073711,9,6.238384110336831,6.216275831328033
Proposed CNN-Transformer,Advanced,Elevated,Elevated,1.3453624047073711,10,6.368670045150317,5.123047737821304
Proposed CNN-Transformer,Advanced,Elevated,High,2.2847319317591723,1,6.625113012683299,5.932158417638687
Proposed CNN-Transformer,Advanced,Elevated,High,2.2847319317591723,2,7.7589537622444515,6.757657752685546
Proposed CNN-Transformer,Advanced,Elevated,High,2.2847319317591723,3,7.896676505499586,5.101849046815067
Proposed CNN-Transformer,Advanced,Elevated,High,2.2847319317591723,4,9.095713806275759,7.171814312996807
Proposed CNN-Transformer,Advanced,Elevated,High,2.2847319317591723,5,7.37479454134126,4.918407347392004
Proposed CNN-Transformer,Advanced,Elevated,High,2.2847319317591723,6,6.943627614028756,5.929085681724653
Proposed CNN-Transformer,Advanced,Elevated,High,2.2847319317591723,7,5.345537347126534,7.0174538343883475
Proposed CNN-Transformer,Advanced,Elevated,High,2.2847319317591723,8,7.752133094323963,6.203611513940111
Proposed CNN-Transformer,Advanced,Elevated,High,2.2847319317591723,9,7.692650044098255,7.412214499052129
Proposed CNN-Transformer,Advanced,Elevated,High,2.2847319317591723,10,7.14327395264012,7.240272097715755
Proposed CNN-Transformer,Advanced,High,Low,2.3021728866442674,1,7.375245453925303,7.681345078826264
Proposed CNN-Transformer,Advanced,High,Low,2.3021728866442674,2,8.94358311241326,6.976857737614789
Proposed CNN-Transformer,Advanced,High,Low,2.3021728866442674,3,8.693779517281305,6.615805958298887
Proposed CNN-Transformer,Advanced,High,Low,2.3021728866442674,4,7.433917554388718,5.714419311296407
Proposed CNN-Transformer,Advanced,High,Low,2.3021728866442674,5,7.841786613937114,6.113123928895996
Proposed CNN-Transformer,Advanced,High,Low,2.3021728866442674,6,9.46682594568196,7.068811936195514
Proposed CNN-Transformer,Advanced,High,Low,2.3021728866442674,7,6.403392729754819,6.840401930327069
Proposed CNN-Transformer,Advanced,High,Low,2.3021728866442674,8,7.213157923770005,6.352601454390553
Proposed CNN-Transformer,Advanced,High,Low,2.3021728866442674,9,7.946664952799697,6.7544251408383165
Proposed CNN-Transformer,Advanced,High,Low,2.3021728866442674,10,7.944775105642524,6.275731017514466
Proposed CNN-Transformer,Advanced,High,Reduced,1.9924858845171274,1,5.290121181802608,6.427316555300113
Proposed CNN-Transformer,Advanced,High,Reduced,1.9924858845171274,2,7.843073772613296,7.566965831785356
Proposed CNN-Transformer,Advanced,High,Reduced,1.9924858845171274,3,5.634199920533232,5.400339600045141
Proposed CNN-Transformer,Advanced,High,Reduced,1.9924858845171274,4,7.877422019518343,6.746680689612999
Proposed CNN-Transformer,Advanced,High,Reduced,1.9924858845171274,5,7.070110688131729,6.623217192300264
Proposed CNN-Transformer,Advanced,High,Reduced,1.9924858845171274,6,7.376775673588143,6.043523554295891
Proposed CNN-Transformer,Advanced,High,Reduced,1.9924858845171274,7,7.918608864164673,6.001484385593053
Proposed CNN-Transformer,Advanced,High,Reduced,1.9924858845171274,8,7.154933599064968,7.413798623500141
Proposed CNN-Transformer,Advanced,High,Reduced,1.9924858845171274,9,6.347346808666193,5.94457176382058
Proposed CNN-Transformer,Advanced,High,Reduced,1.9924858845171274,10,7.95009019515978,5.208448770696087
Proposed CNN-Transformer,Advanced,High,Normal,1.9,1,7.884260143412127,6.9146240701585775
Proposed CNN-Transformer,Advanced,High,Normal,1.9,2,7.918562840346999,6.098753291992505
Proposed CNN-Transformer,Advanced,High,Normal,1.9,3,6.24135382818103,7.795475806793219
Proposed CNN-Transformer,Advanced,High,Normal,1.9,4,5.81656549394318,6.144102861400991
Proposed CNN-Transformer,Advanced,High,Normal,1.9,5,6.614813703161114,4.895483015624609
Proposed CNN-Transformer,Advanced,High,Normal,1.9,6,8.438308827285953,7.09277349825026
Proposed CNN-Transformer,Advanced,High,Normal,1.9,7,6.64665153333843,6.803904203102525
Proposed CNN-Transformer,Advanced,High,Normal,1.9,8,6.864657419512498,6.197924975220502
Proposed CNN-Transformer,Advanced,High,Normal,1.9,9,7.278596857356938,5.395715343983665
Proposed CNN-Transformer,Advanced,High,Normal,1.9,10,8.115403043801892,4.096461467444169
Proposed CNN-Transformer,Advanced,High,Elevated,2.1470910553583886,1,8.681470949477069,6.676405888732711
Proposed CNN-Transformer,Advanced,High,Elevated,2.1470910553583886,2,6.758181767556229,8.24042483657252
Proposed CNN-Transformer,Advanced,High,Elevated,2.1470910553583886,3,5.891052951220048,6.129858352950267
Proposed CNN-Transformer,Advanced,High,Elevated,2.1470910553583886,4,7.647252309116701,6.039136997250586
Proposed CNN-Transformer,Advanced,High,Elevated,2.1470910553583886,5,7.866517544254231,7.040257678701335
Proposed CNN-Transformer,Advanced,High,Elevated,2.1470910553583886,6,7.1823053476501935,6.5908992762721885
Proposed CNN-Transformer,Advanced,High,Elevated,2.1470910553583886,7,8.226901556088004,7.158810752164952
Proposed CNN-Transformer,Advanced,High,Elevated,2.1470910553583886,8,6.55701172540715,7.664854367580529
Proposed CNN-Transformer,Advanced,High,Elevated,2.1470910553583886,9,6.893378457596038,6.125864340602053
Proposed CNN-Transformer,Advanced,High,Elevated,2.1470910553583886,10,5.224687036208394,6.555691496305749
Proposed CNN-Transformer,Advanced,High,High,2.831960451701259,1,9.065139986031296,7.8308773573010475
Proposed CNN-Transformer,Advanced,High,High,2.831960451701259,2,8.24945705466143,8.859074267492428
Proposed CNN-Transformer,Advanced,High,High,2.831960451701259,3,8.76037930162654,8.369803518641787
Proposed CNN-Transformer,Advanced,High,High,2.831960451701259,4,9.93607046514879,6.929603019805065
Proposed CNN-Transformer,Advanced,High,High,2.831960451701259,5,8.824423085030908,8.677985763711286
Proposed CNN-Transformer,Advanced,High,High,2.831960451701259,6,10.406745735442389,7.243400497292326
Proposed CNN-Transformer,Advanced,High,High,2.831960451701259,7,9.35125964873399,8.461670773852006
Proposed CNN-Transformer,Advanced,High,High,2.831960451701259,8,5.7554675290652035,8.034712238592869
Proposed CNN-Transformer,Advanced,High,High,2.831960451701259,9,8.32542052755845,6.554056445389189
Proposed CNN-Transformer,Advanced,High,High,2.831960451701259,10,10.259878849653969,8.256213031278543
Fixed-speed baseline,Mild,Low,Low,2.1400934559032696,1,14.426693509070653,13.867000716939017
Fixed-speed baseline,Mild,Low,Low,2.1400934559032696,2,14.371566695399546,13.533850635137417
Fixed-speed baseline,Mild,Low,Low,2.1400934559032696,3,13.585892809893531,20.015483620412333
Fixed-speed baseline,Mild,Low,Low,2.1400934559032696,4,13.708886450489919,15.315614582627601
Fixed-speed baseline,Mild,Low,Low,2.1400934559032696,5,11.758043073905279,18.29262311609407
Fixed-speed baseline,Mild,Low,Low,2.1400934559032696,6,14.873516135834182,19.38677476917002
Fixed-speed baseline,Mild,Low,Low,2.1400934559032696,7,14.843174698605251,20.17606183017021
Fixed-speed baseline,Mild,Low,Low,2.1400934559032696,8,12.425418454186019,17.921800767114394
Fixed-speed baseline,Mild,Low,Low,2.1400934559032696,9,14.47849571117834,15.059862417390475
Fixed-speed baseline,Mild,Low,Low,2.1400934559032696,10,14.074553560281222,18.040920225300063
Fixed-speed baseline,Mild,Low,Reduced,1.8027756377319946,1,13.567533206214554,17.876840834875694
Fixed-speed baseline,Mild,Low,Reduced,1.8027756377319946,2,13.243782387077424,15.890577781243957
Fixed-speed baseline,Mild,Low,Reduced,1.8027756377319946,3,13.138636117032165,15.359127881774613
Fixed-speed baseline,Mild,Low,Reduced,1.8027756377319946,4,12.419128411973471,12.926910343879975
Fixed-speed baseline,Mild,Low,Reduced,1.8027756377319946,5,12.201220634264603,12.52377468140595
Fixed-speed baseline,Mild,Low,Reduced,1.8027756377319946,6,11.397496071067334,18.482614964027135
Fixed-speed baseline,Mild,Low,Reduced,1.8027756377319946,7,12.380416502325053,17.272005106591678
Fixed-speed baseline,Mild,Low,Reduced,1.8027756377319946,8,12.153666826862915,14.665447242918752
Fixed-speed baseline,Mild,Low,Reduced,1.8027756377319946,9,10.985335025629418,14.793864742193357
Fixed-speed baseline,Mild,Low,Reduced,1.8027756377319946,10,12.686053826772476,17.409900851940705
Fixed-speed baseline,Mild,Low,Normal,1.7,1,11.429472913808592,16.83597790016706
Fixed-speed baseline,Mild,Low,Normal,1.7,2,11.739845393690254,15.439116074939797
Fixed-speed baseline,Mild,Low,Normal,1.7,3,9.920103848759746,16.61245735614516
Fixed-speed baseline,Mild,Low,Normal,1.7,4,11.82677020541845,9.782422118150144
Fixed-speed baseline,Mild,Low,Normal,1.7,5,12.837833791442472,14.892615862987835
Fixed-speed baseline,Mild,Low,Normal,1.7,6,14.47793826618375,13.25649501000759
Fixed-speed baseline,Mild,Low,Normal,1.7,7,11.161065854318059,13.26397610440677
Fixed-speed baseline,Mild,Low,Normal,1.7,8,10.947557634089156,16.25695646933723
Fixed-speed baseline,Mild,Low,Normal,1.7,9,11.144283838723329,15.9023613474613
Fixed-speed baseline,Mild,Low,Normal,1.7,10,13.64421712245091,13.651380439619802
Fixed-speed baseline,Mild,Low,Elevated,1.972308292331602,1,10.574408797437755,16.49226108458134
Fixed-speed baseline,Mild,Low,Elevated,1.972308292331602,2,14.136615089470908,14.94025193622904
Fixed-speed baseline,Mild,Low,Elevated,1.972308292331602,3,12.58598855040519,15.56199970882481
Fixed-speed baseline,Mild,Low,Elevated,1.972308292331602,4,13.154222327826503,15.432643873444198
Fixed-speed baseline,Mild,Low,Elevated,1.972308292331602,5,11.316527284189895,16.172563795271955
Fixed-speed baseline,Mild,Low,Elevated,1.972308292331602,6,13.234263251836785,15.906930517876768
Fixed-speed baseline,Mild,Low,Elevated,1.972308292331602,7,13.435364967811514,16.21485651018196
Fixed-speed baseline,Mild,Low,Elevated,1.972308292331602,8,12.228968780771385,15.7441624422226
Fixed-speed baseline,Mild,Low,Elevated,1.972308292331602,9,11.818480697199771,15.666666947871837
Fixed-speed baseline,Mild,Low,Elevated,1.972308292331602,10,12.460158148104632,13.123023750434873
Fixed-speed baseline,Mild,Low,High,2.701851217221259,1,15.048293190742308,20.43015541011795
Fixed-speed baseline,Mild,Low,High,2.701851217221259,2,18.33648458264592,18.75221915857887
Fixed-speed baseline,Mild,Low,High,2.701851217221259,3,13.747289127493081,19.325035162679903
Fixed-speed baseline,Mild,Low,High,2.701851217221259,4,16.054777583824105,14.906352932338207
Fixed-speed baseline,Mild,Low,High,2.701851217221259,5,17.127607580674155,20.550981212039893
Fixed-speed baseline,Mild,Low,High,2.701851217221259,6,17.029448108746976,18.690016649083283
Fixed-speed baseline,Mild,Low,High,2.701851217221259,7,14.931003927022353,18.199229376078137
Fixed-speed baseline,Mild,Low,High,2.701851217221259,8,14.914801442478153,16.15592321528082
Fixed-speed baseline,Mild,Low,High,2.701851217221259,9,16.652984775645905,25.82979377013849
Fixed-speed baseline,Mild,Low,High,2.701851217221259,10,15.476966933069017,20.10941650641575
Fixed-speed baseline,Mild,Reduced,Low,1.5264337522473748,1,12.165769702580652,12.95327818770045
Fixed-speed baseline,Mild,Reduced,Low,1.5264337522473748,2,11.706656783961607,13.159924839517778
Fixed-speed baseline,Mild,Reduced,Low,1.5264337522473748,3,15.333379280122731,14.366353277348454
Fixed-speed baseline,Mild,Reduced,Low,1.5264337522473748,4,12.728504532605943,12.821432079791661
Fixed-speed baseline,Mild,Reduced,Low,1.5264337522473748,5,10.370364821141386,12.167185415440564
Fixed-speed baseline,Mild,Reduced,Low,1.5264337522473748,6,9.750459062754505,12.475848029774395
Fixed-speed baseline,Mild,Reduced,Low,1.5264337522473748,7,9.633892659410936,10.632533220665469
Fixed-speed baseline,Mild,Reduced,Low,1.5264337522473748,8,12.349756946040285,14.067569325655093
Fixed-speed baseline,Mild,Reduced,Low,1.5264337522473748,9,11.532248345096152,11.985271252730497
Fixed-speed baseline,Mild,Reduced,Low,1.5264337522473748,10,12.456946933921978,11.2566111954225
Fixed-speed baseline,Mild,Reduced,Reduced,1.0,1,9.55391538448853,10.305525031185141
Fixed-speed baseline,Mild,Reduced,Reduced,1.0,2,8.234897084148875,16.287817942547175
Fixed-speed baseline,Mild,Reduced,Reduced,1.0,3,9.547857324839537,12.094276174530576
Fixed-speed baseline,Mild,Reduced,Reduced,1.0,4,11.11275782949826,10.847399515207787
Fixed-speed baseline,Mild,Reduced,Reduced,1.0,5,9.969097659665715,13.4221535380523
Fixed-speed baseline,Mild,Reduced,Reduced,1.0,6,9.352873519485303,7.969269920362221
Fixed-speed baseline,Mild,Reduced,Reduced,1.0,7,9.681960218987498,12.975341862524665
Fixed-speed baseline,Mild,Reduced,Reduced,1.0,8,8.572052142108115,15.152964509158625
Fixed-speed baseline,Mild,Reduced,Reduced,1.0,9,8.992515347754463,12.056026006716518
Fixed-speed baseline,Mild,Reduced,Reduced,1.0,10,9.154343702451834,13.63214028231969
Fixed-speed baseline,Mild,Reduced,Normal,0.8,1,9.323508010681103,12.1660863578581
Fixed-speed baseline,Mild,Reduced,Normal,0.8,2,9.576709349694255,11.364060469746912
Fixed-speed baseline,Mild,Reduced,Normal,0.8,3,11.17173984932968,11.599762207769807
Fixed-speed baseline,Mild,Reduced,Normal,0.8,4,8.674065908635303,12.166233135722251
Fixed-speed baseline,Mild,Reduced,Normal,0.8,5,8.59221843640878,9.654650598919986
Fixed-speed baseline,Mild,Reduced,Normal,0.8,6,7.877197834974612,11.913475111310508
Fixed-speed baseline,Mild,Reduced,Normal,0.8,7,10.643030885191266,12.352734237730125
Fixed-speed baseline,Mild,Reduced,Normal,0.8,8,10.399135042045502,11.503001867698448
Fixed-speed baseline,Mild,Reduced,Normal,0.8,9,9.167019600364593,12.704936352279761
Fixed-speed baseline,Mild,Reduced,Normal,0.8,10,9.632638757442002,11.244155420144605
Fixed-speed baseline,Mild,Reduced,Elevated,1.2806248474865698,1,10.07470346046666,10.646104506954538
Fixed-speed baseline,Mild,Reduced,Elevated,1.2806248474865698,2,8.70737870541953,9.92691768522867
Fixed-speed baseline,Mild,Reduced,Elevated,1.2806248474865698,3,10.12867759402026,11.590967301772473
Fixed-speed baseline,Mild,Reduced,Elevated,1.2806248474865698,4,11.052579226030302,15.478868312639385
Fixed-speed baseline,Mild,Reduced,Elevated,1.2806248474865698,5,10.936783071303147,11.387855241804937
Fixed-speed baseline,Mild,Reduced,Elevated,1.2806248474865698,6,9.174629194597419,10.246441890585462
Fixed-speed baseline,Mild,Reduced,Elevated,1.2806248474865698,7,7.393087836994479,14.855843869182118
Fixed-speed baseline,Mild,Reduced,Elevated,1.2806248474865698,8,10.68640548914659,12.966725441248958
Fixed-speed baseline,Mild,Reduced,Elevated,1.2806248474865698,9,9.38976936331701,13.287787134092667
Fixed-speed baseline,Mild,Reduced,Elevated,1.2806248474865698,10,9.685569395260702,15.438025937603282
Fixed-speed baseline,Mild,Reduced,High,2.247220505424423,1,13.126189570767147,14.010118583967758
Fixed-speed baseline,Mild,Reduced,High,2.247220505424423,2,15.14223887261488,17.02133119778238
Fixed-speed baseline,Mild,Reduced,High,2.247220505424423,3,14.760284859479903,16.834652590223765
Fixed-speed baseline,Mild,Reduced,High,2.247220505424423,4,13.808775138262126,17.320951964882294
Fixed-speed baseline,Mild,Reduced,High,2.247220505424423,5,16.422567001812695,14.711855159996889
Fixed-speed baseline,Mild,Reduced,High,2.247220505424423,6,15.474247093843159,18.17873625470503
Fixed-speed baseline,Mild,Reduced,High,2.247220505424423,7,12.053216969538472,22.585772828528167
Fixed-speed baseline,Mild,Reduced,High,2.247220505424423,8,12.269959367608108,15.500204230655926
Fixed-speed baseline,Mild,Reduced,High,2.247220505424423,9,12.927071619282252,16.726441055177787
Fixed-speed baseline,Mild,Reduced,High,2.247220505424423,10,12.011313742432089,16.14825109303952
Fixed-speed baseline,Mild,Normal,Low,1.3,1,10.140536721938924,12.19459719511173
Fixed-speed baseline,Mild,Normal,Low,1.3,2,10.839729458516095,16.090212234924014
Fixed-speed baseline,Mild,Normal,Low,1.3,3,8.731692301407845,14.34404588328398
Fixed-speed baseline,Mild,Normal,Low,1.3,4,10.303981091156212,14.984964442128323
Fixed-speed baseline,Mild,Normal,Low,1.3,5,8.44794455705377,15.841000247676781
Fixed-speed baseline,Mild,Normal,Low,1.3,6,13.893033720386686,13.354928742877505
Fixed-speed baseline,Mild,Normal,Low,1.3,7,10.288238106040048,10.953850671052882
Fixed-speed baseline,Mild,Normal,Low,1.3,8,11.653011914293566,14.169774618395968
Fixed-speed baseline,Mild,Normal,Low,1.3,9,9.293028108697749,12.309654941889567
Fixed-speed baseline,Mild,Normal,Low,1.3,10,11.668728927210026,11.225611804497039
Fixed-speed baseline,Mild,Normal,Reduced,0.6,1,8.104752291168134,12.233913277400795
Fixed-speed baseline,Mild,Normal,Reduced,0.6,2,9.681871372719053,14.473005055016328
Fixed-speed baseline,Mild,Normal,Reduced,0.6,3,6.117757717339849,12.215417079125315
Fixed-speed baseline,Mild,Normal,Reduced,0.6,4,8.06770824340475,11.20435138322156
Fixed-speed baseline,Mild,Normal,Reduced,0.6,5,10.810506642798682,9.517841980154698
Fixed-speed baseline,Mild,Normal,Reduced,0.6,6,9.008873570287003,11.811988291886552
Fixed-speed baseline,Mild,Normal,Reduced,0.6,7,9.111404703827619,11.572130647652825
Fixed-speed baseline,Mild,Normal,Reduced,0.6,8,9.45972565283141,11.958052100242986
Fixed-speed baseline,Mild,Normal,Reduced,0.6,9,9.335851280433332,9.299871334720667
Fixed-speed baseline,Mild,Normal,Reduced,0.6,10,9.919221111022448,11.02983703636743
Fixed-speed baseline,Mild,Normal,Normal,0.0,1,8.20676323270906,7.476357259293316
Fixed-speed baseline,Mild,Normal,Normal,0.0,2,5.440716742691607,9.504147698005662
Fixed-speed baseline,Mild,Normal,Normal,0.0,3,6.956502267521142,9.7026588600144
Fixed-speed baseline,Mild,Normal,Normal,0.0,4,5.945464303350514,11.61620707645476
Fixed-speed baseline,Mild,Normal,Normal,0.0,5,5.844607882499177,9.49328481695467
Fixed-speed baseline,Mild,Normal,Normal,0.0,6,6.591001633164051,8.352210134082432
Fixed-speed baseline,Mild,Normal,Normal,0.0,7,5.1427704446120375,9.343301404289782
Fixed-speed baseline,Mild,Normal,Normal,0.0,8,7.444886292484469,7.8381060564260245
Fixed-speed baseline,Mild,Normal,Normal,0.0,9,7.372052410383597,9.905954308983183
Fixed-speed baseline,Mild,Normal,Normal,0.0,10,5.938241976244827,9.470163027728287
Fixed-speed baseline,Mild,Normal,Elevated,1.0,1,8.222026926541,12.586368044209681
Fixed-speed baseline,Mild,Normal,Elevated,1.0,2,8.774176842846485,11.160282030975006
Fixed-speed baseline,Mild,Normal,Elevated,1.0,3,9.32583555604324,11.854748814685617
Fixed-speed baseline,Mild,Normal,Elevated,1.0,4,7.569514916841392,12.296819225126022
Fixed-speed baseline,Mild,Normal,Elevated,1.0,5,9.300466438272778,13.98139565233129
Fixed-speed baseline,Mild,Normal,Elevated,1.0,6,8.579568003489548,13.025921212686958
Fixed-speed baseline,Mild,Normal,Elevated,1.0,7,10.47898202150192,11.491730103677659
Fixed-speed baseline,Mild,Normal,Elevated,1.0,8,9.733142820488885,8.771756840910497
Fixed-speed baseline,Mild,Normal,Elevated,1.0,9,9.818624261141018,11.397679626844756
Fixed-speed baseline,Mild,Normal,Elevated,1.0,10,9.754868524678326,11.749467401683393
Fixed-speed baseline,Mild,Normal,High,2.1,1,13.179964781156393,18.868885981261304
Fixed-speed baseline,Mild,Normal,High,2.1,2,13.2473181576527,17.0769036543227
Fixed-speed baseline,Mild,Normal,High,2.1,3,14.908026245754177,21.98745673976549
Fixed-speed baseline,Mild,Normal,High,2.1,4,12.026795607817814,16.199273256056525
Fixed-speed baseline,Mild,Normal,High,2.1,5,12.81161364474286,14.578673894319284
Fixed-speed baseline,Mild,Normal,High,2.1,6,12.820663752098248,20.03235600694933
Fixed-speed baseline,Mild,Normal,High,2.1,7,12.208152797728063,19.38725016149396
Fixed-speed baseline,Mild,Normal,High,2.1,8,15.177997603117882,18.65752708646636
Fixed-speed baseline,Mild,Normal,High,2.1,9,12.605295615019934,18.10926616386125
Fixed-speed baseline,Mild,Normal,High,2.1,10,13.706027608269205,19.01207444992225
Fixed-speed baseline,Mild,Elevated,Low,1.5811388300841898,1,13.079538181291321,14.336794847319
Fixed-speed baseline,Mild,Elevated,Low,1.5811388300841898,2,12.480612908248352,14.675531292739418
Fixed-speed baseline,Mild,Elevated,Low,1.5811388300841898,3,9.496532466006627,17.093007199639306
Fixed-speed baseline,Mild,Elevated,Low,1.5811388300841898,4,11.33680199173319,14.913408738691583
Fixed-speed baseline,Mild,Elevated,Low,1.5811388300841898,5,13.558206402229233,16.115601131852216
Fixed-speed baseline,Mild,Elevated,Low,1.5811388300841898,6,8.951034869234736,13.97380510161333
Fixed-speed baseline,Mild,Elevated,Low,1.5811388300841898,7,14.04422561460353,10.539598859763796
Fixed-speed baseline,Mild,Elevated,Low,1.5811388300841898,8,11.665357556094095,14.782882638852815
Fixed-speed baseline,Mild,Elevated,Low,1.5811388300841898,9,12.380613668549245,11.109247879665025
Fixed-speed baseline,Mild,Elevated,Low,1.5811388300841898,10,12.310827978797569,11.568611402356991
Fixed-speed baseline,Mild,Elevated,Reduced,1.0816653826391966,1,10.267918420107238,11.377187069191034
Fixed-speed baseline,Mild,Elevated,Reduced,1.0816653826391966,2,9.176722963928087,12.442020567228159
Fixed-speed baseline,Mild,Elevated,Reduced,1.0816653826391966,3,10.62133880466392,13.76282774258708
Fixed-speed baseline,Mild,Elevated,Reduced,1.0816653826391966,4,11.046467483721539,11.389672334775732
Fixed-speed baseline,Mild,Elevated,Reduced,1.0816653826391966,5,10.972318470275944,13.23432263385595
Fixed-speed baseline,Mild,Elevated,Reduced,1.0816653826391966,6,9.695628935561555,14.321550954349792
Fixed-speed baseline,Mild,Elevated,Reduced,1.0816653826391966,7,9.694212676334795,13.915390164060296
Fixed-speed baseline,Mild,Elevated,Reduced,1.0816653826391966,8,9.917107788867922,9.426685332676204
Fixed-speed baseline,Mild,Elevated,Reduced,1.0816653826391966,9,10.00378695429865,11.190328293397869
Fixed-speed baseline,Mild,Elevated,Reduced,1.0816653826391966,10,9.525497930991198,11.368361784667108
Fixed-speed baseline,Mild,Elevated,Normal,0.9,1,10.71769089975037,11.71279406526938
Fixed-speed baseline,Mild,Elevated,Normal,0.9,2,11.095892039485895,14.285439422691715
Fixed-speed baseline,Mild,Elevated,Normal,0.9,3,9.554428498089027,9.951511139099894
Fixed-speed baseline,Mild,Elevated,Normal,0.9,4,10.939809143753715,9.359332074285764
Fixed-speed baseline,Mild,Elevated,Normal,0.9,5,7.1959315141919316,13.488705373938206
Fixed-speed baseline,Mild,Elevated,Normal,0.9,6,9.143362011447355,11.955581491762151
Fixed-speed baseline,Mild,Elevated,Normal,0.9,7,7.16643892438886,14.321094054710725
Fixed-speed baseline,Mild,Elevated,Normal,0.9,8,7.7421623292972415,13.097700217531747
Fixed-speed baseline,Mild,Elevated,Normal,0.9,9,10.542551009225537,10.625688075672514
Fixed-speed baseline,Mild,Elevated,Normal,0.9,10,9.792624598486539,13.753366119069273
Fixed-speed baseline,Mild,Elevated,Elevated,1.3453624047073711,1,10.637726170343857,16.531881604220477
Fixed-speed baseline,Mild,Elevated,Elevated,1.3453624047073711,2,10.215202782529065,12.730619118306452
Fixed-speed baseline,Mild,Elevated,Elevated,1.3453624047073711,3,8.273490449020152,14.97276461068516
Fixed-speed baseline,Mild,Elevated,Elevated,1.3453624047073711,4,11.770015663968131,15.4538896220937
Fixed-speed baseline,Mild,Elevated,Elevated,1.3453624047073711,5,12.29478518784256,12.171680155620932
Fixed-speed baseline,Mild,Elevated,Elevated,1.3453624047073711,6,12.310646276177938,12.803270835080657
Fixed-speed baseline,Mild,Elevated,Elevated,1.3453624047073711,7,12.95538999811433,15.556376768847862
Fixed-speed baseline,Mild,Elevated,Elevated,1.3453624047073711,8,9.42484100990132,14.424135260387473
Fixed-speed baseline,Mild,Elevated,Elevated,1.3453624047073711,9,10.488975673330229,13.516601239295426
Fixed-speed baseline,Mild,Elevated,Elevated,1.3453624047073711,10,12.024901916094775,15.985993111465918
Fixed-speed baseline,Mild,Elevated,High,2.2847319317591723,1,11.511187214759804,14.801846483454518
Fixed-speed baseline,Mild,Elevated,High,2.2847319317591723,2,16.876396946146485,15.984992094934496
Fixed-speed baseline,Mild,Elevated,High,2.2847319317591723,3,14.71104878738887,18.305757715472186
Fixed-speed baseline,Mild,Elevated,High,2.2847319317591723,4,12.698263939986266,20.195868157353715
Fixed-speed baseline,Mild,Elevated,High,2.2847319317591723,5,16.089036627238283,20.124814497837836
Fixed-speed baseline,Mild,Elevated,High,2.2847319317591723,6,13.424378999871873,19.41295701207702
Fixed-speed baseline,Mild,Elevated,High,2.2847319317591723,7,12.612992561740409,18.548939405528643
Fixed-speed baseline,Mild,Elevated,High,2.2847319317591723,8,13.674150616845594,16.372805106943865
Fixed-speed baseline,Mild,Elevated,High,2.2847319317591723,9,14.316512558094828,10.155629275714915
Fixed-speed baseline,Mild,Elevated,High,2.2847319317591723,10,13.887604211114695,18.092859078937252
Fixed-speed baseline,Mild,High,Low,2.3021728866442674,1,14.036004507285831,19.183559916471943
Fixed-speed baseline,Mild,High,Low,2.3021728866442674,2,15.290943338123043,13.705386592646885
Fixed-speed baseline,Mild,High,Low,2.3021728866442674,3,14.189858486789424,17.617371553937346
Fixed-speed baseline,Mild,High,Low,2.3021728866442674,4,16.447245470347788,15.909795547819748
Fixed-speed baseline,Mild,High,Low,2.3021728866442674,5,14.880372231769103,18.118756176955873
Fixed-speed baseline,Mild,High,Low,2.3021728866442674,6,14.8549784231995,16.830087978529985
Fixed-speed baseline,Mild,High,Low,2.3021728866442674,7,13.983958163782656,22.947174252023043
Fixed-speed baseline,Mild,High,Low,2.3021728866442674,8,14.462648555549945,17.963703354572974
Fixed-speed baseline,Mild,High,Low,2.3021728866442674,9,17.455429472814036,14.675532814732225
Fixed-speed baseline,Mild,High,Low,2.3021728866442674,10,11.995417222000478,20.500075744891067
Fixed-speed baseline,Mild,High,Reduced,1.9924858845171274,1,11.324509767460905,20.05811864327593
Fixed-speed baseline,Mild,High,Reduced,1.9924858845171274,2,15.919467857588685,15.036277070252158
Fixed-speed baseline,Mild,High,Reduced,1.9924858845171274,3,12.056330524925027,16.468074885139224
Fixed-speed baseline,Mild,High,Reduced,1.9924858845171274,4,13.720662582524556,11.897289985635782
Fixed-speed baseline,Mild,High,Reduced,1.9924858845171274,5,14.006134470737136,18.644473805204697
Fixed-speed baseline,Mild,High,Reduced,1.9924858845171274,6,12.63683790208782,13.065471255064967
Fixed-speed baseline,Mild,High,Reduced,1.9924858845171274,7,12.82323250875755,15.915697098970677
Fixed-speed baseline,Mild,High,Reduced,1.9924858845171274,8,12.588666647610584,15.503131659049588
Fixed-speed baseline,Mild,High,Reduced,1.9924858845171274,9,15.531052076826558,18.0918303308725
Fixed-speed baseline,Mild,High,Reduced,1.9924858845171274,10,11.418389287508337,17.925214233979915
Fixed-speed baseline,Mild,High,Normal,1.9,1,11.37367767660032,16.826624250918982
Fixed-speed baseline,Mild,High,Normal,1.9,2,15.356883522133291,17.79064524624144
Fixed-speed baseline,Mild,High,Normal,1.9,3,14.857126012962372,17.820747224245522
Fixed-speed baseline,Mild,High,Normal,1.9,4,10.85613003983215,16.454985362088312
Fixed-speed baseline,Mild,High,Normal,1.9,5,10.76612363570524,18.54408233670123
Fixed-speed baseline,Mild,High,Normal,1.9,6,12.039766740885893,13.98552569503333
Fixed-speed baseline,Mild,High,Normal,1.9,7,13.268250366656288,17.698343007618217
Fixed-speed baseline,Mild,High,Normal,1.9,8,10.773631716835943,15.96483110830283
Fixed-speed baseline,Mild,High,Normal,1.9,9,11.158808014952868,15.817682187369256
Fixed-speed baseline,Mild,High,Normal,1.9,10,14.703359248592022,16.819725387068925
Fixed-speed baseline,Mild,High,Elevated,2.1470910553583886,1,12.705337373050318,11.547114896905509
Fixed-speed baseline,Mild,High,Elevated,2.1470910553583886,2,15.291521714888566,17.84620016566899
Fixed-speed baseline,Mild,High,Elevated,2.1470910553583886,3,14.447906303476001,16.52420912829136
Fixed-speed baseline,Mild,High,Elevated,2.1470910553583886,4,15.709819775081588,16.222669735134673
Fixed-speed baseline,Mild,High,Elevated,2.1470910553583886,5,13.347933808607747,18.618199544464463
Fixed-speed baseline,Mild,High,Elevated,2.1470910553583886,6,14.286371044450057,18.085037406294052
Fixed-speed baseline,Mild,High,Elevated,2.1470910553583886,7,12.959245093768219,15.986787055174846
Fixed-speed baseline,Mild,High,Elevated,2.1470910553583886,8,11.962200243033264,14.798277632859346
Fixed-speed baseline,Mild,High,Elevated,2.1470910553583886,9,15.353678679171495,18.367970732962576
Fixed-speed baseline,Mild,High,Elevated,2.1470910553583886,10,13.76999555474741,17.219910355586308
Fixed-speed baseline,Mild,High,High,2.831960451701259,1,20.549915841366396,21.46346535836262
Fixed-speed baseline,Mild,High,High,2.831960451701259,2,16.47216725250572,18.088173507336833
Fixed-speed baseline,Mild,High,High,2.831960451701259,3,14.75003787149029,19.08972373337403
Fixed-speed baseline,Mild,High,High,2.831960451701259,4,12.220486252028532,17.279474292658424
Fixed-speed baseline,Mild,High,High,2.831960451701259,5,16.371889699657462,17.4429435167274
Fixed-speed baseline,Mild,High,High,2.831960451701259,6,17.796912807770443,19.01317839222103
Fixed-speed baseline,Mild,High,High,2.831960451701259,7,15.689631632557074,21.38574407068297
Fixed-speed baseline,Mild,High,High,2.831960451701259,8,16.89325473093246,19.83913999376451
Fixed-speed baseline,Mild,High,High,2.831960451701259,9,17.58795368156829,20.16132109765641
Fixed-speed baseline,Mild,High,High,2.831960451701259,10,12.940178313722162,21.34791863609943
Fixed-speed baseline,Moderate,Low,Low,2.1400934559032696,1,15.050951300845346,12.96265482392842
Fixed-speed baseline,Moderate,Low,Low,2.1400934559032696,2,17.044323625300773,14.843834797029675
Fixed-speed baseline,Moderate,Low,Low,2.1400934559032696,3,13.201785610042993,18.541471530566344
Fixed-speed baseline,Moderate,Low,Low,2.1400934559032696,4,15.35002410683101,17.817673370985418
Fixed-speed baseline,Moderate,Low,Low,2.1400934559032696,5,16.484043016041635,14.629427366477397
Fixed-speed baseline,Moderate,Low,Low,2.1400934559032696,6,14.36705309045779,16.091973681137606
Fixed-speed baseline,Moderate,Low,Low,2.1400934559032696,7,15.711514820951738,18.340266922459342
Fixed-speed baseline,Moderate,Low,Low,2.1400934559032696,8,13.539625817618989,16.917720149507527
Fixed-speed baseline,Moderate,Low,Low,2.1400934559032696,9,16.490766552227424,18.597060372961725
Fixed-speed baseline,Moderate,Low,Low,2.1400934559032696,10,16.694737498189678,19.406767101419344
Fixed-speed baseline,Moderate,Low,Reduced,1.8027756377319946,1,13.915488180222884,16.28587843678669
Fixed-speed baseline,Moderate,Low,Reduced,1.8027756377319946,2,14.233792007835302,14.204826310129611
Fixed-speed baseline,Moderate,Low,Reduced,1.8027756377319946,3,13.12673102734834,15.285008534081044
Fixed-speed baseline,Moderate,Low,Reduced,1.8027756377319946,4,15.542070453533137,14.619951328475114
Fixed-speed baseline,Moderate,Low,Reduced,1.8027756377319946,5,11.26766087150309,14.445821489468734
Fixed-speed baseline,Moderate,Low,Reduced,1.8027756377319946,6,13.967596326642727,18.616393019491152
Fixed-speed baseline,Moderate,Low,Reduced,1.8027756377319946,7,15.270200982681626,17.251286218307115
Fixed-speed baseline,Moderate,Low,Reduced,1.8027756377319946,8,13.941794334202887,19.73430323078311
Fixed-speed baseline,Moderate,Low,Reduced,1.8027756377319946,9,14.643260727067815,21.5694945144326
Fixed-speed baseline,Moderate,Low,Reduced,1.8027756377319946,10,13.410775851435398,18.701477411298193
Fixed-speed baseline,Moderate,Low,Normal,1.7,1,10.66835619167243,17.34711245578347
Fixed-speed baseline,Moderate,Low,Normal,1.7,2,13.615979334139821,16.41520983675644
Fixed-speed baseline,Moderate,Low,Normal,1.7,3,13.72869898060829,18.526229912213562
Fixed-speed baseline,Moderate,Low,Normal,1.7,4,14.607074524011866,16.283863304453263
Fixed-speed baseline,Moderate,Low,Normal,1.7,5,13.337241837597654,15.933558144837683
Fixed-speed baseline,Moderate,Low,Normal,1.7,6,12.658433944198917,18.767266927937577
Fixed-speed baseline,Moderate,Low,Normal,1.7,7,14.420049982397307,17.35383166718895
Fixed-speed baseline,Moderate,Low,Normal,1.7,8,15.001498993933655,15.530700283132948
Fixed-speed baseline,Moderate,Low,Normal,1.7,9,14.590097595577666,16.37645000718495
Fixed-speed baseline,Moderate,Low,Normal,1.7,10,13.673013830340583,13.92502403475753
Fixed-speed baseline,Moderate,Low,Elevated,1.972308292331602,1,15.699995818769633,21.101579274567214
Fixed-speed baseline,Moderate,Low,Elevated,1.972308292331602,2,12.746409929249717,16.53017654492942
Fixed-speed baseline,Moderate,Low,Elevated,1.972308292331602,3,13.789521905430858,17.73164801161414
Fixed-speed baseline,Moderate,Low,Elevated,1.972308292331602,4,15.285426951493417,17.358206707913105
Fixed-speed baseline,Moderate,Low,Elevated,1.972308292331602,5,13.586388298635061,17.464901003965164
Fixed-speed baseline,Moderate,Low,Elevated,1.972308292331602,6,16.388474819065852,18.19260055863686
Fixed-speed baseline,Moderate,Low,Elevated,1.972308292331602,7,13.762605186355636,16.41884332543355
Fixed-speed baseline,Moderate,Low,Elevated,1.972308292331602,8,16.297318139919742,18.784973352295683
Fixed-speed baseline,Moderate,Low,Elevated,1.972308292331602,9,12.501658975201682,15.947465907013804
Fixed-speed baseline,Moderate,Low,Elevated,1.972308292331602,10,11.953819799814111,16.119534339936557
Fixed-speed baseline,Moderate,Low,High,2.701851217221259,1,17.283148954373505,19.078593580136996
Fixed-speed baseline,Moderate,Low,High,2.701851217221259,2,14.426368147229956,22.28623758941084
Fixed-speed baseline,Moderate,Low,High,2.701851217221259,3,14.17106347294645,20.717262121440072
Fixed-speed baseline,Moderate,Low,High,2.701851217221259,4,13.882032096404457,21.93805484788666
Fixed-speed baseline,Moderate,Low,High,2.701851217221259,5,16.519491427825624,20.862076121856674
Fixed-speed baseline,Moderate,Low,High,2.701851217221259,6,15.053213247036101,20.14946202342202
Fixed-speed baseline,Moderate,Low,High,2.701851217221259,7,18.197629833525422,23.423450506110488
Fixed-speed baseline,Moderate,Low,High,2.701851217221259,8,18.16147905109009,20.361586223113235
Fixed-speed baseline,Moderate,Low,High,2.701851217221259,9,19.07445602255675,21.642093477110166
Fixed-speed baseline,Moderate,Low,High,2.701851217221259,10,14.21138329082119,27.46918288836906
Fixed-speed baseline,Moderate,Reduced,Low,1.5264337522473748,1,11.743094718594135,16.068601497108077
Fixed-speed baseline,Moderate,Reduced,Low,1.5264337522473748,2,11.789525594829595,18.602009120950715
Fixed-speed baseline,Moderate,Reduced,Low,1.5264337522473748,3,11.10868763956847,15.789127921479816
Fixed-speed baseline,Moderate,Reduced,Low,1.5264337522473748,4,15.705124985417505,11.435684857769935
Fixed-speed baseline,Moderate,Reduced,Low,1.5264337522473748,5,14.07719873763043,18.708185845548474
Fixed-speed baseline,Moderate,Reduced,Low,1.5264337522473748,6,15.50401620291709,13.180237514110006
Fixed-speed baseline,Moderate,Reduced,Low,1.5264337522473748,7,12.98317274233305,17.709748059755476
Fixed-speed baseline,Moderate,Reduced,Low,1.5264337522473748,8,10.767184606370515,12.047048898952628
Fixed-speed baseline,Moderate,Reduced,Low,1.5264337522473748,9,13.546435693647108,16.33153500419751
Fixed-speed baseline,Moderate,Reduced,Low,1.5264337522473748,10,16.156014202627574,15.895641452202389
Fixed-speed baseline,Moderate,Reduced,Reduced,1.0,1,13.434169583144499,13.497736617474088
Fixed-speed baseline,Moderate,Reduced,Reduced,1.0,2,11.07360469947048,14.979556887810038
Fixed-speed baseline,Moderate,Reduced,Reduced,1.0,3,11.375920946973464,11.551704023883314
Fixed-speed baseline,Moderate,Reduced,Reduced,1.0,4,11.137631712159084,15.651039090408574
Fixed-speed baseline,Moderate,Reduced,Reduced,1.0,5,12.399586218986498,13.616574682433164
Fixed-speed baseline,Moderate,Reduced,Reduced,1.0,6,9.113868274269397,14.073561730727132
Fixed-speed baseline,Moderate,Reduced,Reduced,1.0,7,10.13871537886616,12.126333786147166
Fixed-speed baseline,Moderate,Reduced,Reduced,1.0,8,8.978634684967197,14.958591434187317
Fixed-speed baseline,Moderate,Reduced,Reduced,1.0,9,10.331895791455112,16.97175013420997
Fixed-speed baseline,Moderate,Reduced,Reduced,1.0,10,11.23661422234414,12.596388507844283
Fixed-speed baseline,Moderate,Reduced,Normal,0.8,1,9.604732363448491,10.74858119165561
Fixed-speed baseline,Moderate,Reduced,Normal,0.8,2,9.009850885472403,16.070271320006093
Fixed-speed baseline,Moderate,Reduced,Normal,0.8,3,10.010404699468264,12.680180375509032
Fixed-speed baseline,Moderate,Reduced,Normal,0.8,4,12.59361114982293,13.833141687974585
Fixed-speed baseline,Moderate,Reduced,Normal,0.8,5,10.665065439922017,13.549220578199384
Fixed-speed baseline,Moderate,Reduced,Normal,0.8,6,11.442844456852155,13.783438169968019
Fixed-speed baseline,Moderate,Reduced,Normal,0.8,7,9.876461092089386,14.56385203641255
Fixed-speed baseline,Moderate,Reduced,Normal,0.8,8,8.995630129565804,13.816414453121986
Fixed-speed baseline,Moderate,Reduced,Normal,0.8,9,8.82390431977278,14.397022579452514
Fixed-speed baseline,Moderate,Reduced,Normal,0.8,10,9.097773015592795,13.282714756820562
Fixed-speed baseline,Moderate,Reduced,Elevated,1.2806248474865698,1,13.368663728038014,16.108147096649112
Fixed-speed baseline,Moderate,Reduced,Elevated,1.2806248474865698,2,11.898278595416885,14.554137381591824
Fixed-speed baseline,Moderate,Reduced,Elevated,1.2806248474865698,3,14.479525075915731,15.36322064782086
Fixed-speed baseline,Moderate,Reduced,Elevated,1.2806248474865698,4,12.182128406372936,13.7365963790621
Fixed-speed baseline,Moderate,Reduced,Elevated,1.2806248474865698,5,11.321311620187082,17.425614515860076
Fixed-speed baseline,Moderate,Reduced,Elevated,1.2806248474865698,6,14.299603828424598,11.796421226563037
Fixed-speed baseline,Moderate,Reduced,Elevated,1.2806248474865698,7,12.883541639099146,13.08212314303148
Fixed-speed baseline,Moderate,Reduced,Elevated,1.2806248474865698,8,13.642874380568617,20.30734530470143
Fixed-speed baseline,Moderate,Reduced,Elevated,1.2806248474865698,9,11.008032843203726,12.71797236156678
Fixed-speed baseline,Moderate,Reduced,Elevated,1.2806248474865698,10,13.477171157316592,15.610223440599059
Fixed-speed baseline,Moderate,Reduced,High,2.247220505424423,1,16.56301869564152,22.846790398300232
Fixed-speed baseline,Moderate,Reduced,High,2.247220505424423,2,17.361522490926536,15.938617274609756
Fixed-speed baseline,Moderate,Reduced,High,2.247220505424423,3,15.95098145856832,16.361637219565463
Fixed-speed baseline,Moderate,Reduced,High,2.247220505424423,4,16.55526639027633,20.378911906747373
Fixed-speed baseline,Moderate,Reduced,High,2.247220505424423,5,17.055646310840263,18.80658293998546
Fixed-speed baseline,Moderate,Reduced,High,2.247220505424423,6,14.466751698306519,18.469830919178687
Fixed-speed baseline,Moderate,Reduced,High,2.247220505424423,7,13.02114907662786,11.00930995682941
Fixed-speed baseline,Moderate,Reduced,High,2.247220505424423,8,19.13269889132963,15.556872393064324
Fixed-speed baseline,Moderate,Reduced,High,2.247220505424423,9,13.434231094086133,19.502452131677305
Fixed-speed baseline,Moderate,Reduced,High,2.247220505424423,10,13.946771026026882,21.75118839045736
Fixed-speed baseline,Moderate,Normal,Low,1.3,1,12.27906756192222,13.870298355398399
Fixed-speed baseline,Moderate,Normal,Low,1.3,2,9.945327916612374,18.34803248016583
Fixed-speed baseline,Moderate,Normal,Low,1.3,3,11.165641797603842,15.920634681095732
Fixed-speed baseline,Moderate,Normal,Low,1.3,4,9.827854049217486,17.227216026077937
Fixed-speed baseline,Moderate,Normal,Low,1.3,5,10.930652151764944,12.680157996410419
Fixed-speed baseline,Moderate,Normal,Low,1.3,6,12.538047537125827,17.009050730841075
Fixed-speed baseline,Moderate,Normal,Low,1.3,7,11.614348872337716,17.063658984520746
Fixed-speed baseline,Moderate,Normal,Low,1.3,8,11.352611280111327,11.23546215524863
Fixed-speed baseline,Moderate,Normal,Low,1.3,9,10.22567720381385,17.099318045889635
Fixed-speed baseline,Moderate,Normal,Low,1.3,10,11.757403147648619,11.656690473922271
Fixed-speed baseline,Moderate,Normal,Reduced,0.6,1,7.431098928788939,13.560721094227738
Fixed-speed baseline,Moderate,Normal,Reduced,0.6,2,9.555394317346783,12.31972994773871
Fixed-speed baseline,Moderate,Normal,Reduced,0.6,3,9.465741609936119,10.822992427628352
Fixed-speed baseline,Moderate,Normal,Reduced,0.6,4,10.757212975751058,14.333264709401659
Fixed-speed baseline,Moderate,Normal,Reduced,0.6,5,10.324030153093682,10.642880614956221
Fixed-speed baseline,Moderate,Normal,Reduced,0.6,6,7.150678594266418,13.94865030583486
Fixed-speed baseline,Moderate,Normal,Reduced,0.6,7,10.787015238829023,12.500797785843984
Fixed-speed baseline,Moderate,Normal,Reduced,0.6,8,9.827143019434974,10.028460097377701
Fixed-speed baseline,Moderate,Normal,Reduced,0.6,9,10.127442768153518,11.458916751101981
Fixed-speed baseline,Moderate,Normal,Reduced,0.6,10,6.49303784064019,12.694531143023958
Fixed-speed baseline,Moderate,Normal,Normal,0.0,1,8.594636091334307,9.378319980204875
Fixed-speed baseline,Moderate,Normal,Normal,0.0,2,7.787543639038149,8.300604969440313
Fixed-speed baseline,Moderate,Normal,Normal,0.0,3,8.475564103277922,9.174206987757001
Fixed-speed baseline,Moderate,Normal,Normal,0.0,4,8.051335447655593,10.250305323181053
Fixed-speed baseline,Moderate,Normal,Normal,0.0,5,6.158148139635277,10.492444321385106
Fixed-speed baseline,Moderate,Normal,Normal,0.0,6,6.9355588111226,10.509229471900337
Fixed-speed baseline,Moderate,Normal,Normal,0.0,7,7.686509396565912,12.362203948795216
Fixed-speed baseline,Moderate,Normal,Normal,0.0,8,7.053540288448363,10.956906920425924
Fixed-speed baseline,Moderate,Normal,Normal,0.0,9,7.5615527061647425,12.722298811474065
Fixed-speed baseline,Moderate,Normal,Normal,0.0,10,8.144140202899575,11.387083458081886
Fixed-speed baseline,Moderate,Normal,Elevated,1.0,1,12.547542006655464,12.046837475527507
Fixed-speed baseline,Moderate,Normal,Elevated,1.0,2,10.347771093678052,12.695105404260655
Fixed-speed baseline,Moderate,Normal,Elevated,1.0,3,11.908839561534856,14.758359021471149
Fixed-speed baseline,Moderate,Normal,Elevated,1.0,4,11.766088695986666,16.42272494725171
Fixed-speed baseline,Moderate,Normal,Elevated,1.0,5,10.839924791065284,10.79876029170486
Fixed-speed baseline,Moderate,Normal,Elevated,1.0,6,10.093816288243737,9.648426169006703
Fixed-speed baseline,Moderate,Normal,Elevated,1.0,7,11.027353982332487,13.384847815608689
Fixed-speed baseline,Moderate,Normal,Elevated,1.0,8,11.306976602672663,9.265453424790536
Fixed-speed baseline,Moderate,Normal,Elevated,1.0,9,11.244545019891847,14.59320643024173
Fixed-speed baseline,Moderate,Normal,Elevated,1.0,10,9.734626236824546,19.080008644500467
Fixed-speed baseline,Moderate,Normal,High,2.1,1,14.83472808017348,22.328444281902076
Fixed-speed baseline,Moderate,Normal,High,2.1,2,13.463003133135537,18.529724357218782
Fixed-speed baseline,Moderate,Normal,High,2.1,3,17.39061020838256,22.456767513782562
Fixed-speed baseline,Moderate,Normal,High,2.1,4,13.421720733983639,15.173225794473941
Fixed-speed baseline,Moderate,Normal,High,2.1,5,18.04922504612252,17.32444994927481
Fixed-speed baseline,Moderate,Normal,High,2.1,6,13.240529208600083,17.791475228021504
Fixed-speed baseline,Moderate,Normal,High,2.1,7,12.557004567660686,16.609770927509025
Fixed-speed baseline,Moderate,Normal,High,2.1,8,18.25810904389554,17.566059065329743
Fixed-speed baseline,Moderate,Normal,High,2.1,9,14.775243682269474,18.642768429496627
Fixed-speed baseline,Moderate,Normal,High,2.1,10,13.108783280979962,18.87796540068212
Fixed-speed baseline,Moderate,Elevated,Low,1.5811388300841898,1,13.923378209504637,16.621096135992794
Fixed-speed baseline,Moderate,Elevated,Low,1.5811388300841898,2,12.603581562524486,14.697171569281851
Fixed-speed baseline,Moderate,Elevated,Low,1.5811388300841898,3,14.291535530805227,14.176305860466764
Fixed-speed baseline,Moderate,Elevated,Low,1.5811388300841898,4,12.077326380966962,18.129803061590064
Fixed-speed baseline,Moderate,Elevated,Low,1.5811388300841898,5,12.556444246273491,11.985837817904663
Fixed-speed baseline,Moderate,Elevated,Low,1.5811388300841898,6,13.988595596610912,15.240862448543288
Fixed-speed baseline,Moderate,Elevated,Low,1.5811388300841898,7,12.055743339916438,15.076296794423044
Fixed-speed baseline,Moderate,Elevated,Low,1.5811388300841898,8,12.146670613470103,16.72395184866896
Fixed-speed baseline,Moderate,Elevated,Low,1.5811388300841898,9,13.337595464359955,19.653776860353723
Fixed-speed baseline,Moderate,Elevated,Low,1.5811388300841898,10,13.198652284247736,17.874711919269192
Fixed-speed baseline,Moderate,Elevated,Reduced,1.0816653826391966,1,10.457969987598364,13.148967469802994
Fixed-speed baseline,Moderate,Elevated,Reduced,1.0816653826391966,2,11.872117009581007,14.335159266895268
Fixed-speed baseline,Moderate,Elevated,Reduced,1.0816653826391966,3,11.704191216333902,12.388679586470039
Fixed-speed baseline,Moderate,Elevated,Reduced,1.0816653826391966,4,12.926550681556547,14.058363278414836
Fixed-speed baseline,Moderate,Elevated,Reduced,1.0816653826391966,5,10.865931660715608,13.748030116889312
Fixed-speed baseline,Moderate,Elevated,Reduced,1.0816653826391966,6,11.803237202166779,14.415622060584639
Fixed-speed baseline,Moderate,Elevated,Reduced,1.0816653826391966,7,10.688993702077902,12.00205242592477
Fixed-speed baseline,Moderate,Elevated,Reduced,1.0816653826391966,8,10.551842406947904,14.56698458250139
Fixed-speed baseline,Moderate,Elevated,Reduced,1.0816653826391966,9,12.98326884243448,13.921478064708976
Fixed-speed baseline,Moderate,Elevated,Reduced,1.0816653826391966,10,11.03486058742407,13.148705562441648
Fixed-speed baseline,Moderate,Elevated,Normal,0.9,1,11.005220253115596,13.665093865894391
Fixed-speed baseline,Moderate,Elevated,Normal,0.9,2,10.059089167464,13.724911302594316
Fixed-speed baseline,Moderate,Elevated,Normal,0.9,3,11.706849739615231,15.657631389724008
Fixed-speed baseline,Moderate,Elevated,Normal,0.9,4,11.322934069021056,16.207103477463015
Fixed-speed baseline,Moderate,Elevated,Normal,0.9,5,10.411386148208553,14.778000038759027
Fixed-speed baseline,Moderate,Elevated,Normal,0.9,6,10.637714628816745,12.070337171675504
Fixed-speed baseline,Moderate,Elevated,Normal,0.9,7,10.39376887080411,13.231038794221286
Fixed-speed baseline,Moderate,Elevated,Normal,0.9,8,10.248450828070093,16.425671150390258
Fixed-speed baseline,Moderate,Elevated,Normal,0.9,9,9.811422716830537,16.728001407453938
Fixed-speed baseline,Moderate,Elevated,Normal,0.9,10,11.466902695402005,14.472890942711027
Fixed-speed baseline,Moderate,Elevated,Elevated,1.3453624047073711,1,12.029099822079557,16.90314037063751
Fixed-speed baseline,Moderate,Elevated,Elevated,1.3453624047073711,2,12.114097478514932,17.864475093521683
Fixed-speed baseline,Moderate,Elevated,Elevated,1.3453624047073711,3,10.284246371914929,13.265369393246619
Fixed-speed baseline,Moderate,Elevated,Elevated,1.3453624047073711,4,9.709353348656169,13.0654845865818
Fixed-speed baseline,Moderate,Elevated,Elevated,1.3453624047073711,5,11.303400931298242,15.303924592338225
Fixed-speed baseline,Moderate,Elevated,Elevated,1.3453624047073711,6,11.178217361384082,17.77135557087218
Fixed-speed baseline,Moderate,Elevated,Elevated,1.3453624047073711,7,14.344003938755813,16.787599242883857
Fixed-speed baseline,Moderate,Elevated,Elevated,1.3453624047073711,8,10.456482496064424,18.410447034376148
Fixed-speed baseline,Moderate,Elevated,Elevated,1.3453624047073711,9,9.832907837630744,15.89172556251564
Fixed-speed baseline,Moderate,Elevated,Elevated,1.3453624047073711,10,10.369915339085287,18.16805206495427
Fixed-speed baseline,Moderate,Elevated,High,2.2847319317591723,1,16.069242136435623,18.394436353179934
Fixed-speed baseline,Moderate,Elevated,High,2.2847319317591723,2,14.474299101185444,22.917770493501628
Fixed-speed baseline,Moderate,Elevated,High,2.2847319317591723,3,16.244208181840904,20.21787875288224
Fixed-speed baseline,Moderate,Elevated,High,2.2847319317591723,4,15.812630015515152,19.18226312589071
Fixed-speed baseline,Moderate,Elevated,High,2.2847319317591723,5,15.71893497068503,22.61402303135057
Fixed-speed baseline,Moderate,Elevated,High,2.2847319317591723,6,16.96206119666048,15.34267452153284
Fixed-speed baseline,Moderate,Elevated,High,2.2847319317591723,7,16.1346281503446,22.393630639150842
Fixed-speed baseline,Moderate,Elevated,High,2.2847319317591723,8,17.97405904642112,16.0283852479232
Fixed-speed baseline,Moderate,Elevated,High,2.2847319317591723,9,13.9353953953445,15.940495568047517
Fixed-speed baseline,Moderate,Elevated,High,2.2847319317591723,10,15.040321967079564,19.98349901923701
Fixed-speed baseline,Moderate,High,Low,2.3021728866442674,1,18.666465128001242,18.30300169994888
Fixed-speed baseline,Moderate,High,Low,2.3021728866442674,2,13.83107182653427,16.731243918414926
Fixed-speed baseline,Moderate,High,Low,2.3021728866442674,3,15.547226446479376,19.10205007656138
Fixed-speed baseline,Moderate,High,Low,2.3021728866442674,4,15.388996538353318,19.57446562466291
Fixed-speed baseline,Moderate,High,Low,2.3021728866442674,5,16.222934183791025,18.9885200160552
Fixed-speed baseline,Moderate,High,Low,2.3021728866442674,6,17.983045507209706,21.826547811219676
Fixed-speed baseline,Moderate,High,Low,2.3021728866442674,7,15.1346960779369,19.509169455615975
Fixed-speed baseline,Moderate,High,Low,2.3021728866442674,8,17.507821287244838,17.852386819008547
Fixed-speed baseline,Moderate,High,Low,2.3021728866442674,9,16.66228189281649,15.890085828878817
Fixed-speed baseline,Moderate,High,Low,2.3021728866442674,10,13.795527740332966,22.646624311670262
Fixed-speed baseline,Moderate,High,Reduced,1.9924858845171274,1,12.26117781112423,15.8335217502125
Fixed-speed baseline,Moderate,High,Reduced,1.9924858845171274,2,15.378586746017884,20.75903391086941
Fixed-speed baseline,Moderate,High,Reduced,1.9924858845171274,3,15.619140572055823,16.99785035212805
Fixed-speed baseline,Moderate,High,Reduced,1.9924858845171274,4,15.3019530516719,19.385973072508005
Fixed-speed baseline,Moderate,High,Reduced,1.9924858845171274,5,13.230434555401597,18.04363254343484
Fixed-speed baseline,Moderate,High,Reduced,1.9924858845171274,6,17.62456553303878,12.895377851259768
Fixed-speed baseline,Moderate,High,Reduced,1.9924858845171274,7,16.750326709922724,22.358963812873164
Fixed-speed baseline,Moderate,High,Reduced,1.9924858845171274,8,13.069369002837059,12.646483969460187
Fixed-speed baseline,Moderate,High,Reduced,1.9924858845171274,9,13.865737352963066,20.42929123298519
Fixed-speed baseline,Moderate,High,Reduced,1.9924858845171274,10,14.626361873989572,17.161890308740265
Fixed-speed baseline,Moderate,High,Normal,1.9,1,15.749745184372951,22.63473312893341
Fixed-speed baseline,Moderate,High,Normal,1.9,2,13.055472195010955,20.086287457069968
Fixed-speed baseline,Moderate,High,Normal,1.9,3,13.816623821007509,14.886908000848026
Fixed-speed baseline,Moderate,High,Normal,1.9,4,11.009290667676384,17.41404144509165
Fixed-speed baseline,Moderate,High,Normal,1.9,5,12.80015105189847,14.656850740126634
Fixed-speed baseline,Moderate,High,Normal,1.9,6,11.62370856235972,13.934964390321474
Fixed-speed baseline,Moderate,High,Normal,1.9,7,14.341744625578349,16.176629743834862
Fixed-speed baseline,Moderate,High,Normal,1.9,8,11.564821753441155,21.720121723968507
Fixed-speed baseline,Moderate,High,Normal,1.9,9,13.896236710304889,20.81194416995738
Fixed-speed baseline,Moderate,High,Normal,1.9,10,13.1681925781505,22.36135615359197
Fixed-speed baseline,Moderate,High,Elevated,2.1470910553583886,1,14.673559338118194,17.543208481377782
Fixed-speed baseline,Moderate,High,Elevated,2.1470910553583886,2,16.010147804542697,18.919142248919158
Fixed-speed baseline,Moderate,High,Elevated,2.1470910553583886,3,15.74033957480665,21.21542319831604
Fixed-speed baseline,Moderate,High,Elevated,2.1470910553583886,4,17.229012684443735,14.995172498973668
Fixed-speed baseline,Moderate,High,Elevated,2.1470910553583886,5,14.33636339904645,17.014878084283232
Fixed-speed baseline,Moderate,High,Elevated,2.1470910553583886,6,18.689717124193894,23.327529366575785
Fixed-speed baseline,Moderate,High,Elevated,2.1470910553583886,7,12.851813017253917,22.097954053153497
Fixed-speed baseline,Moderate,High,Elevated,2.1470910553583886,8,14.214258981064829,15.001336384475609
Fixed-speed baseline,Moderate,High,Elevated,2.1470910553583886,9,16.64585502673682,23.74449153333155
Fixed-speed baseline,Moderate,High,Elevated,2.1470910553583886,10,14.316395508079426,22.923752225447302
Fixed-speed baseline,Moderate,High,High,2.831960451701259,1,15.620594673431123,19.55475062859607
Fixed-speed baseline,Moderate,High,High,2.831960451701259,2,19.134450042252627,15.737962185108287
Fixed-speed baseline,Moderate,High,High,2.831960451701259,3,17.079651352902868,25.710799542496304
Fixed-speed baseline,Moderate,High,High,2.831960451701259,4,18.541768681063658,20.6700528554569
Fixed-speed baseline,Moderate,High,High,2.831960451701259,5,15.068429472093092,21.843768293621206
Fixed-speed baseline,Moderate,High,High,2.831960451701259,6,17.530583455803114,21.02581803759412
Fixed-speed baseline,Moderate,High,High,2.831960451701259,7,16.319124634697364,19.24216295433296
Fixed-speed baseline,Moderate,High,High,2.831960451701259,8,15.932989446465175,19.87455798490073
Fixed-speed baseline,Moderate,High,High,2.831960451701259,9,17.735142410221552,26.172727656382413
Fixed-speed baseline,Moderate,High,High,2.831960451701259,10,18.65043115730788,22.497070407298537
Fixed-speed baseline,Severe,Low,Low,2.1400934559032696,1,14.508053672695816,21.780615508689802
Fixed-speed baseline,Severe,Low,Low,2.1400934559032696,2,16.390242195835807,19.5420323184781
Fixed-speed baseline,Severe,Low,Low,2.1400934559032696,3,18.303538450037063,24.88740354404227
Fixed-speed baseline,Severe,Low,Low,2.1400934559032696,4,14.832700947203287,20.240029106151788
Fixed-speed baseline,Severe,Low,Low,2.1400934559032696,5,16.786424401361597,23.39514559970613
Fixed-speed baseline,Severe,Low,Low,2.1400934559032696,6,17.234943074256552,19.5135344153522
Fixed-speed baseline,Severe,Low,Low,2.1400934559032696,7,14.455575227685951,19.99355172103169
Fixed-speed baseline,Severe,Low,Low,2.1400934559032696,8,14.942256740480737,19.24042886597369
Fixed-speed baseline,Severe,Low,Low,2.1400934559032696,9,16.71750300890864,15.987905592889883
Fixed-speed baseline,Severe,Low,Low,2.1400934559032696,10,16.629192870813363,25.95780236473686
Fixed-speed baseline,Severe,Low,Reduced,1.8027756377319946,1,16.737807620340845,15.034747720386468
Fixed-speed baseline,Severe,Low,Reduced,1.8027756377319946,2,17.16715582503108,16.055279133924934
Fixed-speed baseline,Severe,Low,Reduced,1.8027756377319946,3,15.172558714384186,19.465536332111505
Fixed-speed baseline,Severe,Low,Reduced,1.8027756377319946,4,12.386143709245035,19.178672786767308
Fixed-speed baseline,Severe,Low,Reduced,1.8027756377319946,5,14.47110385978422,17.82954257032474
Fixed-speed baseline,Severe,Low,Reduced,1.8027756377319946,6,15.916688685737343,18.52582955385641
Fixed-speed baseline,Severe,Low,Reduced,1.8027756377319946,7,13.115227567086784,14.140660953422632
Fixed-speed baseline,Severe,Low,Reduced,1.8027756377319946,8,13.328997460729534,15.807847131287085
Fixed-speed baseline,Severe,Low,Reduced,1.8027756377319946,9,12.299838898358454,17.383752639371455
Fixed-speed baseline,Severe,Low,Reduced,1.8027756377319946,10,14.817977093866086,20.164689177943348
Fixed-speed baseline,Severe,Low,Normal,1.7,1,14.041436043479445,19.15854074310902
Fixed-speed baseline,Severe,Low,Normal,1.7,2,13.640849761810498,20.164401473865105
Fixed-speed baseline,Severe,Low,Normal,1.7,3,13.7280321498068,20.808837555865164
Fixed-speed baseline,Severe,Low,Normal,1.7,4,14.476951336074073,22.93195202262633
Fixed-speed baseline,Severe,Low,Normal,1.7,5,15.236566498450209,16.69090180257395
Fixed-speed baseline,Severe,Low,Normal,1.7,6,14.789100473301009,16.510147785719305
Fixed-speed baseline,Severe,Low,Normal,1.7,7,15.399785846123553,17.873621599686743
Fixed-speed baseline,Severe,Low,Normal,1.7,8,15.024206204977844,19.5395215121816
Fixed-speed baseline,Severe,Low,Normal,1.7,9,15.209015686667515,20.6823336358073
Fixed-speed baseline,Severe,Low,Normal,1.7,10,14.192382765613063,12.77111356076768
Fixed-speed baseline,Severe,Low,Elevated,1.972308292331602,1,17.707351145835602,26.000564893355286
Fixed-speed baseline,Severe,Low,Elevated,1.972308292331602,2,15.006898669362492,19.321400691351343
Fixed-speed baseline,Severe,Low,Elevated,1.972308292331602,3,15.23706446375842,20.642307407316572
Fixed-speed baseline,Severe,Low,Elevated,1.972308292331602,4,14.630977139963479,21.994580603608522
Fixed-speed baseline,Severe,Low,Elevated,1.972308292331602,5,14.922093328675198,19.07342586334233
Fixed-speed baseline,Severe,Low,Elevated,1.972308292331602,6,21.20199646710945,19.812241795379464
Fixed-speed baseline,Severe,Low,Elevated,1.972308292331602,7,17.965298135660635,16.945578331589246
Fixed-speed baseline,Severe,Low,Elevated,1.972308292331602,8,16.09626937190366,25.99648385826816
Fixed-speed baseline,Severe,Low,Elevated,1.972308292331602,9,12.808668168044777,23.976411032198087
Fixed-speed baseline,Severe,Low,Elevated,1.972308292331602,10,17.547557414749743,21.650952094046144
Fixed-speed baseline,Severe,Low,High,2.701851217221259,1,18.903748263895984,25.687304755265924
Fixed-speed baseline,Severe,Low,High,2.701851217221259,2,17.180925999043723,25.938876336841943
Fixed-speed baseline,Severe,Low,High,2.701851217221259,3,19.218743639561016,21.313645145565104
Fixed-speed baseline,Severe,Low,High,2.701851217221259,4,18.12043983043689,21.42902700845368
Fixed-speed baseline,Severe,Low,High,2.701851217221259,5,20.794124648503445,23.295332100838756
Fixed-speed baseline,Severe,Low,High,2.701851217221259,6,20.307147710235807,24.27129975183633
Fixed-speed baseline,Severe,Low,High,2.701851217221259,7,17.867147014382546,22.440977018309937
Fixed-speed baseline,Severe,Low,High,2.701851217221259,8,17.66297416630843,25.123989855930876
Fixed-speed baseline,Severe,Low,High,2.701851217221259,9,14.88522202352965,25.042778545805696
Fixed-speed baseline,Severe,Low,High,2.701851217221259,10,19.500537333542162,29.617303693737025
Fixed-speed baseline,Severe,Reduced,Low,1.5264337522473748,1,13.442926463200916,19.19689330898747
Fixed-speed baseline,Severe,Reduced,Low,1.5264337522473748,2,11.028278484334551,20.306734637321945
Fixed-speed baseline,Severe,Reduced,Low,1.5264337522473748,3,16.152787614928744,17.600147341197257
Fixed-speed baseline,Severe,Reduced,Low,1.5264337522473748,4,15.69162736195063,19.59021087647565
Fixed-speed baseline,Severe,Reduced,Low,1.5264337522473748,5,13.461905180162546,15.101094636831672
Fixed-speed baseline,Severe,Reduced,Low,1.5264337522473748,6,15.897496371756482,16.874327440504803
Fixed-speed baseline,Severe,Reduced,Low,1.5264337522473748,7,16.861876252280762,16.633849631249937
Fixed-speed baseline,Severe,Reduced,Low,1.5264337522473748,8,14.569057425930414,13.972628713432037
Fixed-speed baseline,Severe,Reduced,Low,1.5264337522473748,9,16.166356304750614,17.49893244185036
Fixed-speed baseline,Severe,Reduced,Low,1.5264337522473748,10,12.784753651922545,17.5979018353543
Fixed-speed baseline,Severe,Reduced,Reduced,1.0,1,13.032060403380957,15.159789165837546
Fixed-speed baseline,Severe,Reduced,Reduced,1.0,2,14.526810703412012,16.296077162140634
Fixed-speed baseline,Severe,Reduced,Reduced,1.0,3,11.324160367216626,14.680359797143577
Fixed-speed baseline,Severe,Reduced,Reduced,1.0,4,10.976463013427283,15.71614176624353
Fixed-speed baseline,Severe,Reduced,Reduced,1.0,5,13.320752273727237,16.70823241224323
Fixed-speed baseline,Severe,Reduced,Reduced,1.0,6,12.04674048106666,16.782609558829982
Fixed-speed baseline,Severe,Reduced,Reduced,1.0,7,12.332403938761036,16.322138745228315
Fixed-speed baseline,Severe,Reduced,Reduced,1.0,8,11.807474833090765,15.671052104919177
Fixed-speed baseline,Severe,Reduced,Reduced,1.0,9,12.07942525335814,17.57721717019123
Fixed-speed baseline,Severe,Reduced,Reduced,1.0,10,13.342265980112861,14.410344283832778
Fixed-speed baseline,Severe,Reduced,Normal,0.8,1,10.190242576886547,16.8520053743401
Fixed-speed baseline,Severe,Reduced,Normal,0.8,2,10.264784905749229,13.577288191433665
Fixed-speed baseline,Severe,Reduced,Normal,0.8,3,15.071955279239688,15.50302631765847
Fixed-speed baseline,Severe,Reduced,Normal,0.8,4,11.453108879893168,14.736136965036941
Fixed-speed baseline,Severe,Reduced,Normal,0.8,5,10.665854505200496,18.00216795516116
Fixed-speed baseline,Severe,Reduced,Normal,0.8,6,11.529229837119336,13.052033180264747
Fixed-speed baseline,Severe,Reduced,Normal,0.8,7,12.840190147404307,15.08300819104315
Fixed-speed baseline,Severe,Reduced,Normal,0.8,8,13.428487450473273,11.547890559417079
Fixed-speed baseline,Severe,Reduced,Normal,0.8,9,12.041654941253132,17.824154113179297
Fixed-speed baseline,Severe,Reduced,Normal,0.8,10,12.717513829477012,14.70865628780509
Fixed-speed baseline,Severe,Reduced,Elevated,1.2806248474865698,1,16.557015402859793,15.470202689443912
Fixed-speed baseline,Severe,Reduced,Elevated,1.2806248474865698,2,13.999649542443906,11.443680277694266
Fixed-speed baseline,Severe,Reduced,Elevated,1.2806248474865698,3,13.17612269467618,18.923982670912174
Fixed-speed baseline,Severe,Reduced,Elevated,1.2806248474865698,4,13.528224020042742,16.70084039209984
Fixed-speed baseline,Severe,Reduced,Elevated,1.2806248474865698,5,13.936201395009986,17.400784533996774
Fixed-speed baseline,Severe,Reduced,Elevated,1.2806248474865698,6,16.42798461483218,15.999871836297569
Fixed-speed baseline,Severe,Reduced,Elevated,1.2806248474865698,7,13.882268492941053,15.205794078116789
Fixed-speed baseline,Severe,Reduced,Elevated,1.2806248474865698,8,14.073020307625589,16.905100600644058
Fixed-speed baseline,Severe,Reduced,Elevated,1.2806248474865698,9,12.495331779237492,17.62790304025965
Fixed-speed baseline,Severe,Reduced,Elevated,1.2806248474865698,10,14.538571503896819,15.569065139224834
Fixed-speed baseline,Severe,Reduced,High,2.247220505424423,1,18.58150153041775,18.01579262667539
Fixed-speed baseline,Severe,Reduced,High,2.247220505424423,2,18.62824665051076,19.68890148266448
Fixed-speed baseline,Severe,Reduced,High,2.247220505424423,3,16.301211177956795,22.931181610640817
Fixed-speed baseline,Severe,Reduced,High,2.247220505424423,4,16.814587486380795,23.012226143291564
Fixed-speed baseline,Severe,Reduced,High,2.247220505424423,5,16.297264718490215,21.337329596239673
Fixed-speed baseline,Severe,Reduced,High,2.247220505424423,6,15.501215610933697,27.286668230422464
Fixed-speed baseline,Severe,Reduced,High,2.247220505424423,7,14.556566136087152,23.71304853274287
Fixed-speed baseline,Severe,Reduced,High,2.247220505424423,8,17.02483219516107,20.057127789583404
Fixed-speed baseline,Severe,Reduced,High,2.247220505424423,9,15.049267091848295,15.690110197821719
Fixed-speed baseline,Severe,Reduced,High,2.247220505424423,10,13.31941085972364,20.19384815995454
Fixed-speed baseline,Severe,Normal,Low,1.3,1,14.430533629945469,15.97621916694223
Fixed-speed baseline,Severe,Normal,Low,1.3,2,13.533557431437158,20.05990338680903
Fixed-speed baseline,Severe,Normal,Low,1.3,3,11.60565825490442,17.97874016759318
Fixed-speed baseline,Severe,Normal,Low,1.3,4,12.114651556746974,20.29491993486582
Fixed-speed baseline,Severe,Normal,Low,1.3,5,13.687080869315492,17.974807078920676
Fixed-speed baseline,Severe,Normal,Low,1.3,6,13.38753410978367,20.692671044190835
Fixed-speed baseline,Severe,Normal,Low,1.3,7,13.247488127680043,18.97410420756592
Fixed-speed baseline,Severe,Normal,Low,1.3,8,13.127322752906988,16.73936360073645
Fixed-speed baseline,Severe,Normal,Low,1.3,9,13.510119723583827,16.482664925973015
Fixed-speed baseline,Severe,Normal,Low,1.3,10,11.89117863802662,18.541547217182334
Fixed-speed baseline,Severe,Normal,Reduced,0.6,1,13.491548262577492,16.507813948663138
Fixed-speed baseline,Severe,Normal,Reduced,0.6,2,9.800350626933676,18.69591968515727
Fixed-speed baseline,Severe,Normal,Reduced,0.6,3,13.795205422721292,17.024652261265057
Fixed-speed baseline,Severe,Normal,Reduced,0.6,4,9.464047749570495,16.749939340592743
Fixed-speed baseline,Severe,Normal,Reduced,0.6,5,10.929945502822346,17.600396820906965
Fixed-speed baseline,Severe,Normal,Reduced,0.6,6,13.485754438550664,14.770690756500635
Fixed-speed baseline,Severe,Normal,Reduced,0.6,7,11.09350256961541,14.986730419498421
Fixed-speed baseline,Severe,Normal,Reduced,0.6,8,11.794403043188176,14.001789174058201
Fixed-speed baseline,Severe,Normal,Reduced,0.6,9,10.584909677857773,10.951600010261332
Fixed-speed baseline,Severe,Normal,Reduced,0.6,10,13.335347174749154,14.80596088839482
Fixed-speed baseline,Severe,Normal,Normal,0.0,1,11.148363819012271,14.24597284535398
Fixed-speed baseline,Severe,Normal,Normal,0.0,2,9.035091788611863,14.24210759834491
Fixed-speed baseline,Severe,Normal,Normal,0.0,3,10.586368094450183,12.402749975682825
Fixed-speed baseline,Severe,Normal,Normal,0.0,4,9.843015140519242,11.34607785717732
Fixed-speed baseline,Severe,Normal,Normal,0.0,5,9.820754473476827,12.123670082915766
Fixed-speed baseline,Severe,Normal,Normal,0.0,6,9.42982035039524,11.213856879239174
Fixed-speed baseline,Severe,Normal,Normal,0.0,7,9.526045103069864,12.636614251414167
Fixed-speed baseline,Severe,Normal,Normal,0.0,8,8.944092486294766,11.079160833982217
Fixed-speed baseline,Severe,Normal,Normal,0.0,9,11.385528985522205,13.303853256143578
Fixed-speed baseline,Severe,Normal,Normal,0.0,10,9.57233899341574,11.42303423387554
Fixed-speed baseline,Severe,Normal,Elevated,1.0,1,12.755108180747078,14.768825820894884
Fixed-speed baseline,Severe,Normal,Elevated,1.0,2,13.756390690197787,17.873116849870186
Fixed-speed baseline,Severe,Normal,Elevated,1.0,3,12.576863591173682,18.84027534743017
Fixed-speed baseline,Severe,Normal,Elevated,1.0,4,12.832779760868068,16.537587338278986
Fixed-speed baseline,Severe,Normal,Elevated,1.0,5,11.033230195199417,16.849934767510856
Fixed-speed baseline,Severe,Normal,Elevated,1.0,6,11.70466479673241,11.676798299833923
Fixed-speed baseline,Severe,Normal,Elevated,1.0,7,12.878621941959148,15.192121527269228
Fixed-speed baseline,Severe,Normal,Elevated,1.0,8,15.81759538468175,13.663544799456925
Fixed-speed baseline,Severe,Normal,Elevated,1.0,9,10.079538605998152,16.409372569938
Fixed-speed baseline,Severe,Normal,Elevated,1.0,10,14.077929804693023,14.42419598647855
Fixed-speed baseline,Severe,Normal,High,2.1,1,17.059249364307508,23.3063182219605
Fixed-speed baseline,Severe,Normal,High,2.1,2,18.382476291438522,22.80730244316524
Fixed-speed baseline,Severe,Normal,High,2.1,3,14.240327933937735,16.11445811090953
Fixed-speed baseline,Severe,Normal,High,2.1,4,14.788642704196732,23.673948293022494
Fixed-speed baseline,Severe,Normal,High,2.1,5,10.44100665491188,21.329062728884054
Fixed-speed baseline,Severe,Normal,High,2.1,6,17.19626210768813,22.222480542322923
Fixed-speed baseline,Severe,Normal,High,2.1,7,16.116013887754505,21.06547356346006
Fixed-speed baseline,Severe,Normal,High,2.1,8,14.300501062472255,18.141120148852654
Fixed-speed baseline,Severe,Normal,High,2.1,9,14.807730457136095,18.455148348903798
Fixed-speed baseline,Severe,Normal,High,2.1,10,17.38297136355551,19.92170476289895
Fixed-speed baseline,Severe,Elevated,Low,1.5811388300841898,1,14.798021698656136,19.97188958685436
Fixed-speed baseline,Severe,Elevated,Low,1.5811388300841898,2,15.087316960035409,14.700619655262907
Fixed-speed baseline,Severe,Elevated,Low,1.5811388300841898,3,15.479087821756625,19.53174276934914
Fixed-speed baseline,Severe,Elevated,Low,1.5811388300841898,4,16.486279687321815,19.52387222474307
Fixed-speed baseline,Severe,Elevated,Low,1.5811388300841898,5,15.644979162917412,17.83585434516354
Fixed-speed baseline,Severe,Elevated,Low,1.5811388300841898,6,15.051064794978187,17.56887184371706
Fixed-speed baseline,Severe,Elevated,Low,1.5811388300841898,7,14.202014921856897,20.184592017626557
Fixed-speed baseline,Severe,Elevated,Low,1.5811388300841898,8,14.743292628875595,21.8854465855281
Fixed-speed baseline,Severe,Elevated,Low,1.5811388300841898,9,15.466035603993259,19.198788762212054
Fixed-speed baseline,Severe,Elevated,Low,1.5811388300841898,10,14.259252959566469,17.031759356935833
Fixed-speed baseline,Severe,Elevated,Reduced,1.0816653826391966,1,12.12839443959264,20.428620244037063
Fixed-speed baseline,Severe,Elevated,Reduced,1.0816653826391966,2,13.26904472270573,14.806943949238878
Fixed-speed baseline,Severe,Elevated,Reduced,1.0816653826391966,3,11.504333526331262,20.206019367159957
Fixed-speed baseline,Severe,Elevated,Reduced,1.0816653826391966,4,13.100694848618051,12.459765944230762
Fixed-speed baseline,Severe,Elevated,Reduced,1.0816653826391966,5,14.33315376579461,17.912628087410887
Fixed-speed baseline,Severe,Elevated,Reduced,1.0816653826391966,6,13.593750231226512,16.961586091362147
Fixed-speed baseline,Severe,Elevated,Reduced,1.0816653826391966,7,10.44315236188978,18.363476404735316
Fixed-speed baseline,Severe,Elevated,Reduced,1.0816653826391966,8,12.177011806451475,18.633400810731896
Fixed-speed baseline,Severe,Elevated,Reduced,1.0816653826391966,9,14.756288523076643,14.140498534001487
Fixed-speed baseline,Severe,Elevated,Reduced,1.0816653826391966,10,15.170165861838585,12.071593961696784
Fixed-speed baseline,Severe,Elevated,Normal,0.9,1,9.653435826012284,12.456458395898691
Fixed-speed baseline,Severe,Elevated,Normal,0.9,2,12.894893691794614,16.340188653445697
Fixed-speed baseline,Severe,Elevated,Normal,0.9,3,11.66230851028693,12.79000222534518
Fixed-speed baseline,Severe,Elevated,Normal,0.9,4,13.661436450466391,15.469470954355797
Fixed-speed baseline,Severe,Elevated,Normal,0.9,5,11.095714598246483,14.595588804158202
Fixed-speed baseline,Severe,Elevated,Normal,0.9,6,13.349650545479065,13.214057942288486
Fixed-speed baseline,Severe,Elevated,Normal,0.9,7,12.844678675521193,17.927381995256326
Fixed-speed baseline,Severe,Elevated,Normal,0.9,8,11.740490505933241,17.10368766403012
Fixed-speed baseline,Severe,Elevated,Normal,0.9,9,11.63349682951578,15.040554134159644
Fixed-speed baseline,Severe,Elevated,Normal,0.9,10,10.972751429307355,18.1857207508414
Fixed-speed baseline,Severe,Elevated,Elevated,1.3453624047073711,1,14.895666114045982,17.896623040180703
Fixed-speed baseline,Severe,Elevated,Elevated,1.3453624047073711,2,12.934358408374088,18.28936155019801
Fixed-speed baseline,Severe,Elevated,Elevated,1.3453624047073711,3,12.853271176540822,17.779475502312362
Fixed-speed baseline,Severe,Elevated,Elevated,1.3453624047073711,4,13.674875163265892,15.850682227626665
Fixed-speed baseline,Severe,Elevated,Elevated,1.3453624047073711,5,15.15428915756549,17.016077123204074
Fixed-speed baseline,Severe,Elevated,Elevated,1.3453624047073711,6,15.032116032760626,15.388557152248026
Fixed-speed baseline,Severe,Elevated,Elevated,1.3453624047073711,7,13.09710866312131,18.20877995134307
Fixed-speed baseline,Severe,Elevated,Elevated,1.3453624047073711,8,14.310386249937588,20.061693990491484
Fixed-speed baseline,Severe,Elevated,Elevated,1.3453624047073711,9,12.651816051129058,13.560543150608678
Fixed-speed baseline,Severe,Elevated,Elevated,1.3453624047073711,10,13.863762161668395,15.998361139899597
Fixed-speed baseline,Severe,Elevated,High,2.2847319317591723,1,15.71065646915314,27.24032238562073
Fixed-speed baseline,Severe,Elevated,High,2.2847319317591723,2,17.03421363281601,26.84084806822139
Fixed-speed baseline,Severe,Elevated,High,2.2847319317591723,3,17.017129975873267,19.10703753422492
Fixed-speed baseline,Severe,Elevated,High,2.2847319317591723,4,18.595228750187747,21.898124301177692
Fixed-speed baseline,Severe,Elevated,High,2.2847319317591723,5,18.398415615584305,20.10905083499665
Fixed-speed baseline,Severe,Elevated,High,2.2847319317591723,6,19.19345173503666,25.374619389031928
Fixed-speed baseline,Severe,Elevated,High,2.2847319317591723,7,16.14390247590339,23.612282779954448
Fixed-speed baseline,Severe,Elevated,High,2.2847319317591723,8,16.7218922402766,25.957026000302598
Fixed-speed baseline,Severe,Elevated,High,2.2847319317591723,9,15.01275242057228,24.058907479608468
Fixed-speed baseline,Severe,Elevated,High,2.2847319317591723,10,21.20182147113973,21.288778710179518
Fixed-speed baseline,Severe,High,Low,2.3021728866442674,1,17.833759805674724,18.431791764718863
Fixed-speed baseline,Severe,High,Low,2.3021728866442674,2,18.25491208943662,18.67079834097728
Fixed-speed baseline,Severe,High,Low,2.3021728866442674,3,18.838448590596187,25.848915914459948
Fixed-speed baseline,Severe,High,Low,2.3021728866442674,4,18.896482466622665,20.84115911961919
Fixed-speed baseline,Severe,High,Low,2.3021728866442674,5,20.849524327873812,23.709895498648372
Fixed-speed baseline,Severe,High,Low,2.3021728866442674,6,16.384817520494217,18.43715271516938
Fixed-speed baseline,Severe,High,Low,2.3021728866442674,7,20.21851401266408,22.427586247117166
Fixed-speed baseline,Severe,High,Low,2.3021728866442674,8,16.57717308536017,24.054872927947397
Fixed-speed baseline,Severe,High,Low,2.3021728866442674,9,17.882331023976075,17.294734847359496
Fixed-speed baseline,Severe,High,Low,2.3021728866442674,10,18.104319980709352,21.330477754641972
Fixed-speed baseline,Severe,High,Reduced,1.9924858845171274,1,15.62145187967657,16.857037117415608
Fixed-speed baseline,Severe,High,Reduced,1.9924858845171274,2,17.432830483486644,16.941018462805257
Fixed-speed baseline,Severe,High,Reduced,1.9924858845171274,3,17.94707856917833,15.07808328215438
Fixed-speed baseline,Severe,High,Reduced,1.9924858845171274,4,16.042315800303825,21.033970649897046
Fixed-speed baseline,Severe,High,Reduced,1.9924858845171274,5,14.35581095962687,19.96512663072611
Fixed-speed baseline,Severe,High,Reduced,1.9924858845171274,6,14.321524198976167,24.605312777318353
Fixed-speed baseline,Severe,High,Reduced,1.9924858845171274,7,16.76002193662428,17.362387258353262
Fixed-speed baseline,Severe,High,Reduced,1.9924858845171274,8,16.150155879860968,19.912265432247086
Fixed-speed baseline,Severe,High,Reduced,1.9924858845171274,9,16.922167046709873,22.96650716215905
Fixed-speed baseline,Severe,High,Reduced,1.9924858845171274,10,15.769128356256134,19.893411116862726
Fixed-speed baseline,Severe,High,Normal,1.9,1,14.445936292319487,21.131789728233205
Fixed-speed baseline,Severe,High,Normal,1.9,2,17.011143530949347,16.414958831654722
Fixed-speed baseline,Severe,High,Normal,1.9,3,18.25120700684304,16.781688628369178
Fixed-speed baseline,Severe,High,Normal,1.9,4,13.966683759793126,22.499300949697002
Fixed-speed baseline,Severe,High,Normal,1.9,5,15.007420326693168,14.809374849582287
Fixed-speed baseline,Severe,High,Normal,1.9,6,15.94262316981266,20.26791483875889
Fixed-speed baseline,Severe,High,Normal,1.9,7,15.087176414896451,21.96508554346433
Fixed-speed baseline,Severe,High,Normal,1.9,8,16.94034955152541,22.94685155676576
Fixed-speed baseline,Severe,High,Normal,1.9,9,15.615704975339122,23.921548452064243
Fixed-speed baseline,Severe,High,Normal,1.9,10,15.644254400711322,25.421452895602364
Fixed-speed baseline,Severe,High,Elevated,2.1470910553583886,1,19.181324757470215,21.402660435085654
Fixed-speed baseline,Severe,High,Elevated,2.1470910553583886,2,16.349664903335707,25.125676612982087
Fixed-speed baseline,Severe,High,Elevated,2.1470910553583886,3,20.595377251216984,20.634180285625433
Fixed-speed baseline,Severe,High,Elevated,2.1470910553583886,4,18.22525185701971,20.87708104883537
Fixed-speed baseline,Severe,High,Elevated,2.1470910553583886,5,19.002520512378037,20.413396935368965
Fixed-speed baseline,Severe,High,Elevated,2.1470910553583886,6,16.918535044392755,17.648058161780554
Fixed-speed baseline,Severe,High,Elevated,2.1470910553583886,7,14.317643410164797,22.376361261318806
Fixed-speed baseline,Severe,High,Elevated,2.1470910553583886,8,15.731541963312642,22.40575981351358
Fixed-speed baseline,Severe,High,Elevated,2.1470910553583886,9,14.05870020326074,23.397059979970795
Fixed-speed baseline,Severe,High,Elevated,2.1470910553583886,10,17.78758468972692,22.692816107418057
Fixed-speed baseline,Severe,High,High,2.831960451701259,1,16.62057330457546,28.794360908901528
Fixed-speed baseline,Severe,High,High,2.831960451701259,2,20.1268004633802,16.498070734596826
Fixed-speed baseline,Severe,High,High,2.831960451701259,3,19.472388855418586,23.40079600497631
Fixed-speed baseline,Severe,High,High,2.831960451701259,4,20.48268478147101,18.23568067954401
Fixed-speed baseline,Severe,High,High,2.831960451701259,5,19.733670003661125,23.82082446397231
Fixed-speed baseline,Severe,High,High,2.831960451701259,6,20.601247628046497,20.11577174650314
Fixed-speed baseline,Severe,High,High,2.831960451701259,7,20.855678194118838,28.28052007406964
Fixed-speed baseline,Severe,High,High,2.831960451701259,8,19.757904545341713,21.165259531542763
Fixed-speed baseline,Severe,High,High,2.831960451701259,9,20.600688116862518,23.222311655572017
Fixed-speed baseline,Severe,High,High,2.831960451701259,10,19.97032247347163,22.19701937338034
Fixed-speed baseline,Advanced,Low,Low,2.1400934559032696,1,18.85524891814848,19.91104824239761
Fixed-speed baseline,Advanced,Low,Low,2.1400934559032696,2,19.468417081229173,26.83001878946932
Fixed-speed baseline,Advanced,Low,Low,2.1400934559032696,3,20.078923616496475,27.02367105964067
Fixed-speed baseline,Advanced,Low,Low,2.1400934559032696,4,16.20391452476298,28.808930759255517
Fixed-speed baseline,Advanced,Low,Low,2.1400934559032696,5,16.377379146606156,21.89908599040477
Fixed-speed baseline,Advanced,Low,Low,2.1400934559032696,6,19.316411639278076,24.509985548850477
Fixed-speed baseline,Advanced,Low,Low,2.1400934559032696,7,17.485966622561342,21.135936272694316
Fixed-speed baseline,Advanced,Low,Low,2.1400934559032696,8,20.864997121499815,19.072212490175016
Fixed-speed baseline,Advanced,Low,Low,2.1400934559032696,9,15.72725319502271,21.78038970636025
Fixed-speed baseline,Advanced,Low,Low,2.1400934559032696,10,19.93494929135179,18.529243015970287
Fixed-speed baseline,Advanced,Low,Reduced,1.8027756377319946,1,19.130478751404823,23.979789276031482
Fixed-speed baseline,Advanced,Low,Reduced,1.8027756377319946,2,14.805807097696633,17.37891272546459
Fixed-speed baseline,Advanced,Low,Reduced,1.8027756377319946,3,14.414893249488385,25.530280999383237
Fixed-speed baseline,Advanced,Low,Reduced,1.8027756377319946,4,14.894024028891103,20.86005422742843
Fixed-speed baseline,Advanced,Low,Reduced,1.8027756377319946,5,19.77840210549547,23.260636893546287
Fixed-speed baseline,Advanced,Low,Reduced,1.8027756377319946,6,18.072038393635367,22.28445290636319
Fixed-speed baseline,Advanced,Low,Reduced,1.8027756377319946,7,16.481797909114643,23.220888301824818
Fixed-speed baseline,Advanced,Low,Reduced,1.8027756377319946,8,12.590471402579922,22.914475650855668
Fixed-speed baseline,Advanced,Low,Reduced,1.8027756377319946,9,16.312020326849343,23.806219085291097
Fixed-speed baseline,Advanced,Low,Reduced,1.8027756377319946,10,16.107340383947733,17.536952348170367
Fixed-speed baseline,Advanced,Low,Normal,1.7,1,14.875436246620218,24.79972796711017
Fixed-speed baseline,Advanced,Low,Normal,1.7,2,18.038473552962788,17.799618365264894
Fixed-speed baseline,Advanced,Low,Normal,1.7,3,16.900899530941693,22.266226440654535
Fixed-speed baseline,Advanced,Low,Normal,1.7,4,18.309275400534187,19.3065438220651
Fixed-speed baseline,Advanced,Low,Normal,1.7,5,16.731094341703137,22.72637156068464
Fixed-speed baseline,Advanced,Low,Normal,1.7,6,12.213571504668318,25.264745063238763
Fixed-speed baseline,Advanced,Low,Normal,1.7,7,19.097551297916606,19.497023730239174
Fixed-speed baseline,Advanced,Low,Normal,1.7,8,16.411007421587154,18.95147066171387
Fixed-speed baseline,Advanced,Low,Normal,1.7,9,17.028114052868887,27.43153292884279
Fixed-speed baseline,Advanced,Low,Normal,1.7,10,14.691088410887957,16.044047111217257
Fixed-speed baseline,Advanced,Low,Elevated,1.972308292331602,1,16.625678966578974,20.87605272432288
Fixed-speed baseline,Advanced,Low,Elevated,1.972308292331602,2,18.166904807403043,23.370821212936633
Fixed-speed baseline,Advanced,Low,Elevated,1.972308292331602,3,18.084732371318356,24.509055019538742
Fixed-speed baseline,Advanced,Low,Elevated,1.972308292331602,4,17.696229741483005,21.155134008160232
Fixed-speed baseline,Advanced,Low,Elevated,1.972308292331602,5,17.01505395029775,24.987382664762798
Fixed-speed baseline,Advanced,Low,Elevated,1.972308292331602,6,18.170758211322145,18.848135153188675
Fixed-speed baseline,Advanced,Low,Elevated,1.972308292331602,7,14.75215893679991,24.99465726658484
Fixed-speed baseline,Advanced,Low,Elevated,1.972308292331602,8,13.21603865385951,21.314336413061664
Fixed-speed baseline,Advanced,Low,Elevated,1.972308292331602,9,19.731606545943134,19.799919851377304
Fixed-speed baseline,Advanced,Low,Elevated,1.972308292331602,10,20.0266445874415,22.192723484545652
Fixed-speed baseline,Advanced,Low,High,2.701851217221259,1,21.73049244932441,23.675393470982875
Fixed-speed baseline,Advanced,Low,High,2.701851217221259,2,17.2849301104785,25.277156930814076
Fixed-speed baseline,Advanced,Low,High,2.701851217221259,3,20.939227021992735,20.88085779520002
Fixed-speed baseline,Advanced,Low,High,2.701851217221259,4,22.76217150783565,30.0275959140566
Fixed-speed baseline,Advanced,Low,High,2.701851217221259,5,21.571772604823504,27.861392586898617
Fixed-speed baseline,Advanced,Low,High,2.701851217221259,6,23.634756555640866,25.875094857399343
Fixed-speed baseline,Advanced,Low,High,2.701851217221259,7,23.183883693843235,22.683542497929714
Fixed-speed baseline,Advanced,Low,High,2.701851217221259,8,19.727941818387364,29.258240529229422
Fixed-speed baseline,Advanced,Low,High,2.701851217221259,9,20.688465348855726,28.51429528516164
Fixed-speed baseline,Advanced,Low,High,2.701851217221259,10,19.924293057231246,23.17808960455212
Fixed-speed baseline,Advanced,Reduced,Low,1.5264337522473748,1,16.732592178765117,20.794406832023917
Fixed-speed baseline,Advanced,Reduced,Low,1.5264337522473748,2,17.180254727531135,20.036354681221177
Fixed-speed baseline,Advanced,Reduced,Low,1.5264337522473748,3,14.952400360196304,14.628690150848138
Fixed-speed baseline,Advanced,Reduced,Low,1.5264337522473748,4,17.132445013019844,23.071499833098233
Fixed-speed baseline,Advanced,Reduced,Low,1.5264337522473748,5,16.588377767886293,17.431771631450637
Fixed-speed baseline,Advanced,Reduced,Low,1.5264337522473748,6,16.39838770830724,24.168634428806218
Fixed-speed baseline,Advanced,Reduced,Low,1.5264337522473748,7,17.04370070220224,21.695992220771934
Fixed-speed baseline,Advanced,Reduced,Low,1.5264337522473748,8,15.691490420690922,21.987970057206045
Fixed-speed baseline,Advanced,Reduced,Low,1.5264337522473748,9,14.816130345238248,20.527563751903216
Fixed-speed baseline,Advanced,Reduced,Low,1.5264337522473748,10,17.137205167221115,25.650465434251394
Fixed-speed baseline,Advanced,Reduced,Reduced,1.0,1,15.933155213975217,15.242411344571849
Fixed-speed baseline,Advanced,Reduced,Reduced,1.0,2,14.156387946944655,15.797914996549572
Fixed-speed baseline,Advanced,Reduced,Reduced,1.0,3,14.608157033198223,20.01631870457348
Fixed-speed baseline,Advanced,Reduced,Reduced,1.0,4,14.920550546190862,21.846564200756532
Fixed-speed baseline,Advanced,Reduced,Reduced,1.0,5,12.894597559451595,16.106310786038613
Fixed-speed baseline,Advanced,Reduced,Reduced,1.0,6,15.990618801550658,19.572509700414265
Fixed-speed baseline,Advanced,Reduced,Reduced,1.0,7,14.574177225159131,22.154072606594227
Fixed-speed baseline,Advanced,Reduced,Reduced,1.0,8,17.083558053579324,17.220874704538847
Fixed-speed baseline,Advanced,Reduced,Reduced,1.0,9,15.599552414084334,16.506820573277874
Fixed-speed baseline,Advanced,Reduced,Reduced,1.0,10,15.331567748340497,18.03119264979624
Fixed-speed baseline,Advanced,Reduced,Normal,0.8,1,13.024716805879663,16.929079986122353
Fixed-speed baseline,Advanced,Reduced,Normal,0.8,2,12.987809692697091,20.055198862623833
Fixed-speed baseline,Advanced,Reduced,Normal,0.8,3,12.460181866419665,19.088952498157532
Fixed-speed baseline,Advanced,Reduced,Normal,0.8,4,13.167112405669371,17.90789302924526
Fixed-speed baseline,Advanced,Reduced,Normal,0.8,5,13.506217254603872,18.520902716333726
Fixed-speed baseline,Advanced,Reduced,Normal,0.8,6,15.663852058555717,21.251511314642535
Fixed-speed baseline,Advanced,Reduced,Normal,0.8,7,12.628536578663269,19.536521672317605
Fixed-speed baseline,Advanced,Reduced,Normal,0.8,8,10.596092267423034,17.363542021978095
Fixed-speed baseline,Advanced,Reduced,Normal,0.8,9,15.287806117246578,20.46068413757435
Fixed-speed baseline,Advanced,Reduced,Normal,0.8,10,14.38878571433431,20.682915187439292
Fixed-speed baseline,Advanced,Reduced,Elevated,1.2806248474865698,1,15.767380352843213,23.599636606541363
Fixed-speed baseline,Advanced,Reduced,Elevated,1.2806248474865698,2,14.245645574517196,18.960556593116227
Fixed-speed baseline,Advanced,Reduced,Elevated,1.2806248474865698,3,15.627493174234507,20.48838703246276
Fixed-speed baseline,Advanced,Reduced,Elevated,1.2806248474865698,4,15.908249057055647,19.387439349697065
Fixed-speed baseline,Advanced,Reduced,Elevated,1.2806248474865698,5,12.099398125323827,17.040518636711045
Fixed-speed baseline,Advanced,Reduced,Elevated,1.2806248474865698,6,16.40337890505037,17.311906486936866
Fixed-speed baseline,Advanced,Reduced,Elevated,1.2806248474865698,7,13.823135346725794,17.507613958566992
Fixed-speed baseline,Advanced,Reduced,Elevated,1.2806248474865698,8,17.05557719105451,18.05266961353444
Fixed-speed baseline,Advanced,Reduced,Elevated,1.2806248474865698,9,15.143469654082937,18.959934883554872
Fixed-speed baseline,Advanced,Reduced,Elevated,1.2806248474865698,10,17.008033416866713,14.431334596791087
Fixed-speed baseline,Advanced,Reduced,High,2.247220505424423,1,20.754889364545328,20.167421632923247
Fixed-speed baseline,Advanced,Reduced,High,2.247220505424423,2,19.249773677808296,23.4769601046867
Fixed-speed baseline,Advanced,Reduced,High,2.247220505424423,3,17.967642653520628,26.406368663772092
Fixed-speed baseline,Advanced,Reduced,High,2.247220505424423,4,18.75468238347806,24.290491768104015
Fixed-speed baseline,Advanced,Reduced,High,2.247220505424423,5,24.20028754294335,20.604096573080685
Fixed-speed baseline,Advanced,Reduced,High,2.247220505424423,6,16.478040763487726,26.874186704098047
Fixed-speed baseline,Advanced,Reduced,High,2.247220505424423,7,18.6269603858934,26.504481635090766
Fixed-speed baseline,Advanced,Reduced,High,2.247220505424423,8,18.363543754250177,24.13118100380891
Fixed-speed baseline,Advanced,Reduced,High,2.247220505424423,9,19.748131361070403,24.07532598574075
Fixed-speed baseline,Advanced,Reduced,High,2.247220505424423,10,15.076140899090115,25.303695127049505
Fixed-speed baseline,Advanced,Normal,Low,1.3,1,17.5596434767765,20.573163882767645
Fixed-speed baseline,Advanced,Normal,Low,1.3,2,13.857956593855976,21.3628924251952
Fixed-speed baseline,Advanced,Normal,Low,1.3,3,17.231597187814074,12.760539952940892
Fixed-speed baseline,Advanced,Normal,Low,1.3,4,13.610591136648235,19.16708422034059
Fixed-speed baseline,Advanced,Normal,Low,1.3,5,14.119507058391587,17.624809343505557
Fixed-speed baseline,Advanced,Normal,Low,1.3,6,13.579652435823249,24.93195557124349
Fixed-speed baseline,Advanced,Normal,Low,1.3,7,14.626244964350366,21.06720111978185
Fixed-speed baseline,Advanced,Normal,Low,1.3,8,11.786602106945098,18.933749029745567
Fixed-speed baseline,Advanced,Normal,Low,1.3,9,14.302730990761154,18.546655386264778
Fixed-speed baseline,Advanced,Normal,Low,1.3,10,14.327639374742109,18.414501162626404
Fixed-speed baseline,Advanced,Normal,Reduced,0.6,1,11.67514613267394,14.1614149787097
Fixed-speed baseline,Advanced,Normal,Reduced,0.6,2,14.609973123025872,19.832752620835947
Fixed-speed baseline,Advanced,Normal,Reduced,0.6,3,16.141891412452892,18.00309235396603
Fixed-speed baseline,Advanced,Normal,Reduced,0.6,4,12.127372147079281,17.67593168135624
Fixed-speed baseline,Advanced,Normal,Reduced,0.6,5,13.061648601525835,13.604516579726328
Fixed-speed baseline,Advanced,Normal,Reduced,0.6,6,11.909392430591584,21.401840198760713
Fixed-speed baseline,Advanced,Normal,Reduced,0.6,7,9.489683370783743,16.423461365453274
Fixed-speed baseline,Advanced,Normal,Reduced,0.6,8,12.08664052736105,18.410309521151945
Fixed-speed baseline,Advanced,Normal,Reduced,0.6,9,11.88414540557542,19.62463717212457
Fixed-speed baseline,Advanced,Normal,Reduced,0.6,10,13.607547009987993,17.657571478180188
Fixed-speed baseline,Advanced,Normal,Normal,0.0,1,12.45382555864435,12.927802122778077
Fixed-speed baseline,Advanced,Normal,Normal,0.0,2,13.773196528919764,15.664053562906407
Fixed-speed baseline,Advanced,Normal,Normal,0.0,3,9.6208641352933,16.398783132313042
Fixed-speed baseline,Advanced,Normal,Normal,0.0,4,12.826635411487349,17.447320442879203
Fixed-speed baseline,Advanced,Normal,Normal,0.0,5,10.507018056504275,14.782574902737592
Fixed-speed baseline,Advanced,Normal,Normal,0.0,6,11.160512189339535,14.701464319561289
Fixed-speed baseline,Advanced,Normal,Normal,0.0,7,12.524534476943428,16.31595019061047
Fixed-speed baseline,Advanced,Normal,Normal,0.0,8,12.936162797228368,12.191801098778607
Fixed-speed baseline,Advanced,Normal,Normal,0.0,9,12.308246843456754,16.454997325466902
Fixed-speed baseline,Advanced,Normal,Normal,0.0,10,13.470707721301917,15.670901243287902
Fixed-speed baseline,Advanced,Normal,Elevated,1.0,1,12.95513158086479,19.998076425682818
Fixed-speed baseline,Advanced,Normal,Elevated,1.0,2,13.738035768888354,15.774788418528692
Fixed-speed baseline,Advanced,Normal,Elevated,1.0,3,13.074192703475791,15.413106807768166
Fixed-speed baseline,Advanced,Normal,Elevated,1.0,4,15.796106153051593,17.806194297126076
Fixed-speed baseline,Advanced,Normal,Elevated,1.0,5,14.031226558699826,17.245311438405313
Fixed-speed baseline,Advanced,Normal,Elevated,1.0,6,13.92567543873802,19.922390684584407
Fixed-speed baseline,Advanced,Normal,Elevated,1.0,7,16.212717410251425,19.719143187379263
Fixed-speed baseline,Advanced,Normal,Elevated,1.0,8,15.303799730808349,20.288545408135583
Fixed-speed baseline,Advanced,Normal,Elevated,1.0,9,14.755722622905095,16.886114440752554
Fixed-speed baseline,Advanced,Normal,Elevated,1.0,10,16.759906852142905,16.464429599410824
Fixed-speed baseline,Advanced,Normal,High,2.1,1,18.998598957022622,17.334180987856406
Fixed-speed baseline,Advanced,Normal,High,2.1,2,19.070134671235902,21.929021849208798
Fixed-speed baseline,Advanced,Normal,High,2.1,3,19.852076846080834,23.720357227974198
Fixed-speed baseline,Advanced,Normal,High,2.1,4,18.541872414536968,21.424169799454486
Fixed-speed baseline,Advanced,Normal,High,2.1,5,21.267508542052084,28.54551506651544
Fixed-speed baseline,Advanced,Normal,High,2.1,6,16.912211060672462,20.276176516445744
Fixed-speed baseline,Advanced,Normal,High,2.1,7,17.400752705241374,26.274333982363494
Fixed-speed baseline,Advanced,Normal,High,2.1,8,20.291947479197166,27.22866770770447
Fixed-speed baseline,Advanced,Normal,High,2.1,9,18.858698524878868,22.313904440327264
Fixed-speed baseline,Advanced,Normal,High,2.1,10,16.25981242356817,28.0536060692671
Fixed-speed baseline,Advanced,Elevated,Low,1.5811388300841898,1,15.672253479205864,17.541359797231554
Fixed-speed baseline,Advanced,Elevated,Low,1.5811388300841898,2,17.641001173679786,21.275178640622556
Fixed-speed baseline,Advanced,Elevated,Low,1.5811388300841898,3,12.382530203487395,20.766074658297615
Fixed-speed baseline,Advanced,Elevated,Low,1.5811388300841898,4,16.661753323033015,22.136296689909198
Fixed-speed baseline,Advanced,Elevated,Low,1.5811388300841898,5,15.814953354791646,23.322216178984103
Fixed-speed baseline,Advanced,Elevated,Low,1.5811388300841898,6,16.958770912780107,19.738495753601118
Fixed-speed baseline,Advanced,Elevated,Low,1.5811388300841898,7,14.120836772096041,15.8242925344861
Fixed-speed baseline,Advanced,Elevated,Low,1.5811388300841898,8,17.5601879877768,21.486847142442517
Fixed-speed baseline,Advanced,Elevated,Low,1.5811388300841898,9,14.16974641289028,18.862420382538332
Fixed-speed baseline,Advanced,Elevated,Low,1.5811388300841898,10,13.949332815375628,21.713405281699394
Fixed-speed baseline,Advanced,Elevated,Reduced,1.0816653826391966,1,15.981006960391476,21.12309499203053
Fixed-speed baseline,Advanced,Elevated,Reduced,1.0816653826391966,2,14.176357900217226,18.69083288738113
Fixed-speed baseline,Advanced,Elevated,Reduced,1.0816653826391966,3,14.831798789567413,22.94402345507445
Fixed-speed baseline,Advanced,Elevated,Reduced,1.0816653826391966,4,14.533266976319277,13.637218005209474
Fixed-speed baseline,Advanced,Elevated,Reduced,1.0816653826391966,5,12.488855311334325,17.339551607543832
Fixed-speed baseline,Advanced,Elevated,Reduced,1.0816653826391966,6,13.960113457659055,22.2215556476581
Fixed-speed baseline,Advanced,Elevated,Reduced,1.0816653826391966,7,15.741518124097007,16.417572231221598
Fixed-speed baseline,Advanced,Elevated,Reduced,1.0816653826391966,8,14.619176875106794,18.176305326201994
Fixed-speed baseline,Advanced,Elevated,Reduced,1.0816653826391966,9,14.557914401569514,17.892947512397324
Fixed-speed baseline,Advanced,Elevated,Reduced,1.0816653826391966,10,15.850523467254026,15.84960642116136
Fixed-speed baseline,Advanced,Elevated,Normal,0.9,1,12.099057127513433,19.079583962443344
Fixed-speed baseline,Advanced,Elevated,Normal,0.9,2,13.843629548890393,19.389965581489584
Fixed-speed baseline,Advanced,Elevated,Normal,0.9,3,13.004314123088063,15.439950287031671
Fixed-speed baseline,Advanced,Elevated,Normal,0.9,4,12.859234662270662,19.929996492925607
Fixed-speed baseline,Advanced,Elevated,Normal,0.9,5,14.124262403896688,18.9921781942183
Fixed-speed baseline,Advanced,Elevated,Normal,0.9,6,15.179460250868452,19.26208235857105
Fixed-speed baseline,Advanced,Elevated,Normal,0.9,7,14.275219981695447,19.24287335332068
Fixed-speed baseline,Advanced,Elevated,Normal,0.9,8,14.691457732785889,22.17625393167964
Fixed-speed baseline,Advanced,Elevated,Normal,0.9,9,15.353253342070605,15.747787044119919
Fixed-speed baseline,Advanced,Elevated,Normal,0.9,10,13.057628021495201,17.622277425014726
Fixed-speed baseline,Advanced,Elevated,Elevated,1.3453624047073711,1,16.417692852138316,16.856388884334553
Fixed-speed baseline,Advanced,Elevated,Elevated,1.3453624047073711,2,14.060470618744631,19.513601226247168
Fixed-speed baseline,Advanced,Elevated,Elevated,1.3453624047073711,3,14.375598944241059,22.678022557630516
Fixed-speed baseline,Advanced,Elevated,Elevated,1.3453624047073711,4,16.871614149747646,22.264391931092774
Fixed-speed baseline,Advanced,Elevated,Elevated,1.3453624047073711,5,14.72513674450846,22.68930356089099
Fixed-speed baseline,Advanced,Elevated,Elevated,1.3453624047073711,6,17.622862549182656,21.22769769983199
Fixed-speed baseline,Advanced,Elevated,Elevated,1.3453624047073711,7,14.682534467191807,20.88257036347797
Fixed-speed baseline,Advanced,Elevated,Elevated,1.3453624047073711,8,17.96704617340392,22.90029007546266
Fixed-speed baseline,Advanced,Elevated,Elevated,1.3453624047073711,9,15.78451181999743,19.134287613622185
Fixed-speed baseline,Advanced,Elevated,Elevated,1.3453624047073711,10,15.433247361895173,13.745503468002925
Fixed-speed baseline,Advanced,Elevated,High,2.2847319317591723,1,17.602095181585863,20.283848748702173
Fixed-speed baseline,Advanced,Elevated,High,2.2847319317591723,2,17.248377594405905,22.598248858106864
Fixed-speed baseline,Advanced,Elevated,High,2.2847319317591723,3,20.99804838204641,23.522455278936327
Fixed-speed baseline,Advanced,Elevated,High,2.2847319317591723,4,17.941993081520376,23.389514004477032
Fixed-speed baseline,Advanced,Elevated,High,2.2847319317591723,5,14.984966805784088,21.819132741105893
Fixed-speed baseline,Advanced,Elevated,High,2.2847319317591723,6,23.032285445364323,27.25046304688434
Fixed-speed baseline,Advanced,Elevated,High,2.2847319317591723,7,17.732787878953214,22.480388219922588
Fixed-speed baseline,Advanced,Elevated,High,2.2847319317591723,8,19.04154590311978,23.250642804032463
Fixed-speed baseline,Advanced,Elevated,High,2.2847319317591723,9,21.531321071266046,23.605690112472423
Fixed-speed baseline,Advanced,Elevated,High,2.2847319317591723,10,17.814930162766824,29.3959881058496
Fixed-speed baseline,Advanced,High,Low,2.3021728866442674,1,19.26168003618271,26.387074190333614
Fixed-speed baseline,Advanced,High,Low,2.3021728866442674,2,21.894290541300307,18.55378264319616
Fixed-speed baseline,Advanced,High,Low,2.3021728866442674,3,18.761633484316476,24.258815070510412
Fixed-speed baseline,Advanced,High,Low,2.3021728866442674,4,20.164930260979663,28.95063552223854
Fixed-speed baseline,Advanced,High,Low,2.3021728866442674,5,22.645068255030832,18.717629650870123
Fixed-speed baseline,Advanced,High,Low,2.3021728866442674,6,19.250393689922387,24.410142284135
Fixed-speed baseline,Advanced,High,Low,2.3021728866442674,7,18.022580534323364,19.534652022894765
Fixed-speed baseline,Advanced,High,Low,2.3021728866442674,8,17.73549220414728,24.437041669616743
Fixed-speed baseline,Advanced,High,Low,2.3021728866442674,9,19.370996302637877,25.780041846612445
Fixed-speed baseline,Advanced,High,Low,2.3021728866442674,10,19.501111001425127,25.398076751347695
Fixed-speed baseline,Advanced,High,Reduced,1.9924858845171274,1,15.582906552438132,19.105259420610256
Fixed-speed baseline,Advanced,High,Reduced,1.9924858845171274,2,18.038752040835693,19.42527123610497
Fixed-speed baseline,Advanced,High,Reduced,1.9924858845171274,3,17.299631367075477,25.136471502166696
Fixed-speed baseline,Advanced,High,Reduced,1.9924858845171274,4,16.221968687817096,19.61070970346011
Fixed-speed baseline,Advanced,High,Reduced,1.9924858845171274,5,16.86459567259748,24.879295104967362
Fixed-speed baseline,Advanced,High,Reduced,1.9924858845171274,6,17.796567149462078,18.661061162962184
Fixed-speed baseline,Advanced,High,Reduced,1.9924858845171274,7,15.538187935359462,26.100994192203483
Fixed-speed baseline,Advanced,High,Reduced,1.9924858845171274,8,18.554112698559408,22.361294802785086
Fixed-speed baseline,Advanced,High,Reduced,1.9924858845171274,9,21.38496066848115,18.839058628786365
Fixed-speed baseline,Advanced,High,Reduced,1.9924858845171274,10,15.728009696602081,22.948695815443564
Fixed-speed baseline,Advanced,High,Normal,1.9,1,17.62946358285894,24.930114167035875
Fixed-speed baseline,Advanced,High,Normal,1.9,2,17.979876508004903,26.738247822256152
Fixed-speed baseline,Advanced,High,Normal,1.9,3,21.45245206062056,22.72103238550649
Fixed-speed baseline,Advanced,High,Normal,1.9,4,13.509032797858495,22.99333022360943
Fixed-speed baseline,Advanced,High,Normal,1.9,5,17.323232372146027,20.89446558528084
Fixed-speed baseline,Advanced,High,Normal,1.9,6,17.583422528715815,27.62940247556919
Fixed-speed baseline,Advanced,High,Normal,1.9,7,18.97823355264835,19.61411999620355
Fixed-speed baseline,Advanced,High,Normal,1.9,8,15.134819500399614,21.60109188455937
Fixed-speed baseline,Advanced,High,Normal,1.9,9,18.56772187358543,26.211768645945433
Fixed-speed baseline,Advanced,High,Normal,1.9,10,17.37288103434189,20.90568842982239
Fixed-speed baseline,Advanced,High,Elevated,2.1470910553583886,1,17.69485088162383,18.028850196247795
Fixed-speed baseline,Advanced,High,Elevated,2.1470910553583886,2,20.605295056090547,23.169982229922173
Fixed-speed baseline,Advanced,High,Elevated,2.1470910553583886,3,18.201286304686025,23.938301238503943
Fixed-speed baseline,Advanced,High,Elevated,2.1470910553583886,4,14.905667075308147,26.830101397091497
Fixed-speed baseline,Advanced,High,Elevated,2.1470910553583886,5,19.807703998937072,25.791620747187352
Fixed-speed baseline,Advanced,High,Elevated,2.1470910553583886,6,13.248811696085733,25.56412894926399
Fixed-speed baseline,Advanced,High,Elevated,2.1470910553583886,7,13.9077250809966,23.996382191187415
Fixed-speed baseline,Advanced,High,Elevated,2.1470910553583886,8,17.480376457953103,25.27567849064021
Fixed-speed baseline,Advanced,High,Elevated,2.1470910553583886,9,15.874113663212613,23.915181221752505
Fixed-speed baseline,Advanced,High,Elevated,2.1470910553583886,10,17.777620733973336,17.832072756558976
Fixed-speed baseline,Advanced,High,High,2.831960451701259,1,17.901091245325087,23.519666315303045
Fixed-speed baseline,Advanced,High,High,2.831960451701259,2,19.571091663456592,21.912364058924943
Fixed-speed baseline,Advanced,High,High,2.831960451701259,3,26.16060993180049,23.52891336699749
Fixed-speed baseline,Advanced,High,High,2.831960451701259,4,24.635527903298442,26.116581310692965
Fixed-speed baseline,Advanced,High,High,2.831960451701259,5,20.028760559766415,25.335769129496917
Fixed-speed baseline,Advanced,High,High,2.831960451701259,6,22.905999447278166,31.828306570871582
Fixed-speed baseline,Advanced,High,High,2.831960451701259,7,20.658396671652596,30.20289743357191
Fixed-speed baseline,Advanced,High,High,2.831960451701259,8,21.31510653364026,22.6002070189082
Fixed-speed baseline,Advanced,High,High,2.831960451701259,9,22.12134409394349,27.60629303850127
Fixed-speed baseline,Advanced,High,High,2.831960451701259,10,23.12348242828616,21.33525003319261
